K8S-00001 | prod-api | 3 | 42.5 | 1200 | CLUSTER_HEALTH_NOMINAL | RETAIN_CURRENT_POD_REPLICA_COUNT | 200
K8S-00002 | data-pipeline | 5 | 94.1 | 12000 | RESOURCE_SATURATION_WARNING | TRIGGER_DYNAMIC_HORIZONTAL_POD_AUTOSCALING | 202
K8S-00003 | data-pipeline | 5 | 94.1 | 12000 | RESOURCE_SATURATION_WARNING | TRIGGER_DYNAMIC_HORIZONTAL_POD_AUTOSCALING | 202
K8S-00004 | auth-service | 2 | 15.2 | 350 | CLUSTER_HEALTH_NOMINAL | RETAIN_CURRENT_POD_REPLICA_COUNT | 200
K8S-00005 | auth-service | 2 | 15.2 | 350 | CLUSTER_HEALTH_NOMINAL | RETAIN_CURRENT_POD_REPLICA_COUNT | 200
K8S-00006 | auth-service | 2 | 15.2 | 350 | CLUSTER_HEALTH_NOMINAL | RETAIN_CURRENT_POD_REPLICA_COUNT | 200
K8S-00007 | prod-api | 3 | 89.8 | 8500 | RESOURCE_SATURATION_WARNING | TRIGGER_DYNAMIC_HORIZONTAL_POD_AUTOSCALING | 202
K8S-00008 | prod-api | 3 | 89.8 | 8500 | RESOURCE_SATURATION_WARNING | TRIGGER_DYNAMIC_HORIZONTAL_POD_AUTOSCALING | 202
K8S-00009 | auth-service | 2 | 15.2 | 350 | CLUSTER_HEALTH_NOMINAL | RETAIN_CURRENT_POD_REPLICA_COUNT | 200
K8S-00010 | prod-api | 3 | 89.8 | 8500 | RESOURCE_SATURATION_WARNING | TRIGGER_DYNAMIC_HORIZONTAL_POD_AUTOSCALING | 202
K8S-00011 | data-pipeline | 5 | 94.1 | 12000 | RESOURCE_SATURATION_WARNING | TRIGGER_DYNAMIC_HORIZONTAL_POD_AUTOSCALING | 202
K8S-00012 | data-pipeline | 5 | 94.1 | 12000 | RESOURCE_SATURATION_WARNING | TRIGGER_DYNAMIC_HORIZONTAL_POD_AUTOSCALING | 202
K8S-00013 | data-pipeline | 5 | 94.1 | 12000 | RESOURCE_SATURATION_WARNING | TRIGGER_DYNAMIC_HORIZONTAL_POD_AUTOSCALING | 202
K8S-00014 | data-pipeline | 5 | 94.1 | 12000 | RESOURCE_SATURATION_WARNING | TRIGGER_DYNAMIC_HORIZONTAL_POD_AUTOSCALING | 202
K8S-00015 | prod-api | 3 | 42.5 | 1200 | CLUSTER_HEALTH_NOMINAL | RETAIN_CURRENT_POD_REPLICA_COUNT | 200
K8S-00016 | prod-api | 3 | 89.8 | 8500 | RESOURCE_SATURATION_WARNING | TRIGGER_DYNAMIC_HORIZONTAL_POD_AUTOSCALING | 202
K8S-00017 | prod-api | 3 | 42.5 | 1200 | CLUSTER_HEALTH_NOMINAL | RETAIN_CURRENT_POD_REPLICA_COUNT | 200
K8S-00018 | auth-service | 2 | 15.2 | 350 | CLUSTER_HEALTH_NOMINAL | RETAIN_CURRENT_POD_REPLICA_COUNT | 200
K8S-00019 | prod-api | 3 | 42.5 | 1200 | CLUSTER_HEALTH_NOMINAL | RETAIN_CURRENT_POD_REPLICA_COUNT | 200
K8S-00020 | prod-api | 3 | 89.8 | 8500 | RESOURCE_SATURATION_WARNING | TRIGGER_DYNAMIC_HORIZONTAL_POD_AUTOSCALING | 202
K8S-00021 | auth-service | 2 | 15.2 | 350 | CLUSTER_HEALTH_NOMINAL | RETAIN_CURRENT_POD_REPLICA_COUNT | 200
K8S-00022 | auth-service | 2 | 15.2 | 350 | CLUSTER_HEALTH_NOMINAL | RETAIN_CURRENT_POD_REPLICA_COUNT | 200
K8S-00023 | prod-api | 3 | 42.5 | 1200 | CLUSTER_HEALTH_NOMINAL | RETAIN_CURRENT_POD_REPLICA_COUNT | 200
K8S-00024 | prod-api | 3 | 42.5 | 1200 | CLUSTER_HEALTH_NOMINAL | RETAIN_CURRENT_POD_REPLICA_COUNT | 200
K8S-00025 | auth-service | 2 | 15.2 | 350 | CLUSTER_HEALTH_NOMINAL | RETAIN_CURRENT_POD_REPLICA_COUNT | 200
K8S-00026 | data-pipeline | 5 | 94.1 | 12000 | RESOURCE_SATURATION_WARNING | TRIGGER_DYNAMIC_HORIZONTAL_POD_AUTOSCALING | 202
K8S-00027 | prod-api | 3 | 42.5 | 1200 | CLUSTER_HEALTH_NOMINAL | RETAIN_CURRENT_POD_REPLICA_COUNT | 200
K8S-00028 | data-pipeline | 5 | 94.1 | 12000 | RESOURCE_SATURATION_WARNING | TRIGGER_DYNAMIC_HORIZONTAL_POD_AUTOSCALING | 202
K8S-00029 | prod-api | 3 | 42.5 | 1200 | CLUSTER_HEALTH_NOMINAL | RETAIN_CURRENT_POD_REPLICA_COUNT | 200
K8S-00030 | auth-service | 2 | 15.2 | 350 | CLUSTER_HEALTH_NOMINAL | RETAIN_CURRENT_POD_REPLICA_COUNT | 200
K8S-00031 | prod-api | 3 | 42.5 | 1200 | CLUSTER_HEALTH_NOMINAL | RETAIN_CURRENT_POD_REPLICA_COUNT | 200
K8S-00032 | auth-service | 2 | 15.2 | 350 | CLUSTER_HEALTH_NOMINAL | RETAIN_CURRENT_POD_REPLICA_COUNT | 200
K8S-00033 | prod-api | 3 | 89.8 | 8500 | RESOURCE_SATURATION_WARNING | TRIGGER_DYNAMIC_HORIZONTAL_POD_AUTOSCALING | 202
K8S-00034 | auth-service | 2 | 15.2 | 350 | CLUSTER_HEALTH_NOMINAL | RETAIN_CURRENT_POD_REPLICA_COUNT | 200
K8S-00035 | data-pipeline | 5 | 94.1 | 12000 | RESOURCE_SATURATION_WARNING | TRIGGER_DYNAMIC_HORIZONTAL_POD_AUTOSCALING | 202
K8S-00036 | data-pipeline | 5 | 94.1 | 12000 | RESOURCE_SATURATION_WARNING | TRIGGER_DYNAMIC_HORIZONTAL_POD_AUTOSCALING | 202
K8S-00037 | auth-service | 2 | 15.2 | 350 | CLUSTER_HEALTH_NOMINAL | RETAIN_CURRENT_POD_REPLICA_COUNT | 200
K8S-00038 | data-pipeline | 5 | 94.1 | 12000 | RESOURCE_SATURATION_WARNING | TRIGGER_DYNAMIC_HORIZONTAL_POD_AUTOSCALING | 202
K8S-00039 | prod-api | 3 | 89.8 | 8500 | RESOURCE_SATURATION_WARNING | TRIGGER_DYNAMIC_HORIZONTAL_POD_AUTOSCALING | 202
K8S-00040 | data-pipeline | 5 | 94.1 | 12000 | RESOURCE_SATURATION_WARNING | TRIGGER_DYNAMIC_HORIZONTAL_POD_AUTOSCALING | 202
K8S-00041 | data-pipeline | 5 | 94.1 | 12000 | RESOURCE_SATURATION_WARNING | TRIGGER_DYNAMIC_HORIZONTAL_POD_AUTOSCALING | 202
K8S-00042 | data-pipeline | 5 | 94.1 | 12000 | RESOURCE_SATURATION_WARNING | TRIGGER_DYNAMIC_HORIZONTAL_POD_AUTOSCALING | 202
K8S-00043 | auth-service | 2 | 15.2 | 350 | CLUSTER_HEALTH_NOMINAL | RETAIN_CURRENT_POD_REPLICA_COUNT | 200
K8S-00044 | data-pipeline | 5 | 94.1 | 12000 | RESOURCE_SATURATION_WARNING | TRIGGER_DYNAMIC_HORIZONTAL_POD_AUTOSCALING | 202
K8S-00045 | prod-api | 3 | 42.5 | 1200 | CLUSTER_HEALTH_NOMINAL | RETAIN_CURRENT_POD_REPLICA_COUNT | 200
K8S-00046 | prod-api | 3 | 42.5 | 1200 | CLUSTER_HEALTH_NOMINAL | RETAIN_CURRENT_POD_REPLICA_COUNT | 200
K8S-00047 | prod-api | 3 | 89.8 | 8500 | RESOURCE_SATURATION_WARNING | TRIGGER_DYNAMIC_HORIZONTAL_POD_AUTOSCALING | 202
K8S-00048 | auth-service | 2 | 15.2 | 350 | CLUSTER_HEALTH_NOMINAL | RETAIN_CURRENT_POD_REPLICA_COUNT | 200
K8S-00049 | auth-service | 2 | 15.2 | 350 | CLUSTER_HEALTH_NOMINAL | RETAIN_CURRENT_POD_REPLICA_COUNT | 200
K8S-00050 | data-pipeline | 5 | 94.1 | 12000 | RESOURCE_SATURATION_WARNING | TRIGGER_DYNAMIC_HORIZONTAL_POD_AUTOSCALING | 202
K8S-00051 | prod-api | 3 | 42.5 | 1200 | CLUSTER_HEALTH_NOMINAL | RETAIN_CURRENT_POD_REPLICA_COUNT | 200
K8S-00052 | prod-api | 3 | 89.8 | 8500 | RESOURCE_SATURATION_WARNING | TRIGGER_DYNAMIC_HORIZONTAL_POD_AUTOSCALING | 202
K8S-00053 | prod-api | 3 | 42.5 | 1200 | CLUSTER_HEALTH_NOMINAL | RETAIN_CURRENT_POD_REPLICA_COUNT | 200
K8S-00054 | auth-service | 2 | 15.2 | 350 | CLUSTER_HEALTH_NOMINAL | RETAIN_CURRENT_POD_REPLICA_COUNT | 200
K8S-00055 | prod-api | 3 | 42.5 | 1200 | CLUSTER_HEALTH_NOMINAL | RETAIN_CURRENT_POD_REPLICA_COUNT | 200
K8S-00056 | auth-service | 2 | 15.2 | 350 | CLUSTER_HEALTH_NOMINAL | RETAIN_CURRENT_POD_REPLICA_COUNT | 200
K8S-00057 | auth-service | 2 | 15.2 | 350 | CLUSTER_HEALTH_NOMINAL | RETAIN_CURRENT_POD_REPLICA_COUNT | 200
K8S-00058 | prod-api | 3 | 42.5 | 1200 | CLUSTER_HEALTH_NOMINAL | RETAIN_CURRENT_POD_REPLICA_COUNT | 200
K8S-00059 | data-pipeline | 5 | 94.1 | 12000 | RESOURCE_SATURATION_WARNING | TRIGGER_DYNAMIC_HORIZONTAL_POD_AUTOSCALING | 202
K8S-00060 | prod-api | 3 | 42.5 | 1200 | CLUSTER_HEALTH_NOMINAL | RETAIN_CURRENT_POD_REPLICA_COUNT | 200
K8S-00061 | prod-api | 3 | 42.5 | 1200 | CLUSTER_HEALTH_NOMINAL | RETAIN_CURRENT_POD_REPLICA_COUNT | 200
K8S-00062 | prod-api | 3 | 89.8 | 8500 | RESOURCE_SATURATION_WARNING | TRIGGER_DYNAMIC_HORIZONTAL_POD_AUTOSCALING | 202
K8S-00063 | data-pipeline | 5 | 94.1 | 12000 | RESOURCE_SATURATION_WARNING | TRIGGER_DYNAMIC_HORIZONTAL_POD_AUTOSCALING | 202
K8S-00064 | auth-service | 2 | 15.2 | 350 | CLUSTER_HEALTH_NOMINAL | RETAIN_CURRENT_POD_REPLICA_COUNT | 200
K8S-00065 | prod-api | 3 | 42.5 | 1200 | CLUSTER_HEALTH_NOMINAL | RETAIN_CURRENT_POD_REPLICA_COUNT | 200
K8S-00066 | prod-api | 3 | 42.5 | 1200 | CLUSTER_HEALTH_NOMINAL | RETAIN_CURRENT_POD_REPLICA_COUNT | 200
K8S-00067 | prod-api | 3 | 42.5 | 1200 | CLUSTER_HEALTH_NOMINAL | RETAIN_CURRENT_POD_REPLICA_COUNT | 200
K8S-00068 | auth-service | 2 | 15.2 | 350 | CLUSTER_HEALTH_NOMINAL | RETAIN_CURRENT_POD_REPLICA_COUNT | 200
K8S-00069 | data-pipeline | 5 | 94.1 | 12000 | RESOURCE_SATURATION_WARNING | TRIGGER_DYNAMIC_HORIZONTAL_POD_AUTOSCALING | 202
K8S-00070 | data-pipeline | 5 | 94.1 | 12000 | RESOURCE_SATURATION_WARNING | TRIGGER_DYNAMIC_HORIZONTAL_POD_AUTOSCALING | 202
K8S-00071 | prod-api | 3 | 42.5 | 1200 | CLUSTER_HEALTH_NOMINAL | RETAIN_CURRENT_POD_REPLICA_COUNT | 200
K8S-00072 | prod-api | 3 | 89.8 | 8500 | RESOURCE_SATURATION_WARNING | TRIGGER_DYNAMIC_HORIZONTAL_POD_AUTOSCALING | 202
K8S-00073 | auth-service | 2 | 15.2 | 350 | CLUSTER_HEALTH_NOMINAL | RETAIN_CURRENT_POD_REPLICA_COUNT | 200
K8S-00074 | data-pipeline | 5 | 94.1 | 12000 | RESOURCE_SATURATION_WARNING | TRIGGER_DYNAMIC_HORIZONTAL_POD_AUTOSCALING | 202
K8S-00075 | prod-api | 3 | 42.5 | 1200 | CLUSTER_HEALTH_NOMINAL | RETAIN_CURRENT_POD_REPLICA_COUNT | 200
K8S-00076 | prod-api | 3 | 89.8 | 8500 | RESOURCE_SATURATION_WARNING | TRIGGER_DYNAMIC_HORIZONTAL_POD_AUTOSCALING | 202
K8S-00077 | prod-api | 3 | 42.5 | 1200 | CLUSTER_HEALTH_NOMINAL | RETAIN_CURRENT_POD_REPLICA_COUNT | 200
K8S-00078 | data-pipeline | 5 | 94.1 | 12000 | RESOURCE_SATURATION_WARNING | TRIGGER_DYNAMIC_HORIZONTAL_POD_AUTOSCALING | 202
K8S-00079 | auth-service | 2 | 15.2 | 350 | CLUSTER_HEALTH_NOMINAL | RETAIN_CURRENT_POD_REPLICA_COUNT | 200
K8S-00080 | prod-api | 3 | 42.5 | 1200 | CLUSTER_HEALTH_NOMINAL | RETAIN_CURRENT_POD_REPLICA_COUNT | 200
K8S-00081 | data-pipeline | 5 | 94.1 | 12000 | RESOURCE_SATURATION_WARNING | TRIGGER_DYNAMIC_HORIZONTAL_POD_AUTOSCALING | 202
K8S-00082 | prod-api | 3 | 89.8 | 8500 | RESOURCE_SATURATION_WARNING | TRIGGER_DYNAMIC_HORIZONTAL_POD_AUTOSCALING | 202
K8S-00083 | prod-api | 3 | 42.5 | 1200 | CLUSTER_HEALTH_NOMINAL | RETAIN_CURRENT_POD_REPLICA_COUNT | 200
K8S-00084 | prod-api | 3 | 42.5 | 1200 | CLUSTER_HEALTH_NOMINAL | RETAIN_CURRENT_POD_REPLICA_COUNT | 200
K8S-00085 | data-pipeline | 5 | 94.1 | 12000 | RESOURCE_SATURATION_WARNING | TRIGGER_DYNAMIC_HORIZONTAL_POD_AUTOSCALING | 202
K8S-00086 | prod-api | 3 | 42.5 | 1200 | CLUSTER_HEALTH_NOMINAL | RETAIN_CURRENT_POD_REPLICA_COUNT | 200
K8S-00087 | prod-api | 3 | 89.8 | 8500 | RESOURCE_SATURATION_WARNING | TRIGGER_DYNAMIC_HORIZONTAL_POD_AUTOSCALING | 202
K8S-00088 | prod-api | 3 | 42.5 | 1200 | CLUSTER_HEALTH_NOMINAL | RETAIN_CURRENT_POD_REPLICA_COUNT | 200
K8S-00089 | auth-service | 2 | 15.2 | 350 | CLUSTER_HEALTH_NOMINAL | RETAIN_CURRENT_POD_REPLICA_COUNT | 200
K8S-00090 | prod-api | 3 | 42.5 | 1200 | CLUSTER_HEALTH_NOMINAL | RETAIN_CURRENT_POD_REPLICA_COUNT | 200
K8S-00091 | prod-api | 3 | 42.5 | 1200 | CLUSTER_HEALTH_NOMINAL | RETAIN_CURRENT_POD_REPLICA_COUNT | 200
K8S-00092 | auth-service | 2 | 15.2 | 350 | CLUSTER_HEALTH_NOMINAL | RETAIN_CURRENT_POD_REPLICA_COUNT | 200
K8S-00093 | auth-service | 2 | 15.2 | 350 | CLUSTER_HEALTH_NOMINAL | RETAIN_CURRENT_POD_REPLICA_COUNT | 200
K8S-00094 | prod-api | 3 | 89.8 | 8500 | RESOURCE_SATURATION_WARNING | TRIGGER_DYNAMIC_HORIZONTAL_POD_AUTOSCALING | 202
K8S-00095 | data-pipeline | 5 | 94.1 | 12000 | RESOURCE_SATURATION_WARNING | TRIGGER_DYNAMIC_HORIZONTAL_POD_AUTOSCALING | 202
K8S-00096 | prod-api | 3 | 42.5 | 1200 | CLUSTER_HEALTH_NOMINAL | RETAIN_CURRENT_POD_REPLICA_COUNT | 200
K8S-00097 | prod-api | 3 | 42.5 | 1200 | CLUSTER_HEALTH_NOMINAL | RETAIN_CURRENT_POD_REPLICA_COUNT | 200
K8S-00098 | data-pipeline | 5 | 94.1 | 12000 | RESOURCE_SATURATION_WARNING | TRIGGER_DYNAMIC_HORIZONTAL_POD_AUTOSCALING | 202
K8S-00099 | data-pipeline | 5 | 94.1 | 12000 | RESOURCE_SATURATION_WARNING | TRIGGER_DYNAMIC_HORIZONTAL_POD_AUTOSCALING | 202
K8S-00100 | auth-service | 2 | 15.2 | 350 | CLUSTER_HEALTH_NOMINAL | RETAIN_CURRENT_POD_REPLICA_COUNT | 200
K8S-00101 | prod-api | 3 | 42.5 | 1200 | CLUSTER_HEALTH_NOMINAL | RETAIN_CURRENT_POD_REPLICA_COUNT | 200
K8S-00102 | data-pipeline | 5 | 94.1 | 12000 | RESOURCE_SATURATION_WARNING | TRIGGER_DYNAMIC_HORIZONTAL_POD_AUTOSCALING | 202
K8S-00103 | data-pipeline | 5 | 94.1 | 12000 | RESOURCE_SATURATION_WARNING | TRIGGER_DYNAMIC_HORIZONTAL_POD_AUTOSCALING | 202
K8S-00104 | prod-api | 3 | 42.5 | 1200 | CLUSTER_HEALTH_NOMINAL | RETAIN_CURRENT_POD_REPLICA_COUNT | 200
K8S-00105 | auth-service | 2 | 15.2 | 350 | CLUSTER_HEALTH_NOMINAL | RETAIN_CURRENT_POD_REPLICA_COUNT | 200
K8S-00106 | prod-api | 3 | 89.8 | 8500 | RESOURCE_SATURATION_WARNING | TRIGGER_DYNAMIC_HORIZONTAL_POD_AUTOSCALING | 202
K8S-00107 | prod-api | 3 | 42.5 | 1200 | CLUSTER_HEALTH_NOMINAL | RETAIN_CURRENT_POD_REPLICA_COUNT | 200
K8S-00108 | data-pipeline | 5 | 94.1 | 12000 | RESOURCE_SATURATION_WARNING | TRIGGER_DYNAMIC_HORIZONTAL_POD_AUTOSCALING | 202
K8S-00109 | auth-service | 2 | 15.2 | 350 | CLUSTER_HEALTH_NOMINAL | RETAIN_CURRENT_POD_REPLICA_COUNT | 200
K8S-00110 | prod-api | 3 | 42.5 | 1200 | CLUSTER_HEALTH_NOMINAL | RETAIN_CURRENT_POD_REPLICA_COUNT | 200
K8S-00111 | auth-service | 2 | 15.2 | 350 | CLUSTER_HEALTH_NOMINAL | RETAIN_CURRENT_POD_REPLICA_COUNT | 200
K8S-00112 | data-pipeline | 5 | 94.1 | 12000 | RESOURCE_SATURATION_WARNING | TRIGGER_DYNAMIC_HORIZONTAL_POD_AUTOSCALING | 202
K8S-00113 | prod-api | 3 | 42.5 | 1200 | CLUSTER_HEALTH_NOMINAL | RETAIN_CURRENT_POD_REPLICA_COUNT | 200
K8S-00114 | prod-api | 3 | 89.8 | 8500 | RESOURCE_SATURATION_WARNING | TRIGGER_DYNAMIC_HORIZONTAL_POD_AUTOSCALING | 202
K8S-00115 | auth-service | 2 | 15.2 | 350 | CLUSTER_HEALTH_NOMINAL | RETAIN_CURRENT_POD_REPLICA_COUNT | 200
K8S-00116 | prod-api | 3 | 42.5 | 1200 | CLUSTER_HEALTH_NOMINAL | RETAIN_CURRENT_POD_REPLICA_COUNT | 200
K8S-00117 | data-pipeline | 5 | 94.1 | 12000 | RESOURCE_SATURATION_WARNING | TRIGGER_DYNAMIC_HORIZONTAL_POD_AUTOSCALING | 202
K8S-00118 | prod-api | 3 | 42.5 | 1200 | CLUSTER_HEALTH_NOMINAL | RETAIN_CURRENT_POD_REPLICA_COUNT | 200
K8S-00119 | auth-service | 2 | 15.2 | 350 | CLUSTER_HEALTH_NOMINAL | RETAIN_CURRENT_POD_REPLICA_COUNT | 200
K8S-00120 | data-pipeline | 5 | 94.1 | 12000 | RESOURCE_SATURATION_WARNING | TRIGGER_DYNAMIC_HORIZONTAL_POD_AUTOSCALING | 202
K8S-00121 | auth-service | 2 | 15.2 | 350 | CLUSTER_HEALTH_NOMINAL | RETAIN_CURRENT_POD_REPLICA_COUNT | 200
K8S-00122 | prod-api | 3 | 42.5 | 1200 | CLUSTER_HEALTH_NOMINAL | RETAIN_CURRENT_POD_REPLICA_COUNT | 200
K8S-00123 | prod-api | 3 | 89.8 | 8500 | RESOURCE_SATURATION_WARNING | TRIGGER_DYNAMIC_HORIZONTAL_POD_AUTOSCALING | 202
K8S-00124 | prod-api | 3 | 89.8 | 8500 | RESOURCE_SATURATION_WARNING | TRIGGER_DYNAMIC_HORIZONTAL_POD_AUTOSCALING | 202
K8S-00125 | auth-service | 2 | 15.2 | 350 | CLUSTER_HEALTH_NOMINAL | RETAIN_CURRENT_POD_REPLICA_COUNT | 200
K8S-00126 | data-pipeline | 5 | 94.1 | 12000 | RESOURCE_SATURATION_WARNING | TRIGGER_DYNAMIC_HORIZONTAL_POD_AUTOSCALING | 202
K8S-00127 | prod-api | 3 | 89.8 | 8500 | RESOURCE_SATURATION_WARNING | TRIGGER_DYNAMIC_HORIZONTAL_POD_AUTOSCALING | 202
K8S-00128 | prod-api | 3 | 42.5 | 1200 | CLUSTER_HEALTH_NOMINAL | RETAIN_CURRENT_POD_REPLICA_COUNT | 200
K8S-00129 | prod-api | 3 | 89.8 | 8500 | RESOURCE_SATURATION_WARNING | TRIGGER_DYNAMIC_HORIZONTAL_POD_AUTOSCALING | 202
K8S-00130 | data-pipeline | 5 | 94.1 | 12000 | RESOURCE_SATURATION_WARNING | TRIGGER_DYNAMIC_HORIZONTAL_POD_AUTOSCALING | 202
K8S-00131 | prod-api | 3 | 89.8 | 8500 | RESOURCE_SATURATION_WARNING | TRIGGER_DYNAMIC_HORIZONTAL_POD_AUTOSCALING | 202
K8S-00132 | prod-api | 3 | 89.8 | 8500 | RESOURCE_SATURATION_WARNING | TRIGGER_DYNAMIC_HORIZONTAL_POD_AUTOSCALING | 202
K8S-00133 | prod-api | 3 | 89.8 | 8500 | RESOURCE_SATURATION_WARNING | TRIGGER_DYNAMIC_HORIZONTAL_POD_AUTOSCALING | 202
K8S-00134 | auth-service | 2 | 15.2 | 350 | CLUSTER_HEALTH_NOMINAL | RETAIN_CURRENT_POD_REPLICA_COUNT | 200
K8S-00135 | prod-api | 3 | 89.8 | 8500 | RESOURCE_SATURATION_WARNING | TRIGGER_DYNAMIC_HORIZONTAL_POD_AUTOSCALING | 202
K8S-00136 | auth-service | 2 | 15.2 | 350 | CLUSTER_HEALTH_NOMINAL | RETAIN_CURRENT_POD_REPLICA_COUNT | 200
K8S-00137 | data-pipeline | 5 | 94.1 | 12000 | RESOURCE_SATURATION_WARNING | TRIGGER_DYNAMIC_HORIZONTAL_POD_AUTOSCALING | 202
K8S-00138 | prod-api | 3 | 89.8 | 8500 | RESOURCE_SATURATION_WARNING | TRIGGER_DYNAMIC_HORIZONTAL_POD_AUTOSCALING | 202
K8S-00139 | prod-api | 3 | 42.5 | 1200 | CLUSTER_HEALTH_NOMINAL | RETAIN_CURRENT_POD_REPLICA_COUNT | 200
K8S-00140 | prod-api | 3 | 89.8 | 8500 | RESOURCE_SATURATION_WARNING | TRIGGER_DYNAMIC_HORIZONTAL_POD_AUTOSCALING | 202
K8S-00141 | data-pipeline | 5 | 94.1 | 12000 | RESOURCE_SATURATION_WARNING | TRIGGER_DYNAMIC_HORIZONTAL_POD_AUTOSCALING | 202
K8S-00142 | prod-api | 3 | 89.8 | 8500 | RESOURCE_SATURATION_WARNING | TRIGGER_DYNAMIC_HORIZONTAL_POD_AUTOSCALING | 202
K8S-00143 | auth-service | 2 | 15.2 | 350 | CLUSTER_HEALTH_NOMINAL | RETAIN_CURRENT_POD_REPLICA_COUNT | 200
K8S-00144 | prod-api | 3 | 89.8 | 8500 | RESOURCE_SATURATION_WARNING | TRIGGER_DYNAMIC_HORIZONTAL_POD_AUTOSCALING | 202
K8S-00145 | prod-api | 3 | 42.5 | 1200 | CLUSTER_HEALTH_NOMINAL | RETAIN_CURRENT_POD_REPLICA_COUNT | 200
K8S-00146 | prod-api | 3 | 42.5 | 1200 | CLUSTER_HEALTH_NOMINAL | RETAIN_CURRENT_POD_REPLICA_COUNT | 200
K8S-00147 | prod-api | 3 | 89.8 | 8500 | RESOURCE_SATURATION_WARNING | TRIGGER_DYNAMIC_HORIZONTAL_POD_AUTOSCALING | 202
K8S-00148 | auth-service | 2 | 15.2 | 350 | CLUSTER_HEALTH_NOMINAL | RETAIN_CURRENT_POD_REPLICA_COUNT | 200
K8S-00149 | data-pipeline | 5 | 94.1 | 12000 | RESOURCE_SATURATION_WARNING | TRIGGER_DYNAMIC_HORIZONTAL_POD_AUTOSCALING | 202
K8S-00150 | prod-api | 3 | 42.5 | 1200 | CLUSTER_HEALTH_NOMINAL | RETAIN_CURRENT_POD_REPLICA_COUNT | 200
K8S-00151 | prod-api | 3 | 42.5 | 1200 | CLUSTER_HEALTH_NOMINAL | RETAIN_CURRENT_POD_REPLICA_COUNT | 200
K8S-00152 | data-pipeline | 5 | 94.1 | 12000 | RESOURCE_SATURATION_WARNING | TRIGGER_DYNAMIC_HORIZONTAL_POD_AUTOSCALING | 202
K8S-00153 | prod-api | 3 | 89.8 | 8500 | RESOURCE_SATURATION_WARNING | TRIGGER_DYNAMIC_HORIZONTAL_POD_AUTOSCALING | 202
K8S-00154 | prod-api | 3 | 42.5 | 1200 | CLUSTER_HEALTH_NOMINAL | RETAIN_CURRENT_POD_REPLICA_COUNT | 200
K8S-00155 | auth-service | 2 | 15.2 | 350 | CLUSTER_HEALTH_NOMINAL | RETAIN_CURRENT_POD_REPLICA_COUNT | 200
K8S-00156 | data-pipeline | 5 | 94.1 | 12000 | RESOURCE_SATURATION_WARNING | TRIGGER_DYNAMIC_HORIZONTAL_POD_AUTOSCALING | 202
K8S-00157 | prod-api | 3 | 89.8 | 8500 | RESOURCE_SATURATION_WARNING | TRIGGER_DYNAMIC_HORIZONTAL_POD_AUTOSCALING | 202
K8S-00158 | auth-service | 2 | 15.2 | 350 | CLUSTER_HEALTH_NOMINAL | RETAIN_CURRENT_POD_REPLICA_COUNT | 200
K8S-00159 | data-pipeline | 5 | 94.1 | 12000 | RESOURCE_SATURATION_WARNING | TRIGGER_DYNAMIC_HORIZONTAL_POD_AUTOSCALING | 202
K8S-00160 | prod-api | 3 | 89.8 | 8500 | RESOURCE_SATURATION_WARNING | TRIGGER_DYNAMIC_HORIZONTAL_POD_AUTOSCALING | 202
K8S-00161 | prod-api | 3 | 89.8 | 8500 | RESOURCE_SATURATION_WARNING | TRIGGER_DYNAMIC_HORIZONTAL_POD_AUTOSCALING | 202
K8S-00162 | auth-service | 2 | 15.2 | 350 | CLUSTER_HEALTH_NOMINAL | RETAIN_CURRENT_POD_REPLICA_COUNT | 200
K8S-00163 | auth-service | 2 | 15.2 | 350 | CLUSTER_HEALTH_NOMINAL | RETAIN_CURRENT_POD_REPLICA_COUNT | 200
K8S-00164 | prod-api | 3 | 89.8 | 8500 | RESOURCE_SATURATION_WARNING | TRIGGER_DYNAMIC_HORIZONTAL_POD_AUTOSCALING | 202
K8S-00165 | data-pipeline | 5 | 94.1 | 12000 | RESOURCE_SATURATION_WARNING | TRIGGER_DYNAMIC_HORIZONTAL_POD_AUTOSCALING | 202
K8S-00166 | data-pipeline | 5 | 94.1 | 12000 | RESOURCE_SATURATION_WARNING | TRIGGER_DYNAMIC_HORIZONTAL_POD_AUTOSCALING | 202
K8S-00167 | data-pipeline | 5 | 94.1 | 12000 | RESOURCE_SATURATION_WARNING | TRIGGER_DYNAMIC_HORIZONTAL_POD_AUTOSCALING | 202
K8S-00168 | auth-service | 2 | 15.2 | 350 | CLUSTER_HEALTH_NOMINAL | RETAIN_CURRENT_POD_REPLICA_COUNT | 200
K8S-00169 | prod-api | 3 | 89.8 | 8500 | RESOURCE_SATURATION_WARNING | TRIGGER_DYNAMIC_HORIZONTAL_POD_AUTOSCALING | 202
K8S-00170 | prod-api | 3 | 42.5 | 1200 | CLUSTER_HEALTH_NOMINAL | RETAIN_CURRENT_POD_REPLICA_COUNT | 200
K8S-00171 | data-pipeline | 5 | 94.1 | 12000 | RESOURCE_SATURATION_WARNING | TRIGGER_DYNAMIC_HORIZONTAL_POD_AUTOSCALING | 202
K8S-00172 | auth-service | 2 | 15.2 | 350 | CLUSTER_HEALTH_NOMINAL | RETAIN_CURRENT_POD_REPLICA_COUNT | 200
K8S-00173 | data-pipeline | 5 | 94.1 | 12000 | RESOURCE_SATURATION_WARNING | TRIGGER_DYNAMIC_HORIZONTAL_POD_AUTOSCALING | 202
K8S-00174 | data-pipeline | 5 | 94.1 | 12000 | RESOURCE_SATURATION_WARNING | TRIGGER_DYNAMIC_HORIZONTAL_POD_AUTOSCALING | 202
K8S-00175 | auth-service | 2 | 15.2 | 350 | CLUSTER_HEALTH_NOMINAL | RETAIN_CURRENT_POD_REPLICA_COUNT | 200
K8S-00176 | auth-service | 2 | 15.2 | 350 | CLUSTER_HEALTH_NOMINAL | RETAIN_CURRENT_POD_REPLICA_COUNT | 200
K8S-00177 | prod-api | 3 | 89.8 | 8500 | RESOURCE_SATURATION_WARNING | TRIGGER_DYNAMIC_HORIZONTAL_POD_AUTOSCALING | 202
K8S-00178 | prod-api | 3 | 42.5 | 1200 | CLUSTER_HEALTH_NOMINAL | RETAIN_CURRENT_POD_REPLICA_COUNT | 200
K8S-00179 | prod-api | 3 | 42.5 | 1200 | CLUSTER_HEALTH_NOMINAL | RETAIN_CURRENT_POD_REPLICA_COUNT | 200
K8S-00180 | auth-service | 2 | 15.2 | 350 | CLUSTER_HEALTH_NOMINAL | RETAIN_CURRENT_POD_REPLICA_COUNT | 200
K8S-00181 | data-pipeline | 5 | 94.1 | 12000 | RESOURCE_SATURATION_WARNING | TRIGGER_DYNAMIC_HORIZONTAL_POD_AUTOSCALING | 202
K8S-00182 | prod-api | 3 | 42.5 | 1200 | CLUSTER_HEALTH_NOMINAL | RETAIN_CURRENT_POD_REPLICA_COUNT | 200
K8S-00183 | prod-api | 3 | 42.5 | 1200 | CLUSTER_HEALTH_NOMINAL | RETAIN_CURRENT_POD_REPLICA_COUNT | 200
K8S-00184 | data-pipeline | 5 | 94.1 | 12000 | RESOURCE_SATURATION_WARNING | TRIGGER_DYNAMIC_HORIZONTAL_POD_AUTOSCALING | 202
K8S-00185 | prod-api | 3 | 42.5 | 1200 | CLUSTER_HEALTH_NOMINAL | RETAIN_CURRENT_POD_REPLICA_COUNT | 200
K8S-00186 | prod-api | 3 | 42.5 | 1200 | CLUSTER_HEALTH_NOMINAL | RETAIN_CURRENT_POD_REPLICA_COUNT | 200
K8S-00187 | prod-api | 3 | 89.8 | 8500 | RESOURCE_SATURATION_WARNING | TRIGGER_DYNAMIC_HORIZONTAL_POD_AUTOSCALING | 202
K8S-00188 | prod-api | 3 | 42.5 | 1200 | CLUSTER_HEALTH_NOMINAL | RETAIN_CURRENT_POD_REPLICA_COUNT | 200
K8S-00189 | prod-api | 3 | 42.5 | 1200 | CLUSTER_HEALTH_NOMINAL | RETAIN_CURRENT_POD_REPLICA_COUNT | 200
K8S-00190 | prod-api | 3 | 42.5 | 1200 | CLUSTER_HEALTH_NOMINAL | RETAIN_CURRENT_POD_REPLICA_COUNT | 200
K8S-00191 | prod-api | 3 | 89.8 | 8500 | RESOURCE_SATURATION_WARNING | TRIGGER_DYNAMIC_HORIZONTAL_POD_AUTOSCALING | 202
K8S-00192 | auth-service | 2 | 15.2 | 350 | CLUSTER_HEALTH_NOMINAL | RETAIN_CURRENT_POD_REPLICA_COUNT | 200
K8S-00193 | data-pipeline | 5 | 94.1 | 12000 | RESOURCE_SATURATION_WARNING | TRIGGER_DYNAMIC_HORIZONTAL_POD_AUTOSCALING | 202
K8S-00194 | prod-api | 3 | 89.8 | 8500 | RESOURCE_SATURATION_WARNING | TRIGGER_DYNAMIC_HORIZONTAL_POD_AUTOSCALING | 202
K8S-00195 | auth-service | 2 | 15.2 | 350 | CLUSTER_HEALTH_NOMINAL | RETAIN_CURRENT_POD_REPLICA_COUNT | 200
K8S-00196 | data-pipeline | 5 | 94.1 | 12000 | RESOURCE_SATURATION_WARNING | TRIGGER_DYNAMIC_HORIZONTAL_POD_AUTOSCALING | 202
K8S-00197 | prod-api | 3 | 89.8 | 8500 | RESOURCE_SATURATION_WARNING | TRIGGER_DYNAMIC_HORIZONTAL_POD_AUTOSCALING | 202
K8S-00198 | prod-api | 3 | 42.5 | 1200 | CLUSTER_HEALTH_NOMINAL | RETAIN_CURRENT_POD_REPLICA_COUNT | 200
K8S-00199 | auth-service | 2 | 15.2 | 350 | CLUSTER_HEALTH_NOMINAL | RETAIN_CURRENT_POD_REPLICA_COUNT | 200
K8S-00200 | prod-api | 3 | 42.5 | 1200 | CLUSTER_HEALTH_NOMINAL | RETAIN_CURRENT_POD_REPLICA_COUNT | 200
K8S-00201 | data-pipeline | 5 | 94.1 | 12000 | RESOURCE_SATURATION_WARNING | TRIGGER_DYNAMIC_HORIZONTAL_POD_AUTOSCALING | 202
K8S-00202 | data-pipeline | 5 | 94.1 | 12000 | RESOURCE_SATURATION_WARNING | TRIGGER_DYNAMIC_HORIZONTAL_POD_AUTOSCALING | 202
K8S-00203 | auth-service | 2 | 15.2 | 350 | CLUSTER_HEALTH_NOMINAL | RETAIN_CURRENT_POD_REPLICA_COUNT | 200
K8S-00204 | prod-api | 3 | 89.8 | 8500 | RESOURCE_SATURATION_WARNING | TRIGGER_DYNAMIC_HORIZONTAL_POD_AUTOSCALING | 202
K8S-00205 | auth-service | 2 | 15.2 | 350 | CLUSTER_HEALTH_NOMINAL | RETAIN_CURRENT_POD_REPLICA_COUNT | 200
K8S-00206 | prod-api | 3 | 89.8 | 8500 | RESOURCE_SATURATION_WARNING | TRIGGER_DYNAMIC_HORIZONTAL_POD_AUTOSCALING | 202
K8S-00207 | data-pipeline | 5 | 94.1 | 12000 | RESOURCE_SATURATION_WARNING | TRIGGER_DYNAMIC_HORIZONTAL_POD_AUTOSCALING | 202
K8S-00208 | data-pipeline | 5 | 94.1 | 12000 | RESOURCE_SATURATION_WARNING | TRIGGER_DYNAMIC_HORIZONTAL_POD_AUTOSCALING | 202
K8S-00209 | data-pipeline | 5 | 94.1 | 12000 | RESOURCE_SATURATION_WARNING | TRIGGER_DYNAMIC_HORIZONTAL_POD_AUTOSCALING | 202
K8S-00210 | prod-api | 3 | 89.8 | 8500 | RESOURCE_SATURATION_WARNING | TRIGGER_DYNAMIC_HORIZONTAL_POD_AUTOSCALING | 202
K8S-00211 | prod-api | 3 | 89.8 | 8500 | RESOURCE_SATURATION_WARNING | TRIGGER_DYNAMIC_HORIZONTAL_POD_AUTOSCALING | 202
K8S-00212 | data-pipeline | 5 | 94.1 | 12000 | RESOURCE_SATURATION_WARNING | TRIGGER_DYNAMIC_HORIZONTAL_POD_AUTOSCALING | 202
K8S-00213 | data-pipeline | 5 | 94.1 | 12000 | RESOURCE_SATURATION_WARNING | TRIGGER_DYNAMIC_HORIZONTAL_POD_AUTOSCALING | 202
K8S-00214 | data-pipeline | 5 | 94.1 | 12000 | RESOURCE_SATURATION_WARNING | TRIGGER_DYNAMIC_HORIZONTAL_POD_AUTOSCALING | 202
K8S-00215 | prod-api | 3 | 42.5 | 1200 | CLUSTER_HEALTH_NOMINAL | RETAIN_CURRENT_POD_REPLICA_COUNT | 200
K8S-00216 | auth-service | 2 | 15.2 | 350 | CLUSTER_HEALTH_NOMINAL | RETAIN_CURRENT_POD_REPLICA_COUNT | 200
K8S-00217 | prod-api | 3 | 89.8 | 8500 | RESOURCE_SATURATION_WARNING | TRIGGER_DYNAMIC_HORIZONTAL_POD_AUTOSCALING | 202
K8S-00218 | prod-api | 3 | 89.8 | 8500 | RESOURCE_SATURATION_WARNING | TRIGGER_DYNAMIC_HORIZONTAL_POD_AUTOSCALING | 202
K8S-00219 | prod-api | 3 | 42.5 | 1200 | CLUSTER_HEALTH_NOMINAL | RETAIN_CURRENT_POD_REPLICA_COUNT | 200
K8S-00220 | data-pipeline | 5 | 94.1 | 12000 | RESOURCE_SATURATION_WARNING | TRIGGER_DYNAMIC_HORIZONTAL_POD_AUTOSCALING | 202
K8S-00221 | prod-api | 3 | 42.5 | 1200 | CLUSTER_HEALTH_NOMINAL | RETAIN_CURRENT_POD_REPLICA_COUNT | 200
K8S-00222 | data-pipeline | 5 | 94.1 | 12000 | RESOURCE_SATURATION_WARNING | TRIGGER_DYNAMIC_HORIZONTAL_POD_AUTOSCALING | 202
K8S-00223 | prod-api | 3 | 42.5 | 1200 | CLUSTER_HEALTH_NOMINAL | RETAIN_CURRENT_POD_REPLICA_COUNT | 200
K8S-00224 | prod-api | 3 | 42.5 | 1200 | CLUSTER_HEALTH_NOMINAL | RETAIN_CURRENT_POD_REPLICA_COUNT | 200
K8S-00225 | data-pipeline | 5 | 94.1 | 12000 | RESOURCE_SATURATION_WARNING | TRIGGER_DYNAMIC_HORIZONTAL_POD_AUTOSCALING | 202
K8S-00226 | prod-api | 3 | 42.5 | 1200 | CLUSTER_HEALTH_NOMINAL | RETAIN_CURRENT_POD_REPLICA_COUNT | 200
K8S-00227 | data-pipeline | 5 | 94.1 | 12000 | RESOURCE_SATURATION_WARNING | TRIGGER_DYNAMIC_HORIZONTAL_POD_AUTOSCALING | 202
K8S-00228 | prod-api | 3 | 42.5 | 1200 | CLUSTER_HEALTH_NOMINAL | RETAIN_CURRENT_POD_REPLICA_COUNT | 200
K8S-00229 | prod-api | 3 | 89.8 | 8500 | RESOURCE_SATURATION_WARNING | TRIGGER_DYNAMIC_HORIZONTAL_POD_AUTOSCALING | 202
K8S-00230 | prod-api | 3 | 42.5 | 1200 | CLUSTER_HEALTH_NOMINAL | RETAIN_CURRENT_POD_REPLICA_COUNT | 200
K8S-00231 | prod-api | 3 | 42.5 | 1200 | CLUSTER_HEALTH_NOMINAL | RETAIN_CURRENT_POD_REPLICA_COUNT | 200
K8S-00232 | auth-service | 2 | 15.2 | 350 | CLUSTER_HEALTH_NOMINAL | RETAIN_CURRENT_POD_REPLICA_COUNT | 200
K8S-00233 | data-pipeline | 5 | 94.1 | 12000 | RESOURCE_SATURATION_WARNING | TRIGGER_DYNAMIC_HORIZONTAL_POD_AUTOSCALING | 202
K8S-00234 | prod-api | 3 | 89.8 | 8500 | RESOURCE_SATURATION_WARNING | TRIGGER_DYNAMIC_HORIZONTAL_POD_AUTOSCALING | 202
K8S-00235 | data-pipeline | 5 | 94.1 | 12000 | RESOURCE_SATURATION_WARNING | TRIGGER_DYNAMIC_HORIZONTAL_POD_AUTOSCALING | 202
K8S-00236 | data-pipeline | 5 | 94.1 | 12000 | RESOURCE_SATURATION_WARNING | TRIGGER_DYNAMIC_HORIZONTAL_POD_AUTOSCALING | 202
K8S-00237 | prod-api | 3 | 42.5 | 1200 | CLUSTER_HEALTH_NOMINAL | RETAIN_CURRENT_POD_REPLICA_COUNT | 200
K8S-00238 | prod-api | 3 | 42.5 | 1200 | CLUSTER_HEALTH_NOMINAL | RETAIN_CURRENT_POD_REPLICA_COUNT | 200
K8S-00239 | prod-api | 3 | 89.8 | 8500 | RESOURCE_SATURATION_WARNING | TRIGGER_DYNAMIC_HORIZONTAL_POD_AUTOSCALING | 202
K8S-00240 | data-pipeline | 5 | 94.1 | 12000 | RESOURCE_SATURATION_WARNING | TRIGGER_DYNAMIC_HORIZONTAL_POD_AUTOSCALING | 202
K8S-00241 | prod-api | 3 | 89.8 | 8500 | RESOURCE_SATURATION_WARNING | TRIGGER_DYNAMIC_HORIZONTAL_POD_AUTOSCALING | 202
K8S-00242 | prod-api | 3 | 89.8 | 8500 | RESOURCE_SATURATION_WARNING | TRIGGER_DYNAMIC_HORIZONTAL_POD_AUTOSCALING | 202
K8S-00243 | auth-service | 2 | 15.2 | 350 | CLUSTER_HEALTH_NOMINAL | RETAIN_CURRENT_POD_REPLICA_COUNT | 200
K8S-00244 | prod-api | 3 | 42.5 | 1200 | CLUSTER_HEALTH_NOMINAL | RETAIN_CURRENT_POD_REPLICA_COUNT | 200
K8S-00245 | prod-api | 3 | 89.8 | 8500 | RESOURCE_SATURATION_WARNING | TRIGGER_DYNAMIC_HORIZONTAL_POD_AUTOSCALING | 202
K8S-00246 | auth-service | 2 | 15.2 | 350 | CLUSTER_HEALTH_NOMINAL | RETAIN_CURRENT_POD_REPLICA_COUNT | 200
K8S-00247 | data-pipeline | 5 | 94.1 | 12000 | RESOURCE_SATURATION_WARNING | TRIGGER_DYNAMIC_HORIZONTAL_POD_AUTOSCALING | 202
K8S-00248 | prod-api | 3 | 42.5 | 1200 | CLUSTER_HEALTH_NOMINAL | RETAIN_CURRENT_POD_REPLICA_COUNT | 200
K8S-00249 | prod-api | 3 | 42.5 | 1200 | CLUSTER_HEALTH_NOMINAL | RETAIN_CURRENT_POD_REPLICA_COUNT | 200
K8S-00250 | prod-api | 3 | 89.8 | 8500 | RESOURCE_SATURATION_WARNING | TRIGGER_DYNAMIC_HORIZONTAL_POD_AUTOSCALING | 202
K8S-00251 | auth-service | 2 | 15.2 | 350 | CLUSTER_HEALTH_NOMINAL | RETAIN_CURRENT_POD_REPLICA_COUNT | 200
K8S-00252 | prod-api | 3 | 42.5 | 1200 | CLUSTER_HEALTH_NOMINAL | RETAIN_CURRENT_POD_REPLICA_COUNT | 200
K8S-00253 | prod-api | 3 | 89.8 | 8500 | RESOURCE_SATURATION_WARNING | TRIGGER_DYNAMIC_HORIZONTAL_POD_AUTOSCALING | 202
K8S-00254 | prod-api | 3 | 89.8 | 8500 | RESOURCE_SATURATION_WARNING | TRIGGER_DYNAMIC_HORIZONTAL_POD_AUTOSCALING | 202
K8S-00255 | prod-api | 3 | 89.8 | 8500 | RESOURCE_SATURATION_WARNING | TRIGGER_DYNAMIC_HORIZONTAL_POD_AUTOSCALING | 202
K8S-00256 | auth-service | 2 | 15.2 | 350 | CLUSTER_HEALTH_NOMINAL | RETAIN_CURRENT_POD_REPLICA_COUNT | 200
K8S-00257 | prod-api | 3 | 42.5 | 1200 | CLUSTER_HEALTH_NOMINAL | RETAIN_CURRENT_POD_REPLICA_COUNT | 200
K8S-00258 | prod-api | 3 | 89.8 | 8500 | RESOURCE_SATURATION_WARNING | TRIGGER_DYNAMIC_HORIZONTAL_POD_AUTOSCALING | 202
K8S-00259 | data-pipeline | 5 | 94.1 | 12000 | RESOURCE_SATURATION_WARNING | TRIGGER_DYNAMIC_HORIZONTAL_POD_AUTOSCALING | 202
K8S-00260 | prod-api | 3 | 42.5 | 1200 | CLUSTER_HEALTH_NOMINAL | RETAIN_CURRENT_POD_REPLICA_COUNT | 200
K8S-00261 | prod-api | 3 | 42.5 | 1200 | CLUSTER_HEALTH_NOMINAL | RETAIN_CURRENT_POD_REPLICA_COUNT | 200
K8S-00262 | prod-api | 3 | 89.8 | 8500 | RESOURCE_SATURATION_WARNING | TRIGGER_DYNAMIC_HORIZONTAL_POD_AUTOSCALING | 202
K8S-00263 | auth-service | 2 | 15.2 | 350 | CLUSTER_HEALTH_NOMINAL | RETAIN_CURRENT_POD_REPLICA_COUNT | 200
K8S-00264 | prod-api | 3 | 42.5 | 1200 | CLUSTER_HEALTH_NOMINAL | RETAIN_CURRENT_POD_REPLICA_COUNT | 200
K8S-00265 | prod-api | 3 | 42.5 | 1200 | CLUSTER_HEALTH_NOMINAL | RETAIN_CURRENT_POD_REPLICA_COUNT | 200
K8S-00266 | auth-service | 2 | 15.2 | 350 | CLUSTER_HEALTH_NOMINAL | RETAIN_CURRENT_POD_REPLICA_COUNT | 200
K8S-00267 | data-pipeline | 5 | 94.1 | 12000 | RESOURCE_SATURATION_WARNING | TRIGGER_DYNAMIC_HORIZONTAL_POD_AUTOSCALING | 202
K8S-00268 | prod-api | 3 | 42.5 | 1200 | CLUSTER_HEALTH_NOMINAL | RETAIN_CURRENT_POD_REPLICA_COUNT | 200
K8S-00269 | prod-api | 3 | 42.5 | 1200 | CLUSTER_HEALTH_NOMINAL | RETAIN_CURRENT_POD_REPLICA_COUNT | 200
K8S-00270 | prod-api | 3 | 42.5 | 1200 | CLUSTER_HEALTH_NOMINAL | RETAIN_CURRENT_POD_REPLICA_COUNT | 200
K8S-00271 | auth-service | 2 | 15.2 | 350 | CLUSTER_HEALTH_NOMINAL | RETAIN_CURRENT_POD_REPLICA_COUNT | 200
K8S-00272 | prod-api | 3 | 89.8 | 8500 | RESOURCE_SATURATION_WARNING | TRIGGER_DYNAMIC_HORIZONTAL_POD_AUTOSCALING | 202
K8S-00273 | auth-service | 2 | 15.2 | 350 | CLUSTER_HEALTH_NOMINAL | RETAIN_CURRENT_POD_REPLICA_COUNT | 200
K8S-00274 | prod-api | 3 | 42.5 | 1200 | CLUSTER_HEALTH_NOMINAL | RETAIN_CURRENT_POD_REPLICA_COUNT | 200
K8S-00275 | auth-service | 2 | 15.2 | 350 | CLUSTER_HEALTH_NOMINAL | RETAIN_CURRENT_POD_REPLICA_COUNT | 200
K8S-00276 | data-pipeline | 5 | 94.1 | 12000 | RESOURCE_SATURATION_WARNING | TRIGGER_DYNAMIC_HORIZONTAL_POD_AUTOSCALING | 202
K8S-00277 | data-pipeline | 5 | 94.1 | 12000 | RESOURCE_SATURATION_WARNING | TRIGGER_DYNAMIC_HORIZONTAL_POD_AUTOSCALING | 202
K8S-00278 | prod-api | 3 | 42.5 | 1200 | CLUSTER_HEALTH_NOMINAL | RETAIN_CURRENT_POD_REPLICA_COUNT | 200
K8S-00279 | prod-api | 3 | 89.8 | 8500 | RESOURCE_SATURATION_WARNING | TRIGGER_DYNAMIC_HORIZONTAL_POD_AUTOSCALING | 202
K8S-00280 | data-pipeline | 5 | 94.1 | 12000 | RESOURCE_SATURATION_WARNING | TRIGGER_DYNAMIC_HORIZONTAL_POD_AUTOSCALING | 202
K8S-00281 | auth-service | 2 | 15.2 | 350 | CLUSTER_HEALTH_NOMINAL | RETAIN_CURRENT_POD_REPLICA_COUNT | 200
K8S-00282 | data-pipeline | 5 | 94.1 | 12000 | RESOURCE_SATURATION_WARNING | TRIGGER_DYNAMIC_HORIZONTAL_POD_AUTOSCALING | 202
K8S-00283 | prod-api | 3 | 89.8 | 8500 | RESOURCE_SATURATION_WARNING | TRIGGER_DYNAMIC_HORIZONTAL_POD_AUTOSCALING | 202
K8S-00284 | auth-service | 2 | 15.2 | 350 | CLUSTER_HEALTH_NOMINAL | RETAIN_CURRENT_POD_REPLICA_COUNT | 200
K8S-00285 | data-pipeline | 5 | 94.1 | 12000 | RESOURCE_SATURATION_WARNING | TRIGGER_DYNAMIC_HORIZONTAL_POD_AUTOSCALING | 202
K8S-00286 | auth-service | 2 | 15.2 | 350 | CLUSTER_HEALTH_NOMINAL | RETAIN_CURRENT_POD_REPLICA_COUNT | 200
K8S-00287 | auth-service | 2 | 15.2 | 350 | CLUSTER_HEALTH_NOMINAL | RETAIN_CURRENT_POD_REPLICA_COUNT | 200
K8S-00288 | prod-api | 3 | 89.8 | 8500 | RESOURCE_SATURATION_WARNING | TRIGGER_DYNAMIC_HORIZONTAL_POD_AUTOSCALING | 202
K8S-00289 | auth-service | 2 | 15.2 | 350 | CLUSTER_HEALTH_NOMINAL | RETAIN_CURRENT_POD_REPLICA_COUNT | 200
K8S-00290 | prod-api | 3 | 42.5 | 1200 | CLUSTER_HEALTH_NOMINAL | RETAIN_CURRENT_POD_REPLICA_COUNT | 200
K8S-00291 | data-pipeline | 5 | 94.1 | 12000 | RESOURCE_SATURATION_WARNING | TRIGGER_DYNAMIC_HORIZONTAL_POD_AUTOSCALING | 202
K8S-00292 | prod-api | 3 | 89.8 | 8500 | RESOURCE_SATURATION_WARNING | TRIGGER_DYNAMIC_HORIZONTAL_POD_AUTOSCALING | 202
K8S-00293 | auth-service | 2 | 15.2 | 350 | CLUSTER_HEALTH_NOMINAL | RETAIN_CURRENT_POD_REPLICA_COUNT | 200
K8S-00294 | data-pipeline | 5 | 94.1 | 12000 | RESOURCE_SATURATION_WARNING | TRIGGER_DYNAMIC_HORIZONTAL_POD_AUTOSCALING | 202
K8S-00295 | auth-service | 2 | 15.2 | 350 | CLUSTER_HEALTH_NOMINAL | RETAIN_CURRENT_POD_REPLICA_COUNT | 200
K8S-00296 | data-pipeline | 5 | 94.1 | 12000 | RESOURCE_SATURATION_WARNING | TRIGGER_DYNAMIC_HORIZONTAL_POD_AUTOSCALING | 202
K8S-00297 | prod-api | 3 | 89.8 | 8500 | RESOURCE_SATURATION_WARNING | TRIGGER_DYNAMIC_HORIZONTAL_POD_AUTOSCALING | 202
K8S-00298 | prod-api | 3 | 42.5 | 1200 | CLUSTER_HEALTH_NOMINAL | RETAIN_CURRENT_POD_REPLICA_COUNT | 200
K8S-00299 | data-pipeline | 5 | 94.1 | 12000 | RESOURCE_SATURATION_WARNING | TRIGGER_DYNAMIC_HORIZONTAL_POD_AUTOSCALING | 202
K8S-00300 | auth-service | 2 | 15.2 | 350 | CLUSTER_HEALTH_NOMINAL | RETAIN_CURRENT_POD_REPLICA_COUNT | 200
K8S-00301 | data-pipeline | 5 | 94.1 | 12000 | RESOURCE_SATURATION_WARNING | TRIGGER_DYNAMIC_HORIZONTAL_POD_AUTOSCALING | 202
K8S-00302 | prod-api | 3 | 89.8 | 8500 | RESOURCE_SATURATION_WARNING | TRIGGER_DYNAMIC_HORIZONTAL_POD_AUTOSCALING | 202
K8S-00303 | auth-service | 2 | 15.2 | 350 | CLUSTER_HEALTH_NOMINAL | RETAIN_CURRENT_POD_REPLICA_COUNT | 200
K8S-00304 | prod-api | 3 | 89.8 | 8500 | RESOURCE_SATURATION_WARNING | TRIGGER_DYNAMIC_HORIZONTAL_POD_AUTOSCALING | 202
K8S-00305 | prod-api | 3 | 89.8 | 8500 | RESOURCE_SATURATION_WARNING | TRIGGER_DYNAMIC_HORIZONTAL_POD_AUTOSCALING | 202
K8S-00306 | data-pipeline | 5 | 94.1 | 12000 | RESOURCE_SATURATION_WARNING | TRIGGER_DYNAMIC_HORIZONTAL_POD_AUTOSCALING | 202
K8S-00307 | prod-api | 3 | 42.5 | 1200 | CLUSTER_HEALTH_NOMINAL | RETAIN_CURRENT_POD_REPLICA_COUNT | 200
K8S-00308 | auth-service | 2 | 15.2 | 350 | CLUSTER_HEALTH_NOMINAL | RETAIN_CURRENT_POD_REPLICA_COUNT | 200
K8S-00309 | data-pipeline | 5 | 94.1 | 12000 | RESOURCE_SATURATION_WARNING | TRIGGER_DYNAMIC_HORIZONTAL_POD_AUTOSCALING | 202
K8S-00310 | prod-api | 3 | 89.8 | 8500 | RESOURCE_SATURATION_WARNING | TRIGGER_DYNAMIC_HORIZONTAL_POD_AUTOSCALING | 202
K8S-00311 | prod-api | 3 | 42.5 | 1200 | CLUSTER_HEALTH_NOMINAL | RETAIN_CURRENT_POD_REPLICA_COUNT | 200
K8S-00312 | prod-api | 3 | 89.8 | 8500 | RESOURCE_SATURATION_WARNING | TRIGGER_DYNAMIC_HORIZONTAL_POD_AUTOSCALING | 202
K8S-00313 | prod-api | 3 | 89.8 | 8500 | RESOURCE_SATURATION_WARNING | TRIGGER_DYNAMIC_HORIZONTAL_POD_AUTOSCALING | 202
K8S-00314 | prod-api | 3 | 89.8 | 8500 | RESOURCE_SATURATION_WARNING | TRIGGER_DYNAMIC_HORIZONTAL_POD_AUTOSCALING | 202
K8S-00315 | prod-api | 3 | 89.8 | 8500 | RESOURCE_SATURATION_WARNING | TRIGGER_DYNAMIC_HORIZONTAL_POD_AUTOSCALING | 202
K8S-00316 | prod-api | 3 | 42.5 | 1200 | CLUSTER_HEALTH_NOMINAL | RETAIN_CURRENT_POD_REPLICA_COUNT | 200
K8S-00317 | data-pipeline | 5 | 94.1 | 12000 | RESOURCE_SATURATION_WARNING | TRIGGER_DYNAMIC_HORIZONTAL_POD_AUTOSCALING | 202
K8S-00318 | auth-service | 2 | 15.2 | 350 | CLUSTER_HEALTH_NOMINAL | RETAIN_CURRENT_POD_REPLICA_COUNT | 200
K8S-00319 | data-pipeline | 5 | 94.1 | 12000 | RESOURCE_SATURATION_WARNING | TRIGGER_DYNAMIC_HORIZONTAL_POD_AUTOSCALING | 202
K8S-00320 | auth-service | 2 | 15.2 | 350 | CLUSTER_HEALTH_NOMINAL | RETAIN_CURRENT_POD_REPLICA_COUNT | 200
K8S-00321 | data-pipeline | 5 | 94.1 | 12000 | RESOURCE_SATURATION_WARNING | TRIGGER_DYNAMIC_HORIZONTAL_POD_AUTOSCALING | 202
K8S-00322 | prod-api | 3 | 42.5 | 1200 | CLUSTER_HEALTH_NOMINAL | RETAIN_CURRENT_POD_REPLICA_COUNT | 200
K8S-00323 | prod-api | 3 | 42.5 | 1200 | CLUSTER_HEALTH_NOMINAL | RETAIN_CURRENT_POD_REPLICA_COUNT | 200
K8S-00324 | prod-api | 3 | 42.5 | 1200 | CLUSTER_HEALTH_NOMINAL | RETAIN_CURRENT_POD_REPLICA_COUNT | 200
K8S-00325 | auth-service | 2 | 15.2 | 350 | CLUSTER_HEALTH_NOMINAL | RETAIN_CURRENT_POD_REPLICA_COUNT | 200
K8S-00326 | data-pipeline | 5 | 94.1 | 12000 | RESOURCE_SATURATION_WARNING | TRIGGER_DYNAMIC_HORIZONTAL_POD_AUTOSCALING | 202
K8S-00327 | prod-api | 3 | 42.5 | 1200 | CLUSTER_HEALTH_NOMINAL | RETAIN_CURRENT_POD_REPLICA_COUNT | 200
K8S-00328 | data-pipeline | 5 | 94.1 | 12000 | RESOURCE_SATURATION_WARNING | TRIGGER_DYNAMIC_HORIZONTAL_POD_AUTOSCALING | 202
K8S-00329 | auth-service | 2 | 15.2 | 350 | CLUSTER_HEALTH_NOMINAL | RETAIN_CURRENT_POD_REPLICA_COUNT | 200
K8S-00330 | prod-api | 3 | 89.8 | 8500 | RESOURCE_SATURATION_WARNING | TRIGGER_DYNAMIC_HORIZONTAL_POD_AUTOSCALING | 202
K8S-00331 | auth-service | 2 | 15.2 | 350 | CLUSTER_HEALTH_NOMINAL | RETAIN_CURRENT_POD_REPLICA_COUNT | 200
K8S-00332 | auth-service | 2 | 15.2 | 350 | CLUSTER_HEALTH_NOMINAL | RETAIN_CURRENT_POD_REPLICA_COUNT | 200
K8S-00333 | prod-api | 3 | 89.8 | 8500 | RESOURCE_SATURATION_WARNING | TRIGGER_DYNAMIC_HORIZONTAL_POD_AUTOSCALING | 202
K8S-00334 | prod-api | 3 | 42.5 | 1200 | CLUSTER_HEALTH_NOMINAL | RETAIN_CURRENT_POD_REPLICA_COUNT | 200
K8S-00335 | auth-service | 2 | 15.2 | 350 | CLUSTER_HEALTH_NOMINAL | RETAIN_CURRENT_POD_REPLICA_COUNT | 200
K8S-00336 | prod-api | 3 | 42.5 | 1200 | CLUSTER_HEALTH_NOMINAL | RETAIN_CURRENT_POD_REPLICA_COUNT | 200
K8S-00337 | data-pipeline | 5 | 94.1 | 12000 | RESOURCE_SATURATION_WARNING | TRIGGER_DYNAMIC_HORIZONTAL_POD_AUTOSCALING | 202
K8S-00338 | prod-api | 3 | 89.8 | 8500 | RESOURCE_SATURATION_WARNING | TRIGGER_DYNAMIC_HORIZONTAL_POD_AUTOSCALING | 202
K8S-00339 | prod-api | 3 | 42.5 | 1200 | CLUSTER_HEALTH_NOMINAL | RETAIN_CURRENT_POD_REPLICA_COUNT | 200
K8S-00340 | auth-service | 2 | 15.2 | 350 | CLUSTER_HEALTH_NOMINAL | RETAIN_CURRENT_POD_REPLICA_COUNT | 200
K8S-00341 | data-pipeline | 5 | 94.1 | 12000 | RESOURCE_SATURATION_WARNING | TRIGGER_DYNAMIC_HORIZONTAL_POD_AUTOSCALING | 202
K8S-00342 | auth-service | 2 | 15.2 | 350 | CLUSTER_HEALTH_NOMINAL | RETAIN_CURRENT_POD_REPLICA_COUNT | 200
K8S-00343 | prod-api | 3 | 42.5 | 1200 | CLUSTER_HEALTH_NOMINAL | RETAIN_CURRENT_POD_REPLICA_COUNT | 200
K8S-00344 | prod-api | 3 | 89.8 | 8500 | RESOURCE_SATURATION_WARNING | TRIGGER_DYNAMIC_HORIZONTAL_POD_AUTOSCALING | 202
K8S-00345 | data-pipeline | 5 | 94.1 | 12000 | RESOURCE_SATURATION_WARNING | TRIGGER_DYNAMIC_HORIZONTAL_POD_AUTOSCALING | 202
K8S-00346 | prod-api | 3 | 42.5 | 1200 | CLUSTER_HEALTH_NOMINAL | RETAIN_CURRENT_POD_REPLICA_COUNT | 200
K8S-00347 | prod-api | 3 | 89.8 | 8500 | RESOURCE_SATURATION_WARNING | TRIGGER_DYNAMIC_HORIZONTAL_POD_AUTOSCALING | 202
K8S-00348 | auth-service | 2 | 15.2 | 350 | CLUSTER_HEALTH_NOMINAL | RETAIN_CURRENT_POD_REPLICA_COUNT | 200
K8S-00349 | data-pipeline | 5 | 94.1 | 12000 | RESOURCE_SATURATION_WARNING | TRIGGER_DYNAMIC_HORIZONTAL_POD_AUTOSCALING | 202
K8S-00350 | data-pipeline | 5 | 94.1 | 12000 | RESOURCE_SATURATION_WARNING | TRIGGER_DYNAMIC_HORIZONTAL_POD_AUTOSCALING | 202
K8S-00351 | prod-api | 3 | 42.5 | 1200 | CLUSTER_HEALTH_NOMINAL | RETAIN_CURRENT_POD_REPLICA_COUNT | 200
K8S-00352 | auth-service | 2 | 15.2 | 350 | CLUSTER_HEALTH_NOMINAL | RETAIN_CURRENT_POD_REPLICA_COUNT | 200
K8S-00353 | auth-service | 2 | 15.2 | 350 | CLUSTER_HEALTH_NOMINAL | RETAIN_CURRENT_POD_REPLICA_COUNT | 200
K8S-00354 | data-pipeline | 5 | 94.1 | 12000 | RESOURCE_SATURATION_WARNING | TRIGGER_DYNAMIC_HORIZONTAL_POD_AUTOSCALING | 202
K8S-00355 | prod-api | 3 | 89.8 | 8500 | RESOURCE_SATURATION_WARNING | TRIGGER_DYNAMIC_HORIZONTAL_POD_AUTOSCALING | 202
K8S-00356 | prod-api | 3 | 42.5 | 1200 | CLUSTER_HEALTH_NOMINAL | RETAIN_CURRENT_POD_REPLICA_COUNT | 200
K8S-00357 | auth-service | 2 | 15.2 | 350 | CLUSTER_HEALTH_NOMINAL | RETAIN_CURRENT_POD_REPLICA_COUNT | 200
K8S-00358 | prod-api | 3 | 89.8 | 8500 | RESOURCE_SATURATION_WARNING | TRIGGER_DYNAMIC_HORIZONTAL_POD_AUTOSCALING | 202
K8S-00359 | data-pipeline | 5 | 94.1 | 12000 | RESOURCE_SATURATION_WARNING | TRIGGER_DYNAMIC_HORIZONTAL_POD_AUTOSCALING | 202
K8S-00360 | prod-api | 3 | 89.8 | 8500 | RESOURCE_SATURATION_WARNING | TRIGGER_DYNAMIC_HORIZONTAL_POD_AUTOSCALING | 202
K8S-00361 | data-pipeline | 5 | 94.1 | 12000 | RESOURCE_SATURATION_WARNING | TRIGGER_DYNAMIC_HORIZONTAL_POD_AUTOSCALING | 202
K8S-00362 | auth-service | 2 | 15.2 | 350 | CLUSTER_HEALTH_NOMINAL | RETAIN_CURRENT_POD_REPLICA_COUNT | 200
K8S-00363 | prod-api | 3 | 42.5 | 1200 | CLUSTER_HEALTH_NOMINAL | RETAIN_CURRENT_POD_REPLICA_COUNT | 200
K8S-00364 | prod-api | 3 | 42.5 | 1200 | CLUSTER_HEALTH_NOMINAL | RETAIN_CURRENT_POD_REPLICA_COUNT | 200
K8S-00365 | prod-api | 3 | 42.5 | 1200 | CLUSTER_HEALTH_NOMINAL | RETAIN_CURRENT_POD_REPLICA_COUNT | 200
K8S-00366 | prod-api | 3 | 42.5 | 1200 | CLUSTER_HEALTH_NOMINAL | RETAIN_CURRENT_POD_REPLICA_COUNT | 200
K8S-00367 | data-pipeline | 5 | 94.1 | 12000 | RESOURCE_SATURATION_WARNING | TRIGGER_DYNAMIC_HORIZONTAL_POD_AUTOSCALING | 202
K8S-00368 | prod-api | 3 | 89.8 | 8500 | RESOURCE_SATURATION_WARNING | TRIGGER_DYNAMIC_HORIZONTAL_POD_AUTOSCALING | 202
K8S-00369 | prod-api | 3 | 89.8 | 8500 | RESOURCE_SATURATION_WARNING | TRIGGER_DYNAMIC_HORIZONTAL_POD_AUTOSCALING | 202
K8S-00370 | data-pipeline | 5 | 94.1 | 12000 | RESOURCE_SATURATION_WARNING | TRIGGER_DYNAMIC_HORIZONTAL_POD_AUTOSCALING | 202
K8S-00371 | data-pipeline | 5 | 94.1 | 12000 | RESOURCE_SATURATION_WARNING | TRIGGER_DYNAMIC_HORIZONTAL_POD_AUTOSCALING | 202
K8S-00372 | auth-service | 2 | 15.2 | 350 | CLUSTER_HEALTH_NOMINAL | RETAIN_CURRENT_POD_REPLICA_COUNT | 200
K8S-00373 | auth-service | 2 | 15.2 | 350 | CLUSTER_HEALTH_NOMINAL | RETAIN_CURRENT_POD_REPLICA_COUNT | 200
K8S-00374 | auth-service | 2 | 15.2 | 350 | CLUSTER_HEALTH_NOMINAL | RETAIN_CURRENT_POD_REPLICA_COUNT | 200
K8S-00375 | data-pipeline | 5 | 94.1 | 12000 | RESOURCE_SATURATION_WARNING | TRIGGER_DYNAMIC_HORIZONTAL_POD_AUTOSCALING | 202
K8S-00376 | prod-api | 3 | 89.8 | 8500 | RESOURCE_SATURATION_WARNING | TRIGGER_DYNAMIC_HORIZONTAL_POD_AUTOSCALING | 202
K8S-00377 | prod-api | 3 | 89.8 | 8500 | RESOURCE_SATURATION_WARNING | TRIGGER_DYNAMIC_HORIZONTAL_POD_AUTOSCALING | 202
K8S-00378 | prod-api | 3 | 42.5 | 1200 | CLUSTER_HEALTH_NOMINAL | RETAIN_CURRENT_POD_REPLICA_COUNT | 200
K8S-00379 | data-pipeline | 5 | 94.1 | 12000 | RESOURCE_SATURATION_WARNING | TRIGGER_DYNAMIC_HORIZONTAL_POD_AUTOSCALING | 202
K8S-00380 | prod-api | 3 | 42.5 | 1200 | CLUSTER_HEALTH_NOMINAL | RETAIN_CURRENT_POD_REPLICA_COUNT | 200
K8S-00381 | prod-api | 3 | 42.5 | 1200 | CLUSTER_HEALTH_NOMINAL | RETAIN_CURRENT_POD_REPLICA_COUNT | 200
K8S-00382 | prod-api | 3 | 42.5 | 1200 | CLUSTER_HEALTH_NOMINAL | RETAIN_CURRENT_POD_REPLICA_COUNT | 200
K8S-00383 | prod-api | 3 | 89.8 | 8500 | RESOURCE_SATURATION_WARNING | TRIGGER_DYNAMIC_HORIZONTAL_POD_AUTOSCALING | 202
K8S-00384 | prod-api | 3 | 89.8 | 8500 | RESOURCE_SATURATION_WARNING | TRIGGER_DYNAMIC_HORIZONTAL_POD_AUTOSCALING | 202
K8S-00385 | prod-api | 3 | 42.5 | 1200 | CLUSTER_HEALTH_NOMINAL | RETAIN_CURRENT_POD_REPLICA_COUNT | 200
K8S-00386 | prod-api | 3 | 89.8 | 8500 | RESOURCE_SATURATION_WARNING | TRIGGER_DYNAMIC_HORIZONTAL_POD_AUTOSCALING | 202
K8S-00387 | auth-service | 2 | 15.2 | 350 | CLUSTER_HEALTH_NOMINAL | RETAIN_CURRENT_POD_REPLICA_COUNT | 200
K8S-00388 | data-pipeline | 5 | 94.1 | 12000 | RESOURCE_SATURATION_WARNING | TRIGGER_DYNAMIC_HORIZONTAL_POD_AUTOSCALING | 202
K8S-00389 | auth-service | 2 | 15.2 | 350 | CLUSTER_HEALTH_NOMINAL | RETAIN_CURRENT_POD_REPLICA_COUNT | 200
K8S-00390 | prod-api | 3 | 42.5 | 1200 | CLUSTER_HEALTH_NOMINAL | RETAIN_CURRENT_POD_REPLICA_COUNT | 200
K8S-00391 | auth-service | 2 | 15.2 | 350 | CLUSTER_HEALTH_NOMINAL | RETAIN_CURRENT_POD_REPLICA_COUNT | 200
K8S-00392 | prod-api | 3 | 89.8 | 8500 | RESOURCE_SATURATION_WARNING | TRIGGER_DYNAMIC_HORIZONTAL_POD_AUTOSCALING | 202
K8S-00393 | prod-api | 3 | 89.8 | 8500 | RESOURCE_SATURATION_WARNING | TRIGGER_DYNAMIC_HORIZONTAL_POD_AUTOSCALING | 202
K8S-00394 | data-pipeline | 5 | 94.1 | 12000 | RESOURCE_SATURATION_WARNING | TRIGGER_DYNAMIC_HORIZONTAL_POD_AUTOSCALING | 202
K8S-00395 | data-pipeline | 5 | 94.1 | 12000 | RESOURCE_SATURATION_WARNING | TRIGGER_DYNAMIC_HORIZONTAL_POD_AUTOSCALING | 202
K8S-00396 | data-pipeline | 5 | 94.1 | 12000 | RESOURCE_SATURATION_WARNING | TRIGGER_DYNAMIC_HORIZONTAL_POD_AUTOSCALING | 202
K8S-00397 | prod-api | 3 | 42.5 | 1200 | CLUSTER_HEALTH_NOMINAL | RETAIN_CURRENT_POD_REPLICA_COUNT | 200
K8S-00398 | prod-api | 3 | 42.5 | 1200 | CLUSTER_HEALTH_NOMINAL | RETAIN_CURRENT_POD_REPLICA_COUNT | 200
K8S-00399 | prod-api | 3 | 42.5 | 1200 | CLUSTER_HEALTH_NOMINAL | RETAIN_CURRENT_POD_REPLICA_COUNT | 200
K8S-00400 | prod-api | 3 | 42.5 | 1200 | CLUSTER_HEALTH_NOMINAL | RETAIN_CURRENT_POD_REPLICA_COUNT | 200
K8S-00401 | prod-api | 3 | 42.5 | 1200 | CLUSTER_HEALTH_NOMINAL | RETAIN_CURRENT_POD_REPLICA_COUNT | 200
K8S-00402 | prod-api | 3 | 89.8 | 8500 | RESOURCE_SATURATION_WARNING | TRIGGER_DYNAMIC_HORIZONTAL_POD_AUTOSCALING | 202
K8S-00403 | prod-api | 3 | 89.8 | 8500 | RESOURCE_SATURATION_WARNING | TRIGGER_DYNAMIC_HORIZONTAL_POD_AUTOSCALING | 202
K8S-00404 | auth-service | 2 | 15.2 | 350 | CLUSTER_HEALTH_NOMINAL | RETAIN_CURRENT_POD_REPLICA_COUNT | 200
K8S-00405 | prod-api | 3 | 42.5 | 1200 | CLUSTER_HEALTH_NOMINAL | RETAIN_CURRENT_POD_REPLICA_COUNT | 200
K8S-00406 | data-pipeline | 5 | 94.1 | 12000 | RESOURCE_SATURATION_WARNING | TRIGGER_DYNAMIC_HORIZONTAL_POD_AUTOSCALING | 202
K8S-00407 | data-pipeline | 5 | 94.1 | 12000 | RESOURCE_SATURATION_WARNING | TRIGGER_DYNAMIC_HORIZONTAL_POD_AUTOSCALING | 202
K8S-00408 | auth-service | 2 | 15.2 | 350 | CLUSTER_HEALTH_NOMINAL | RETAIN_CURRENT_POD_REPLICA_COUNT | 200
K8S-00409 | data-pipeline | 5 | 94.1 | 12000 | RESOURCE_SATURATION_WARNING | TRIGGER_DYNAMIC_HORIZONTAL_POD_AUTOSCALING | 202
K8S-00410 | auth-service | 2 | 15.2 | 350 | CLUSTER_HEALTH_NOMINAL | RETAIN_CURRENT_POD_REPLICA_COUNT | 200
K8S-00411 | auth-service | 2 | 15.2 | 350 | CLUSTER_HEALTH_NOMINAL | RETAIN_CURRENT_POD_REPLICA_COUNT | 200
K8S-00412 | data-pipeline | 5 | 94.1 | 12000 | RESOURCE_SATURATION_WARNING | TRIGGER_DYNAMIC_HORIZONTAL_POD_AUTOSCALING | 202
K8S-00413 | prod-api | 3 | 42.5 | 1200 | CLUSTER_HEALTH_NOMINAL | RETAIN_CURRENT_POD_REPLICA_COUNT | 200
K8S-00414 | data-pipeline | 5 | 94.1 | 12000 | RESOURCE_SATURATION_WARNING | TRIGGER_DYNAMIC_HORIZONTAL_POD_AUTOSCALING | 202
K8S-00415 | auth-service | 2 | 15.2 | 350 | CLUSTER_HEALTH_NOMINAL | RETAIN_CURRENT_POD_REPLICA_COUNT | 200
K8S-00416 | data-pipeline | 5 | 94.1 | 12000 | RESOURCE_SATURATION_WARNING | TRIGGER_DYNAMIC_HORIZONTAL_POD_AUTOSCALING | 202
K8S-00417 | data-pipeline | 5 | 94.1 | 12000 | RESOURCE_SATURATION_WARNING | TRIGGER_DYNAMIC_HORIZONTAL_POD_AUTOSCALING | 202
K8S-00418 | data-pipeline | 5 | 94.1 | 12000 | RESOURCE_SATURATION_WARNING | TRIGGER_DYNAMIC_HORIZONTAL_POD_AUTOSCALING | 202
K8S-00419 | prod-api | 3 | 89.8 | 8500 | RESOURCE_SATURATION_WARNING | TRIGGER_DYNAMIC_HORIZONTAL_POD_AUTOSCALING | 202
K8S-00420 | auth-service | 2 | 15.2 | 350 | CLUSTER_HEALTH_NOMINAL | RETAIN_CURRENT_POD_REPLICA_COUNT | 200
K8S-00421 | data-pipeline | 5 | 94.1 | 12000 | RESOURCE_SATURATION_WARNING | TRIGGER_DYNAMIC_HORIZONTAL_POD_AUTOSCALING | 202
K8S-00422 | auth-service | 2 | 15.2 | 350 | CLUSTER_HEALTH_NOMINAL | RETAIN_CURRENT_POD_REPLICA_COUNT | 200
K8S-00423 | prod-api | 3 | 89.8 | 8500 | RESOURCE_SATURATION_WARNING | TRIGGER_DYNAMIC_HORIZONTAL_POD_AUTOSCALING | 202
K8S-00424 | auth-service | 2 | 15.2 | 350 | CLUSTER_HEALTH_NOMINAL | RETAIN_CURRENT_POD_REPLICA_COUNT | 200
K8S-00425 | auth-service | 2 | 15.2 | 350 | CLUSTER_HEALTH_NOMINAL | RETAIN_CURRENT_POD_REPLICA_COUNT | 200
K8S-00426 | auth-service | 2 | 15.2 | 350 | CLUSTER_HEALTH_NOMINAL | RETAIN_CURRENT_POD_REPLICA_COUNT | 200
K8S-00427 | prod-api | 3 | 89.8 | 8500 | RESOURCE_SATURATION_WARNING | TRIGGER_DYNAMIC_HORIZONTAL_POD_AUTOSCALING | 202
K8S-00428 | prod-api | 3 | 89.8 | 8500 | RESOURCE_SATURATION_WARNING | TRIGGER_DYNAMIC_HORIZONTAL_POD_AUTOSCALING | 202
K8S-00429 | prod-api | 3 | 42.5 | 1200 | CLUSTER_HEALTH_NOMINAL | RETAIN_CURRENT_POD_REPLICA_COUNT | 200
K8S-00430 | auth-service | 2 | 15.2 | 350 | CLUSTER_HEALTH_NOMINAL | RETAIN_CURRENT_POD_REPLICA_COUNT | 200
K8S-00431 | prod-api | 3 | 89.8 | 8500 | RESOURCE_SATURATION_WARNING | TRIGGER_DYNAMIC_HORIZONTAL_POD_AUTOSCALING | 202
K8S-00432 | data-pipeline | 5 | 94.1 | 12000 | RESOURCE_SATURATION_WARNING | TRIGGER_DYNAMIC_HORIZONTAL_POD_AUTOSCALING | 202
K8S-00433 | prod-api | 3 | 42.5 | 1200 | CLUSTER_HEALTH_NOMINAL | RETAIN_CURRENT_POD_REPLICA_COUNT | 200
K8S-00434 | prod-api | 3 | 89.8 | 8500 | RESOURCE_SATURATION_WARNING | TRIGGER_DYNAMIC_HORIZONTAL_POD_AUTOSCALING | 202
K8S-00435 | data-pipeline | 5 | 94.1 | 12000 | RESOURCE_SATURATION_WARNING | TRIGGER_DYNAMIC_HORIZONTAL_POD_AUTOSCALING | 202
K8S-00436 | prod-api | 3 | 42.5 | 1200 | CLUSTER_HEALTH_NOMINAL | RETAIN_CURRENT_POD_REPLICA_COUNT | 200
K8S-00437 | data-pipeline | 5 | 94.1 | 12000 | RESOURCE_SATURATION_WARNING | TRIGGER_DYNAMIC_HORIZONTAL_POD_AUTOSCALING | 202
K8S-00438 | prod-api | 3 | 42.5 | 1200 | CLUSTER_HEALTH_NOMINAL | RETAIN_CURRENT_POD_REPLICA_COUNT | 200
K8S-00439 | prod-api | 3 | 89.8 | 8500 | RESOURCE_SATURATION_WARNING | TRIGGER_DYNAMIC_HORIZONTAL_POD_AUTOSCALING | 202
K8S-00440 | prod-api | 3 | 42.5 | 1200 | CLUSTER_HEALTH_NOMINAL | RETAIN_CURRENT_POD_REPLICA_COUNT | 200
K8S-00441 | prod-api | 3 | 89.8 | 8500 | RESOURCE_SATURATION_WARNING | TRIGGER_DYNAMIC_HORIZONTAL_POD_AUTOSCALING | 202
K8S-00442 | prod-api | 3 | 89.8 | 8500 | RESOURCE_SATURATION_WARNING | TRIGGER_DYNAMIC_HORIZONTAL_POD_AUTOSCALING | 202
K8S-00443 | prod-api | 3 | 89.8 | 8500 | RESOURCE_SATURATION_WARNING | TRIGGER_DYNAMIC_HORIZONTAL_POD_AUTOSCALING | 202
K8S-00444 | prod-api | 3 | 42.5 | 1200 | CLUSTER_HEALTH_NOMINAL | RETAIN_CURRENT_POD_REPLICA_COUNT | 200
K8S-00445 | prod-api | 3 | 89.8 | 8500 | RESOURCE_SATURATION_WARNING | TRIGGER_DYNAMIC_HORIZONTAL_POD_AUTOSCALING | 202
K8S-00446 | auth-service | 2 | 15.2 | 350 | CLUSTER_HEALTH_NOMINAL | RETAIN_CURRENT_POD_REPLICA_COUNT | 200
K8S-00447 | prod-api | 3 | 42.5 | 1200 | CLUSTER_HEALTH_NOMINAL | RETAIN_CURRENT_POD_REPLICA_COUNT | 200
K8S-00448 | prod-api | 3 | 89.8 | 8500 | RESOURCE_SATURATION_WARNING | TRIGGER_DYNAMIC_HORIZONTAL_POD_AUTOSCALING | 202
K8S-00449 | prod-api | 3 | 42.5 | 1200 | CLUSTER_HEALTH_NOMINAL | RETAIN_CURRENT_POD_REPLICA_COUNT | 200
K8S-00450 | data-pipeline | 5 | 94.1 | 12000 | RESOURCE_SATURATION_WARNING | TRIGGER_DYNAMIC_HORIZONTAL_POD_AUTOSCALING | 202
K8S-00451 | auth-service | 2 | 15.2 | 350 | CLUSTER_HEALTH_NOMINAL | RETAIN_CURRENT_POD_REPLICA_COUNT | 200
K8S-00452 | auth-service | 2 | 15.2 | 350 | CLUSTER_HEALTH_NOMINAL | RETAIN_CURRENT_POD_REPLICA_COUNT | 200
K8S-00453 | prod-api | 3 | 89.8 | 8500 | RESOURCE_SATURATION_WARNING | TRIGGER_DYNAMIC_HORIZONTAL_POD_AUTOSCALING | 202
K8S-00454 | prod-api | 3 | 42.5 | 1200 | CLUSTER_HEALTH_NOMINAL | RETAIN_CURRENT_POD_REPLICA_COUNT | 200
K8S-00455 | data-pipeline | 5 | 94.1 | 12000 | RESOURCE_SATURATION_WARNING | TRIGGER_DYNAMIC_HORIZONTAL_POD_AUTOSCALING | 202
K8S-00456 | auth-service | 2 | 15.2 | 350 | CLUSTER_HEALTH_NOMINAL | RETAIN_CURRENT_POD_REPLICA_COUNT | 200
K8S-00457 | auth-service | 2 | 15.2 | 350 | CLUSTER_HEALTH_NOMINAL | RETAIN_CURRENT_POD_REPLICA_COUNT | 200
K8S-00458 | prod-api | 3 | 89.8 | 8500 | RESOURCE_SATURATION_WARNING | TRIGGER_DYNAMIC_HORIZONTAL_POD_AUTOSCALING | 202
K8S-00459 | data-pipeline | 5 | 94.1 | 12000 | RESOURCE_SATURATION_WARNING | TRIGGER_DYNAMIC_HORIZONTAL_POD_AUTOSCALING | 202
K8S-00460 | prod-api | 3 | 42.5 | 1200 | CLUSTER_HEALTH_NOMINAL | RETAIN_CURRENT_POD_REPLICA_COUNT | 200
K8S-00461 | data-pipeline | 5 | 94.1 | 12000 | RESOURCE_SATURATION_WARNING | TRIGGER_DYNAMIC_HORIZONTAL_POD_AUTOSCALING | 202
K8S-00462 | data-pipeline | 5 | 94.1 | 12000 | RESOURCE_SATURATION_WARNING | TRIGGER_DYNAMIC_HORIZONTAL_POD_AUTOSCALING | 202
K8S-00463 | auth-service | 2 | 15.2 | 350 | CLUSTER_HEALTH_NOMINAL | RETAIN_CURRENT_POD_REPLICA_COUNT | 200
K8S-00464 | prod-api | 3 | 89.8 | 8500 | RESOURCE_SATURATION_WARNING | TRIGGER_DYNAMIC_HORIZONTAL_POD_AUTOSCALING | 202
K8S-00465 | data-pipeline | 5 | 94.1 | 12000 | RESOURCE_SATURATION_WARNING | TRIGGER_DYNAMIC_HORIZONTAL_POD_AUTOSCALING | 202
K8S-00466 | prod-api | 3 | 42.5 | 1200 | CLUSTER_HEALTH_NOMINAL | RETAIN_CURRENT_POD_REPLICA_COUNT | 200
K8S-00467 | auth-service | 2 | 15.2 | 350 | CLUSTER_HEALTH_NOMINAL | RETAIN_CURRENT_POD_REPLICA_COUNT | 200
K8S-00468 | prod-api | 3 | 42.5 | 1200 | CLUSTER_HEALTH_NOMINAL | RETAIN_CURRENT_POD_REPLICA_COUNT | 200
K8S-00469 | prod-api | 3 | 89.8 | 8500 | RESOURCE_SATURATION_WARNING | TRIGGER_DYNAMIC_HORIZONTAL_POD_AUTOSCALING | 202
K8S-00470 | prod-api | 3 | 89.8 | 8500 | RESOURCE_SATURATION_WARNING | TRIGGER_DYNAMIC_HORIZONTAL_POD_AUTOSCALING | 202
K8S-00471 | auth-service | 2 | 15.2 | 350 | CLUSTER_HEALTH_NOMINAL | RETAIN_CURRENT_POD_REPLICA_COUNT | 200
K8S-00472 | prod-api | 3 | 42.5 | 1200 | CLUSTER_HEALTH_NOMINAL | RETAIN_CURRENT_POD_REPLICA_COUNT | 200
K8S-00473 | prod-api | 3 | 89.8 | 8500 | RESOURCE_SATURATION_WARNING | TRIGGER_DYNAMIC_HORIZONTAL_POD_AUTOSCALING | 202
K8S-00474 | prod-api | 3 | 89.8 | 8500 | RESOURCE_SATURATION_WARNING | TRIGGER_DYNAMIC_HORIZONTAL_POD_AUTOSCALING | 202
K8S-00475 | data-pipeline | 5 | 94.1 | 12000 | RESOURCE_SATURATION_WARNING | TRIGGER_DYNAMIC_HORIZONTAL_POD_AUTOSCALING | 202
K8S-00476 | data-pipeline | 5 | 94.1 | 12000 | RESOURCE_SATURATION_WARNING | TRIGGER_DYNAMIC_HORIZONTAL_POD_AUTOSCALING | 202
K8S-00477 | prod-api | 3 | 89.8 | 8500 | RESOURCE_SATURATION_WARNING | TRIGGER_DYNAMIC_HORIZONTAL_POD_AUTOSCALING | 202
K8S-00478 | prod-api | 3 | 42.5 | 1200 | CLUSTER_HEALTH_NOMINAL | RETAIN_CURRENT_POD_REPLICA_COUNT | 200
K8S-00479 | prod-api | 3 | 42.5 | 1200 | CLUSTER_HEALTH_NOMINAL | RETAIN_CURRENT_POD_REPLICA_COUNT | 200
K8S-00480 | auth-service | 2 | 15.2 | 350 | CLUSTER_HEALTH_NOMINAL | RETAIN_CURRENT_POD_REPLICA_COUNT | 200
K8S-00481 | prod-api | 3 | 89.8 | 8500 | RESOURCE_SATURATION_WARNING | TRIGGER_DYNAMIC_HORIZONTAL_POD_AUTOSCALING | 202
K8S-00482 | prod-api | 3 | 42.5 | 1200 | CLUSTER_HEALTH_NOMINAL | RETAIN_CURRENT_POD_REPLICA_COUNT | 200
K8S-00483 | prod-api | 3 | 42.5 | 1200 | CLUSTER_HEALTH_NOMINAL | RETAIN_CURRENT_POD_REPLICA_COUNT | 200
K8S-00484 | prod-api | 3 | 89.8 | 8500 | RESOURCE_SATURATION_WARNING | TRIGGER_DYNAMIC_HORIZONTAL_POD_AUTOSCALING | 202
K8S-00485 | prod-api | 3 | 89.8 | 8500 | RESOURCE_SATURATION_WARNING | TRIGGER_DYNAMIC_HORIZONTAL_POD_AUTOSCALING | 202
K8S-00486 | prod-api | 3 | 89.8 | 8500 | RESOURCE_SATURATION_WARNING | TRIGGER_DYNAMIC_HORIZONTAL_POD_AUTOSCALING | 202
K8S-00487 | data-pipeline | 5 | 94.1 | 12000 | RESOURCE_SATURATION_WARNING | TRIGGER_DYNAMIC_HORIZONTAL_POD_AUTOSCALING | 202
K8S-00488 | prod-api | 3 | 42.5 | 1200 | CLUSTER_HEALTH_NOMINAL | RETAIN_CURRENT_POD_REPLICA_COUNT | 200
K8S-00489 | prod-api | 3 | 42.5 | 1200 | CLUSTER_HEALTH_NOMINAL | RETAIN_CURRENT_POD_REPLICA_COUNT | 200
K8S-00490 | prod-api | 3 | 89.8 | 8500 | RESOURCE_SATURATION_WARNING | TRIGGER_DYNAMIC_HORIZONTAL_POD_AUTOSCALING | 202
K8S-00491 | prod-api | 3 | 89.8 | 8500 | RESOURCE_SATURATION_WARNING | TRIGGER_DYNAMIC_HORIZONTAL_POD_AUTOSCALING | 202
K8S-00492 | auth-service | 2 | 15.2 | 350 | CLUSTER_HEALTH_NOMINAL | RETAIN_CURRENT_POD_REPLICA_COUNT | 200
K8S-00493 | prod-api | 3 | 89.8 | 8500 | RESOURCE_SATURATION_WARNING | TRIGGER_DYNAMIC_HORIZONTAL_POD_AUTOSCALING | 202
K8S-00494 | prod-api | 3 | 42.5 | 1200 | CLUSTER_HEALTH_NOMINAL | RETAIN_CURRENT_POD_REPLICA_COUNT | 200
K8S-00495 | auth-service | 2 | 15.2 | 350 | CLUSTER_HEALTH_NOMINAL | RETAIN_CURRENT_POD_REPLICA_COUNT | 200
K8S-00496 | data-pipeline | 5 | 94.1 | 12000 | RESOURCE_SATURATION_WARNING | TRIGGER_DYNAMIC_HORIZONTAL_POD_AUTOSCALING | 202
K8S-00497 | data-pipeline | 5 | 94.1 | 12000 | RESOURCE_SATURATION_WARNING | TRIGGER_DYNAMIC_HORIZONTAL_POD_AUTOSCALING | 202
K8S-00498 | prod-api | 3 | 42.5 | 1200 | CLUSTER_HEALTH_NOMINAL | RETAIN_CURRENT_POD_REPLICA_COUNT | 200
K8S-00499 | data-pipeline | 5 | 94.1 | 12000 | RESOURCE_SATURATION_WARNING | TRIGGER_DYNAMIC_HORIZONTAL_POD_AUTOSCALING | 202
K8S-00500 | prod-api | 3 | 89.8 | 8500 | RESOURCE_SATURATION_WARNING | TRIGGER_DYNAMIC_HORIZONTAL_POD_AUTOSCALING | 202
K8S-00501 | auth-service | 2 | 15.2 | 350 | CLUSTER_HEALTH_NOMINAL | RETAIN_CURRENT_POD_REPLICA_COUNT | 200
K8S-00502 | prod-api | 3 | 42.5 | 1200 | CLUSTER_HEALTH_NOMINAL | RETAIN_CURRENT_POD_REPLICA_COUNT | 200
K8S-00503 | data-pipeline | 5 | 94.1 | 12000 | RESOURCE_SATURATION_WARNING | TRIGGER_DYNAMIC_HORIZONTAL_POD_AUTOSCALING | 202
K8S-00504 | auth-service | 2 | 15.2 | 350 | CLUSTER_HEALTH_NOMINAL | RETAIN_CURRENT_POD_REPLICA_COUNT | 200
K8S-00505 | prod-api | 3 | 42.5 | 1200 | CLUSTER_HEALTH_NOMINAL | RETAIN_CURRENT_POD_REPLICA_COUNT | 200
K8S-00506 | prod-api | 3 | 42.5 | 1200 | CLUSTER_HEALTH_NOMINAL | RETAIN_CURRENT_POD_REPLICA_COUNT | 200
K8S-00507 | data-pipeline | 5 | 94.1 | 12000 | RESOURCE_SATURATION_WARNING | TRIGGER_DYNAMIC_HORIZONTAL_POD_AUTOSCALING | 202
K8S-00508 | data-pipeline | 5 | 94.1 | 12000 | RESOURCE_SATURATION_WARNING | TRIGGER_DYNAMIC_HORIZONTAL_POD_AUTOSCALING | 202
K8S-00509 | prod-api | 3 | 89.8 | 8500 | RESOURCE_SATURATION_WARNING | TRIGGER_DYNAMIC_HORIZONTAL_POD_AUTOSCALING | 202
K8S-00510 | data-pipeline | 5 | 94.1 | 12000 | RESOURCE_SATURATION_WARNING | TRIGGER_DYNAMIC_HORIZONTAL_POD_AUTOSCALING | 202
K8S-00511 | prod-api | 3 | 89.8 | 8500 | RESOURCE_SATURATION_WARNING | TRIGGER_DYNAMIC_HORIZONTAL_POD_AUTOSCALING | 202
K8S-00512 | prod-api | 3 | 89.8 | 8500 | RESOURCE_SATURATION_WARNING | TRIGGER_DYNAMIC_HORIZONTAL_POD_AUTOSCALING | 202
K8S-00513 | auth-service | 2 | 15.2 | 350 | CLUSTER_HEALTH_NOMINAL | RETAIN_CURRENT_POD_REPLICA_COUNT | 200
K8S-00514 | auth-service | 2 | 15.2 | 350 | CLUSTER_HEALTH_NOMINAL | RETAIN_CURRENT_POD_REPLICA_COUNT | 200
K8S-00515 | data-pipeline | 5 | 94.1 | 12000 | RESOURCE_SATURATION_WARNING | TRIGGER_DYNAMIC_HORIZONTAL_POD_AUTOSCALING | 202
K8S-00516 | prod-api | 3 | 42.5 | 1200 | CLUSTER_HEALTH_NOMINAL | RETAIN_CURRENT_POD_REPLICA_COUNT | 200
K8S-00517 | prod-api | 3 | 89.8 | 8500 | RESOURCE_SATURATION_WARNING | TRIGGER_DYNAMIC_HORIZONTAL_POD_AUTOSCALING | 202
K8S-00518 | prod-api | 3 | 42.5 | 1200 | CLUSTER_HEALTH_NOMINAL | RETAIN_CURRENT_POD_REPLICA_COUNT | 200
K8S-00519 | data-pipeline | 5 | 94.1 | 12000 | RESOURCE_SATURATION_WARNING | TRIGGER_DYNAMIC_HORIZONTAL_POD_AUTOSCALING | 202
K8S-00520 | prod-api | 3 | 89.8 | 8500 | RESOURCE_SATURATION_WARNING | TRIGGER_DYNAMIC_HORIZONTAL_POD_AUTOSCALING | 202
K8S-00521 | prod-api | 3 | 42.5 | 1200 | CLUSTER_HEALTH_NOMINAL | RETAIN_CURRENT_POD_REPLICA_COUNT | 200
K8S-00522 | data-pipeline | 5 | 94.1 | 12000 | RESOURCE_SATURATION_WARNING | TRIGGER_DYNAMIC_HORIZONTAL_POD_AUTOSCALING | 202
K8S-00523 | data-pipeline | 5 | 94.1 | 12000 | RESOURCE_SATURATION_WARNING | TRIGGER_DYNAMIC_HORIZONTAL_POD_AUTOSCALING | 202
K8S-00524 | data-pipeline | 5 | 94.1 | 12000 | RESOURCE_SATURATION_WARNING | TRIGGER_DYNAMIC_HORIZONTAL_POD_AUTOSCALING | 202
K8S-00525 | auth-service | 2 | 15.2 | 350 | CLUSTER_HEALTH_NOMINAL | RETAIN_CURRENT_POD_REPLICA_COUNT | 200
K8S-00526 | prod-api | 3 | 89.8 | 8500 | RESOURCE_SATURATION_WARNING | TRIGGER_DYNAMIC_HORIZONTAL_POD_AUTOSCALING | 202
K8S-00527 | auth-service | 2 | 15.2 | 350 | CLUSTER_HEALTH_NOMINAL | RETAIN_CURRENT_POD_REPLICA_COUNT | 200
K8S-00528 | prod-api | 3 | 89.8 | 8500 | RESOURCE_SATURATION_WARNING | TRIGGER_DYNAMIC_HORIZONTAL_POD_AUTOSCALING | 202
K8S-00529 | data-pipeline | 5 | 94.1 | 12000 | RESOURCE_SATURATION_WARNING | TRIGGER_DYNAMIC_HORIZONTAL_POD_AUTOSCALING | 202
K8S-00530 | data-pipeline | 5 | 94.1 | 12000 | RESOURCE_SATURATION_WARNING | TRIGGER_DYNAMIC_HORIZONTAL_POD_AUTOSCALING | 202
K8S-00531 | prod-api | 3 | 42.5 | 1200 | CLUSTER_HEALTH_NOMINAL | RETAIN_CURRENT_POD_REPLICA_COUNT | 200
K8S-00532 | auth-service | 2 | 15.2 | 350 | CLUSTER_HEALTH_NOMINAL | RETAIN_CURRENT_POD_REPLICA_COUNT | 200
K8S-00533 | prod-api | 3 | 42.5 | 1200 | CLUSTER_HEALTH_NOMINAL | RETAIN_CURRENT_POD_REPLICA_COUNT | 200
K8S-00534 | prod-api | 3 | 89.8 | 8500 | RESOURCE_SATURATION_WARNING | TRIGGER_DYNAMIC_HORIZONTAL_POD_AUTOSCALING | 202
K8S-00535 | prod-api | 3 | 42.5 | 1200 | CLUSTER_HEALTH_NOMINAL | RETAIN_CURRENT_POD_REPLICA_COUNT | 200
K8S-00536 | auth-service | 2 | 15.2 | 350 | CLUSTER_HEALTH_NOMINAL | RETAIN_CURRENT_POD_REPLICA_COUNT | 200
K8S-00537 | prod-api | 3 | 89.8 | 8500 | RESOURCE_SATURATION_WARNING | TRIGGER_DYNAMIC_HORIZONTAL_POD_AUTOSCALING | 202
K8S-00538 | prod-api | 3 | 89.8 | 8500 | RESOURCE_SATURATION_WARNING | TRIGGER_DYNAMIC_HORIZONTAL_POD_AUTOSCALING | 202
K8S-00539 | prod-api | 3 | 42.5 | 1200 | CLUSTER_HEALTH_NOMINAL | RETAIN_CURRENT_POD_REPLICA_COUNT | 200
K8S-00540 | auth-service | 2 | 15.2 | 350 | CLUSTER_HEALTH_NOMINAL | RETAIN_CURRENT_POD_REPLICA_COUNT | 200
K8S-00541 | prod-api | 3 | 42.5 | 1200 | CLUSTER_HEALTH_NOMINAL | RETAIN_CURRENT_POD_REPLICA_COUNT | 200
K8S-00542 | data-pipeline | 5 | 94.1 | 12000 | RESOURCE_SATURATION_WARNING | TRIGGER_DYNAMIC_HORIZONTAL_POD_AUTOSCALING | 202
K8S-00543 | auth-service | 2 | 15.2 | 350 | CLUSTER_HEALTH_NOMINAL | RETAIN_CURRENT_POD_REPLICA_COUNT | 200
K8S-00544 | data-pipeline | 5 | 94.1 | 12000 | RESOURCE_SATURATION_WARNING | TRIGGER_DYNAMIC_HORIZONTAL_POD_AUTOSCALING | 202
K8S-00545 | data-pipeline | 5 | 94.1 | 12000 | RESOURCE_SATURATION_WARNING | TRIGGER_DYNAMIC_HORIZONTAL_POD_AUTOSCALING | 202
K8S-00546 | auth-service | 2 | 15.2 | 350 | CLUSTER_HEALTH_NOMINAL | RETAIN_CURRENT_POD_REPLICA_COUNT | 200
K8S-00547 | prod-api | 3 | 89.8 | 8500 | RESOURCE_SATURATION_WARNING | TRIGGER_DYNAMIC_HORIZONTAL_POD_AUTOSCALING | 202
K8S-00548 | prod-api | 3 | 42.5 | 1200 | CLUSTER_HEALTH_NOMINAL | RETAIN_CURRENT_POD_REPLICA_COUNT | 200
K8S-00549 | auth-service | 2 | 15.2 | 350 | CLUSTER_HEALTH_NOMINAL | RETAIN_CURRENT_POD_REPLICA_COUNT | 200
K8S-00550 | auth-service | 2 | 15.2 | 350 | CLUSTER_HEALTH_NOMINAL | RETAIN_CURRENT_POD_REPLICA_COUNT | 200
K8S-00551 | data-pipeline | 5 | 94.1 | 12000 | RESOURCE_SATURATION_WARNING | TRIGGER_DYNAMIC_HORIZONTAL_POD_AUTOSCALING | 202
K8S-00552 | data-pipeline | 5 | 94.1 | 12000 | RESOURCE_SATURATION_WARNING | TRIGGER_DYNAMIC_HORIZONTAL_POD_AUTOSCALING | 202
K8S-00553 | prod-api | 3 | 42.5 | 1200 | CLUSTER_HEALTH_NOMINAL | RETAIN_CURRENT_POD_REPLICA_COUNT | 200
K8S-00554 | prod-api | 3 | 42.5 | 1200 | CLUSTER_HEALTH_NOMINAL | RETAIN_CURRENT_POD_REPLICA_COUNT | 200
K8S-00555 | data-pipeline | 5 | 94.1 | 12000 | RESOURCE_SATURATION_WARNING | TRIGGER_DYNAMIC_HORIZONTAL_POD_AUTOSCALING | 202
K8S-00556 | prod-api | 3 | 42.5 | 1200 | CLUSTER_HEALTH_NOMINAL | RETAIN_CURRENT_POD_REPLICA_COUNT | 200
K8S-00557 | prod-api | 3 | 89.8 | 8500 | RESOURCE_SATURATION_WARNING | TRIGGER_DYNAMIC_HORIZONTAL_POD_AUTOSCALING | 202
K8S-00558 | data-pipeline | 5 | 94.1 | 12000 | RESOURCE_SATURATION_WARNING | TRIGGER_DYNAMIC_HORIZONTAL_POD_AUTOSCALING | 202
K8S-00559 | prod-api | 3 | 42.5 | 1200 | CLUSTER_HEALTH_NOMINAL | RETAIN_CURRENT_POD_REPLICA_COUNT | 200
K8S-00560 | prod-api | 3 | 42.5 | 1200 | CLUSTER_HEALTH_NOMINAL | RETAIN_CURRENT_POD_REPLICA_COUNT | 200
K8S-00561 | prod-api | 3 | 89.8 | 8500 | RESOURCE_SATURATION_WARNING | TRIGGER_DYNAMIC_HORIZONTAL_POD_AUTOSCALING | 202
K8S-00562 | prod-api | 3 | 42.5 | 1200 | CLUSTER_HEALTH_NOMINAL | RETAIN_CURRENT_POD_REPLICA_COUNT | 200
K8S-00563 | data-pipeline | 5 | 94.1 | 12000 | RESOURCE_SATURATION_WARNING | TRIGGER_DYNAMIC_HORIZONTAL_POD_AUTOSCALING | 202
K8S-00564 | auth-service | 2 | 15.2 | 350 | CLUSTER_HEALTH_NOMINAL | RETAIN_CURRENT_POD_REPLICA_COUNT | 200
K8S-00565 | data-pipeline | 5 | 94.1 | 12000 | RESOURCE_SATURATION_WARNING | TRIGGER_DYNAMIC_HORIZONTAL_POD_AUTOSCALING | 202
K8S-00566 | data-pipeline | 5 | 94.1 | 12000 | RESOURCE_SATURATION_WARNING | TRIGGER_DYNAMIC_HORIZONTAL_POD_AUTOSCALING | 202
K8S-00567 | prod-api | 3 | 89.8 | 8500 | RESOURCE_SATURATION_WARNING | TRIGGER_DYNAMIC_HORIZONTAL_POD_AUTOSCALING | 202
K8S-00568 | auth-service | 2 | 15.2 | 350 | CLUSTER_HEALTH_NOMINAL | RETAIN_CURRENT_POD_REPLICA_COUNT | 200
K8S-00569 | data-pipeline | 5 | 94.1 | 12000 | RESOURCE_SATURATION_WARNING | TRIGGER_DYNAMIC_HORIZONTAL_POD_AUTOSCALING | 202
K8S-00570 | auth-service | 2 | 15.2 | 350 | CLUSTER_HEALTH_NOMINAL | RETAIN_CURRENT_POD_REPLICA_COUNT | 200
K8S-00571 | auth-service | 2 | 15.2 | 350 | CLUSTER_HEALTH_NOMINAL | RETAIN_CURRENT_POD_REPLICA_COUNT | 200
K8S-00572 | prod-api | 3 | 89.8 | 8500 | RESOURCE_SATURATION_WARNING | TRIGGER_DYNAMIC_HORIZONTAL_POD_AUTOSCALING | 202
K8S-00573 | prod-api | 3 | 42.5 | 1200 | CLUSTER_HEALTH_NOMINAL | RETAIN_CURRENT_POD_REPLICA_COUNT | 200
K8S-00574 | prod-api | 3 | 89.8 | 8500 | RESOURCE_SATURATION_WARNING | TRIGGER_DYNAMIC_HORIZONTAL_POD_AUTOSCALING | 202
K8S-00575 | prod-api | 3 | 42.5 | 1200 | CLUSTER_HEALTH_NOMINAL | RETAIN_CURRENT_POD_REPLICA_COUNT | 200
K8S-00576 | auth-service | 2 | 15.2 | 350 | CLUSTER_HEALTH_NOMINAL | RETAIN_CURRENT_POD_REPLICA_COUNT | 200
K8S-00577 | prod-api | 3 | 42.5 | 1200 | CLUSTER_HEALTH_NOMINAL | RETAIN_CURRENT_POD_REPLICA_COUNT | 200
K8S-00578 | data-pipeline | 5 | 94.1 | 12000 | RESOURCE_SATURATION_WARNING | TRIGGER_DYNAMIC_HORIZONTAL_POD_AUTOSCALING | 202
K8S-00579 | prod-api | 3 | 42.5 | 1200 | CLUSTER_HEALTH_NOMINAL | RETAIN_CURRENT_POD_REPLICA_COUNT | 200
K8S-00580 | prod-api | 3 | 42.5 | 1200 | CLUSTER_HEALTH_NOMINAL | RETAIN_CURRENT_POD_REPLICA_COUNT | 200
K8S-00581 | prod-api | 3 | 42.5 | 1200 | CLUSTER_HEALTH_NOMINAL | RETAIN_CURRENT_POD_REPLICA_COUNT | 200
K8S-00582 | auth-service | 2 | 15.2 | 350 | CLUSTER_HEALTH_NOMINAL | RETAIN_CURRENT_POD_REPLICA_COUNT | 200
K8S-00583 | prod-api | 3 | 42.5 | 1200 | CLUSTER_HEALTH_NOMINAL | RETAIN_CURRENT_POD_REPLICA_COUNT | 200
K8S-00584 | auth-service | 2 | 15.2 | 350 | CLUSTER_HEALTH_NOMINAL | RETAIN_CURRENT_POD_REPLICA_COUNT | 200
K8S-00585 | data-pipeline | 5 | 94.1 | 12000 | RESOURCE_SATURATION_WARNING | TRIGGER_DYNAMIC_HORIZONTAL_POD_AUTOSCALING | 202
K8S-00586 | auth-service | 2 | 15.2 | 350 | CLUSTER_HEALTH_NOMINAL | RETAIN_CURRENT_POD_REPLICA_COUNT | 200
K8S-00587 | auth-service | 2 | 15.2 | 350 | CLUSTER_HEALTH_NOMINAL | RETAIN_CURRENT_POD_REPLICA_COUNT | 200
K8S-00588 | data-pipeline | 5 | 94.1 | 12000 | RESOURCE_SATURATION_WARNING | TRIGGER_DYNAMIC_HORIZONTAL_POD_AUTOSCALING | 202
K8S-00589 | data-pipeline | 5 | 94.1 | 12000 | RESOURCE_SATURATION_WARNING | TRIGGER_DYNAMIC_HORIZONTAL_POD_AUTOSCALING | 202
K8S-00590 | auth-service | 2 | 15.2 | 350 | CLUSTER_HEALTH_NOMINAL | RETAIN_CURRENT_POD_REPLICA_COUNT | 200
K8S-00591 | auth-service | 2 | 15.2 | 350 | CLUSTER_HEALTH_NOMINAL | RETAIN_CURRENT_POD_REPLICA_COUNT | 200
K8S-00592 | auth-service | 2 | 15.2 | 350 | CLUSTER_HEALTH_NOMINAL | RETAIN_CURRENT_POD_REPLICA_COUNT | 200
K8S-00593 | prod-api | 3 | 42.5 | 1200 | CLUSTER_HEALTH_NOMINAL | RETAIN_CURRENT_POD_REPLICA_COUNT | 200
K8S-00594 | data-pipeline | 5 | 94.1 | 12000 | RESOURCE_SATURATION_WARNING | TRIGGER_DYNAMIC_HORIZONTAL_POD_AUTOSCALING | 202
K8S-00595 | prod-api | 3 | 89.8 | 8500 | RESOURCE_SATURATION_WARNING | TRIGGER_DYNAMIC_HORIZONTAL_POD_AUTOSCALING | 202
K8S-00596 | auth-service | 2 | 15.2 | 350 | CLUSTER_HEALTH_NOMINAL | RETAIN_CURRENT_POD_REPLICA_COUNT | 200
K8S-00597 | auth-service | 2 | 15.2 | 350 | CLUSTER_HEALTH_NOMINAL | RETAIN_CURRENT_POD_REPLICA_COUNT | 200
K8S-00598 | prod-api | 3 | 89.8 | 8500 | RESOURCE_SATURATION_WARNING | TRIGGER_DYNAMIC_HORIZONTAL_POD_AUTOSCALING | 202
K8S-00599 | prod-api | 3 | 42.5 | 1200 | CLUSTER_HEALTH_NOMINAL | RETAIN_CURRENT_POD_REPLICA_COUNT | 200
K8S-00600 | auth-service | 2 | 15.2 | 350 | CLUSTER_HEALTH_NOMINAL | RETAIN_CURRENT_POD_REPLICA_COUNT | 200
K8S-00601 | auth-service | 2 | 15.2 | 350 | CLUSTER_HEALTH_NOMINAL | RETAIN_CURRENT_POD_REPLICA_COUNT | 200
K8S-00602 | auth-service | 2 | 15.2 | 350 | CLUSTER_HEALTH_NOMINAL | RETAIN_CURRENT_POD_REPLICA_COUNT | 200
K8S-00603 | data-pipeline | 5 | 94.1 | 12000 | RESOURCE_SATURATION_WARNING | TRIGGER_DYNAMIC_HORIZONTAL_POD_AUTOSCALING | 202
K8S-00604 | auth-service | 2 | 15.2 | 350 | CLUSTER_HEALTH_NOMINAL | RETAIN_CURRENT_POD_REPLICA_COUNT | 200
K8S-00605 | prod-api | 3 | 89.8 | 8500 | RESOURCE_SATURATION_WARNING | TRIGGER_DYNAMIC_HORIZONTAL_POD_AUTOSCALING | 202
K8S-00606 | prod-api | 3 | 89.8 | 8500 | RESOURCE_SATURATION_WARNING | TRIGGER_DYNAMIC_HORIZONTAL_POD_AUTOSCALING | 202
K8S-00607 | data-pipeline | 5 | 94.1 | 12000 | RESOURCE_SATURATION_WARNING | TRIGGER_DYNAMIC_HORIZONTAL_POD_AUTOSCALING | 202
K8S-00608 | prod-api | 3 | 42.5 | 1200 | CLUSTER_HEALTH_NOMINAL | RETAIN_CURRENT_POD_REPLICA_COUNT | 200
K8S-00609 | prod-api | 3 | 42.5 | 1200 | CLUSTER_HEALTH_NOMINAL | RETAIN_CURRENT_POD_REPLICA_COUNT | 200
K8S-00610 | data-pipeline | 5 | 94.1 | 12000 | RESOURCE_SATURATION_WARNING | TRIGGER_DYNAMIC_HORIZONTAL_POD_AUTOSCALING | 202
K8S-00611 | data-pipeline | 5 | 94.1 | 12000 | RESOURCE_SATURATION_WARNING | TRIGGER_DYNAMIC_HORIZONTAL_POD_AUTOSCALING | 202
K8S-00612 | data-pipeline | 5 | 94.1 | 12000 | RESOURCE_SATURATION_WARNING | TRIGGER_DYNAMIC_HORIZONTAL_POD_AUTOSCALING | 202
K8S-00613 | auth-service | 2 | 15.2 | 350 | CLUSTER_HEALTH_NOMINAL | RETAIN_CURRENT_POD_REPLICA_COUNT | 200
K8S-00614 | auth-service | 2 | 15.2 | 350 | CLUSTER_HEALTH_NOMINAL | RETAIN_CURRENT_POD_REPLICA_COUNT | 200
K8S-00615 | auth-service | 2 | 15.2 | 350 | CLUSTER_HEALTH_NOMINAL | RETAIN_CURRENT_POD_REPLICA_COUNT | 200
K8S-00616 | prod-api | 3 | 89.8 | 8500 | RESOURCE_SATURATION_WARNING | TRIGGER_DYNAMIC_HORIZONTAL_POD_AUTOSCALING | 202
K8S-00617 | prod-api | 3 | 42.5 | 1200 | CLUSTER_HEALTH_NOMINAL | RETAIN_CURRENT_POD_REPLICA_COUNT | 200
K8S-00618 | prod-api | 3 | 89.8 | 8500 | RESOURCE_SATURATION_WARNING | TRIGGER_DYNAMIC_HORIZONTAL_POD_AUTOSCALING | 202
K8S-00619 | data-pipeline | 5 | 94.1 | 12000 | RESOURCE_SATURATION_WARNING | TRIGGER_DYNAMIC_HORIZONTAL_POD_AUTOSCALING | 202
K8S-00620 | data-pipeline | 5 | 94.1 | 12000 | RESOURCE_SATURATION_WARNING | TRIGGER_DYNAMIC_HORIZONTAL_POD_AUTOSCALING | 202
K8S-00621 | auth-service | 2 | 15.2 | 350 | CLUSTER_HEALTH_NOMINAL | RETAIN_CURRENT_POD_REPLICA_COUNT | 200
K8S-00622 | data-pipeline | 5 | 94.1 | 12000 | RESOURCE_SATURATION_WARNING | TRIGGER_DYNAMIC_HORIZONTAL_POD_AUTOSCALING | 202
K8S-00623 | data-pipeline | 5 | 94.1 | 12000 | RESOURCE_SATURATION_WARNING | TRIGGER_DYNAMIC_HORIZONTAL_POD_AUTOSCALING | 202
K8S-00624 | data-pipeline | 5 | 94.1 | 12000 | RESOURCE_SATURATION_WARNING | TRIGGER_DYNAMIC_HORIZONTAL_POD_AUTOSCALING | 202
K8S-00625 | prod-api | 3 | 89.8 | 8500 | RESOURCE_SATURATION_WARNING | TRIGGER_DYNAMIC_HORIZONTAL_POD_AUTOSCALING | 202
K8S-00626 | data-pipeline | 5 | 94.1 | 12000 | RESOURCE_SATURATION_WARNING | TRIGGER_DYNAMIC_HORIZONTAL_POD_AUTOSCALING | 202
K8S-00627 | auth-service | 2 | 15.2 | 350 | CLUSTER_HEALTH_NOMINAL | RETAIN_CURRENT_POD_REPLICA_COUNT | 200
K8S-00628 | data-pipeline | 5 | 94.1 | 12000 | RESOURCE_SATURATION_WARNING | TRIGGER_DYNAMIC_HORIZONTAL_POD_AUTOSCALING | 202
K8S-00629 | prod-api | 3 | 42.5 | 1200 | CLUSTER_HEALTH_NOMINAL | RETAIN_CURRENT_POD_REPLICA_COUNT | 200
K8S-00630 | data-pipeline | 5 | 94.1 | 12000 | RESOURCE_SATURATION_WARNING | TRIGGER_DYNAMIC_HORIZONTAL_POD_AUTOSCALING | 202
K8S-00631 | auth-service | 2 | 15.2 | 350 | CLUSTER_HEALTH_NOMINAL | RETAIN_CURRENT_POD_REPLICA_COUNT | 200
K8S-00632 | prod-api | 3 | 89.8 | 8500 | RESOURCE_SATURATION_WARNING | TRIGGER_DYNAMIC_HORIZONTAL_POD_AUTOSCALING | 202
K8S-00633 | prod-api | 3 | 89.8 | 8500 | RESOURCE_SATURATION_WARNING | TRIGGER_DYNAMIC_HORIZONTAL_POD_AUTOSCALING | 202
K8S-00634 | prod-api | 3 | 89.8 | 8500 | RESOURCE_SATURATION_WARNING | TRIGGER_DYNAMIC_HORIZONTAL_POD_AUTOSCALING | 202
K8S-00635 | data-pipeline | 5 | 94.1 | 12000 | RESOURCE_SATURATION_WARNING | TRIGGER_DYNAMIC_HORIZONTAL_POD_AUTOSCALING | 202
K8S-00636 | prod-api | 3 | 42.5 | 1200 | CLUSTER_HEALTH_NOMINAL | RETAIN_CURRENT_POD_REPLICA_COUNT | 200
K8S-00637 | prod-api | 3 | 42.5 | 1200 | CLUSTER_HEALTH_NOMINAL | RETAIN_CURRENT_POD_REPLICA_COUNT | 200
K8S-00638 | prod-api | 3 | 89.8 | 8500 | RESOURCE_SATURATION_WARNING | TRIGGER_DYNAMIC_HORIZONTAL_POD_AUTOSCALING | 202
K8S-00639 | prod-api | 3 | 42.5 | 1200 | CLUSTER_HEALTH_NOMINAL | RETAIN_CURRENT_POD_REPLICA_COUNT | 200
K8S-00640 | prod-api | 3 | 89.8 | 8500 | RESOURCE_SATURATION_WARNING | TRIGGER_DYNAMIC_HORIZONTAL_POD_AUTOSCALING | 202
K8S-00641 | prod-api | 3 | 89.8 | 8500 | RESOURCE_SATURATION_WARNING | TRIGGER_DYNAMIC_HORIZONTAL_POD_AUTOSCALING | 202
K8S-00642 | data-pipeline | 5 | 94.1 | 12000 | RESOURCE_SATURATION_WARNING | TRIGGER_DYNAMIC_HORIZONTAL_POD_AUTOSCALING | 202
K8S-00643 | data-pipeline | 5 | 94.1 | 12000 | RESOURCE_SATURATION_WARNING | TRIGGER_DYNAMIC_HORIZONTAL_POD_AUTOSCALING | 202
K8S-00644 | auth-service | 2 | 15.2 | 350 | CLUSTER_HEALTH_NOMINAL | RETAIN_CURRENT_POD_REPLICA_COUNT | 200
K8S-00645 | prod-api | 3 | 42.5 | 1200 | CLUSTER_HEALTH_NOMINAL | RETAIN_CURRENT_POD_REPLICA_COUNT | 200
K8S-00646 | auth-service | 2 | 15.2 | 350 | CLUSTER_HEALTH_NOMINAL | RETAIN_CURRENT_POD_REPLICA_COUNT | 200
K8S-00647 | auth-service | 2 | 15.2 | 350 | CLUSTER_HEALTH_NOMINAL | RETAIN_CURRENT_POD_REPLICA_COUNT | 200
K8S-00648 | data-pipeline | 5 | 94.1 | 12000 | RESOURCE_SATURATION_WARNING | TRIGGER_DYNAMIC_HORIZONTAL_POD_AUTOSCALING | 202
K8S-00649 | auth-service | 2 | 15.2 | 350 | CLUSTER_HEALTH_NOMINAL | RETAIN_CURRENT_POD_REPLICA_COUNT | 200
K8S-00650 | prod-api | 3 | 89.8 | 8500 | RESOURCE_SATURATION_WARNING | TRIGGER_DYNAMIC_HORIZONTAL_POD_AUTOSCALING | 202
K8S-00651 | auth-service | 2 | 15.2 | 350 | CLUSTER_HEALTH_NOMINAL | RETAIN_CURRENT_POD_REPLICA_COUNT | 200
K8S-00652 | data-pipeline | 5 | 94.1 | 12000 | RESOURCE_SATURATION_WARNING | TRIGGER_DYNAMIC_HORIZONTAL_POD_AUTOSCALING | 202
K8S-00653 | auth-service | 2 | 15.2 | 350 | CLUSTER_HEALTH_NOMINAL | RETAIN_CURRENT_POD_REPLICA_COUNT | 200
K8S-00654 | prod-api | 3 | 42.5 | 1200 | CLUSTER_HEALTH_NOMINAL | RETAIN_CURRENT_POD_REPLICA_COUNT | 200
K8S-00655 | auth-service | 2 | 15.2 | 350 | CLUSTER_HEALTH_NOMINAL | RETAIN_CURRENT_POD_REPLICA_COUNT | 200
K8S-00656 | data-pipeline | 5 | 94.1 | 12000 | RESOURCE_SATURATION_WARNING | TRIGGER_DYNAMIC_HORIZONTAL_POD_AUTOSCALING | 202
K8S-00657 | prod-api | 3 | 89.8 | 8500 | RESOURCE_SATURATION_WARNING | TRIGGER_DYNAMIC_HORIZONTAL_POD_AUTOSCALING | 202
K8S-00658 | auth-service | 2 | 15.2 | 350 | CLUSTER_HEALTH_NOMINAL | RETAIN_CURRENT_POD_REPLICA_COUNT | 200
K8S-00659 | prod-api | 3 | 42.5 | 1200 | CLUSTER_HEALTH_NOMINAL | RETAIN_CURRENT_POD_REPLICA_COUNT | 200
K8S-00660 | prod-api | 3 | 89.8 | 8500 | RESOURCE_SATURATION_WARNING | TRIGGER_DYNAMIC_HORIZONTAL_POD_AUTOSCALING | 202
K8S-00661 | prod-api | 3 | 89.8 | 8500 | RESOURCE_SATURATION_WARNING | TRIGGER_DYNAMIC_HORIZONTAL_POD_AUTOSCALING | 202
K8S-00662 | prod-api | 3 | 89.8 | 8500 | RESOURCE_SATURATION_WARNING | TRIGGER_DYNAMIC_HORIZONTAL_POD_AUTOSCALING | 202
K8S-00663 | auth-service | 2 | 15.2 | 350 | CLUSTER_HEALTH_NOMINAL | RETAIN_CURRENT_POD_REPLICA_COUNT | 200
K8S-00664 | data-pipeline | 5 | 94.1 | 12000 | RESOURCE_SATURATION_WARNING | TRIGGER_DYNAMIC_HORIZONTAL_POD_AUTOSCALING | 202
K8S-00665 | prod-api | 3 | 89.8 | 8500 | RESOURCE_SATURATION_WARNING | TRIGGER_DYNAMIC_HORIZONTAL_POD_AUTOSCALING | 202
K8S-00666 | data-pipeline | 5 | 94.1 | 12000 | RESOURCE_SATURATION_WARNING | TRIGGER_DYNAMIC_HORIZONTAL_POD_AUTOSCALING | 202
K8S-00667 | prod-api | 3 | 42.5 | 1200 | CLUSTER_HEALTH_NOMINAL | RETAIN_CURRENT_POD_REPLICA_COUNT | 200
K8S-00668 | auth-service | 2 | 15.2 | 350 | CLUSTER_HEALTH_NOMINAL | RETAIN_CURRENT_POD_REPLICA_COUNT | 200
K8S-00669 | data-pipeline | 5 | 94.1 | 12000 | RESOURCE_SATURATION_WARNING | TRIGGER_DYNAMIC_HORIZONTAL_POD_AUTOSCALING | 202
K8S-00670 | prod-api | 3 | 89.8 | 8500 | RESOURCE_SATURATION_WARNING | TRIGGER_DYNAMIC_HORIZONTAL_POD_AUTOSCALING | 202
K8S-00671 | auth-service | 2 | 15.2 | 350 | CLUSTER_HEALTH_NOMINAL | RETAIN_CURRENT_POD_REPLICA_COUNT | 200
K8S-00672 | data-pipeline | 5 | 94.1 | 12000 | RESOURCE_SATURATION_WARNING | TRIGGER_DYNAMIC_HORIZONTAL_POD_AUTOSCALING | 202
K8S-00673 | data-pipeline | 5 | 94.1 | 12000 | RESOURCE_SATURATION_WARNING | TRIGGER_DYNAMIC_HORIZONTAL_POD_AUTOSCALING | 202
K8S-00674 | auth-service | 2 | 15.2 | 350 | CLUSTER_HEALTH_NOMINAL | RETAIN_CURRENT_POD_REPLICA_COUNT | 200
K8S-00675 | prod-api | 3 | 89.8 | 8500 | RESOURCE_SATURATION_WARNING | TRIGGER_DYNAMIC_HORIZONTAL_POD_AUTOSCALING | 202
K8S-00676 | prod-api | 3 | 89.8 | 8500 | RESOURCE_SATURATION_WARNING | TRIGGER_DYNAMIC_HORIZONTAL_POD_AUTOSCALING | 202
K8S-00677 | auth-service | 2 | 15.2 | 350 | CLUSTER_HEALTH_NOMINAL | RETAIN_CURRENT_POD_REPLICA_COUNT | 200
K8S-00678 | auth-service | 2 | 15.2 | 350 | CLUSTER_HEALTH_NOMINAL | RETAIN_CURRENT_POD_REPLICA_COUNT | 200
K8S-00679 | prod-api | 3 | 42.5 | 1200 | CLUSTER_HEALTH_NOMINAL | RETAIN_CURRENT_POD_REPLICA_COUNT | 200
K8S-00680 | data-pipeline | 5 | 94.1 | 12000 | RESOURCE_SATURATION_WARNING | TRIGGER_DYNAMIC_HORIZONTAL_POD_AUTOSCALING | 202
K8S-00681 | prod-api | 3 | 42.5 | 1200 | CLUSTER_HEALTH_NOMINAL | RETAIN_CURRENT_POD_REPLICA_COUNT | 200
K8S-00682 | prod-api | 3 | 89.8 | 8500 | RESOURCE_SATURATION_WARNING | TRIGGER_DYNAMIC_HORIZONTAL_POD_AUTOSCALING | 202
K8S-00683 | prod-api | 3 | 89.8 | 8500 | RESOURCE_SATURATION_WARNING | TRIGGER_DYNAMIC_HORIZONTAL_POD_AUTOSCALING | 202
K8S-00684 | prod-api | 3 | 42.5 | 1200 | CLUSTER_HEALTH_NOMINAL | RETAIN_CURRENT_POD_REPLICA_COUNT | 200
K8S-00685 | auth-service | 2 | 15.2 | 350 | CLUSTER_HEALTH_NOMINAL | RETAIN_CURRENT_POD_REPLICA_COUNT | 200
K8S-00686 | data-pipeline | 5 | 94.1 | 12000 | RESOURCE_SATURATION_WARNING | TRIGGER_DYNAMIC_HORIZONTAL_POD_AUTOSCALING | 202
K8S-00687 | data-pipeline | 5 | 94.1 | 12000 | RESOURCE_SATURATION_WARNING | TRIGGER_DYNAMIC_HORIZONTAL_POD_AUTOSCALING | 202
K8S-00688 | prod-api | 3 | 89.8 | 8500 | RESOURCE_SATURATION_WARNING | TRIGGER_DYNAMIC_HORIZONTAL_POD_AUTOSCALING | 202
K8S-00689 | auth-service | 2 | 15.2 | 350 | CLUSTER_HEALTH_NOMINAL | RETAIN_CURRENT_POD_REPLICA_COUNT | 200
K8S-00690 | prod-api | 3 | 42.5 | 1200 | CLUSTER_HEALTH_NOMINAL | RETAIN_CURRENT_POD_REPLICA_COUNT | 200
K8S-00691 | prod-api | 3 | 89.8 | 8500 | RESOURCE_SATURATION_WARNING | TRIGGER_DYNAMIC_HORIZONTAL_POD_AUTOSCALING | 202
K8S-00692 | prod-api | 3 | 89.8 | 8500 | RESOURCE_SATURATION_WARNING | TRIGGER_DYNAMIC_HORIZONTAL_POD_AUTOSCALING | 202
K8S-00693 | data-pipeline | 5 | 94.1 | 12000 | RESOURCE_SATURATION_WARNING | TRIGGER_DYNAMIC_HORIZONTAL_POD_AUTOSCALING | 202
K8S-00694 | auth-service | 2 | 15.2 | 350 | CLUSTER_HEALTH_NOMINAL | RETAIN_CURRENT_POD_REPLICA_COUNT | 200
K8S-00695 | auth-service | 2 | 15.2 | 350 | CLUSTER_HEALTH_NOMINAL | RETAIN_CURRENT_POD_REPLICA_COUNT | 200
K8S-00696 | data-pipeline | 5 | 94.1 | 12000 | RESOURCE_SATURATION_WARNING | TRIGGER_DYNAMIC_HORIZONTAL_POD_AUTOSCALING | 202
K8S-00697 | auth-service | 2 | 15.2 | 350 | CLUSTER_HEALTH_NOMINAL | RETAIN_CURRENT_POD_REPLICA_COUNT | 200
K8S-00698 | auth-service | 2 | 15.2 | 350 | CLUSTER_HEALTH_NOMINAL | RETAIN_CURRENT_POD_REPLICA_COUNT | 200
K8S-00699 | prod-api | 3 | 89.8 | 8500 | RESOURCE_SATURATION_WARNING | TRIGGER_DYNAMIC_HORIZONTAL_POD_AUTOSCALING | 202
K8S-00700 | data-pipeline | 5 | 94.1 | 12000 | RESOURCE_SATURATION_WARNING | TRIGGER_DYNAMIC_HORIZONTAL_POD_AUTOSCALING | 202
K8S-00701 | auth-service | 2 | 15.2 | 350 | CLUSTER_HEALTH_NOMINAL | RETAIN_CURRENT_POD_REPLICA_COUNT | 200
K8S-00702 | auth-service | 2 | 15.2 | 350 | CLUSTER_HEALTH_NOMINAL | RETAIN_CURRENT_POD_REPLICA_COUNT | 200
K8S-00703 | data-pipeline | 5 | 94.1 | 12000 | RESOURCE_SATURATION_WARNING | TRIGGER_DYNAMIC_HORIZONTAL_POD_AUTOSCALING | 202
K8S-00704 | auth-service | 2 | 15.2 | 350 | CLUSTER_HEALTH_NOMINAL | RETAIN_CURRENT_POD_REPLICA_COUNT | 200
K8S-00705 | prod-api | 3 | 89.8 | 8500 | RESOURCE_SATURATION_WARNING | TRIGGER_DYNAMIC_HORIZONTAL_POD_AUTOSCALING | 202
K8S-00706 | prod-api | 3 | 89.8 | 8500 | RESOURCE_SATURATION_WARNING | TRIGGER_DYNAMIC_HORIZONTAL_POD_AUTOSCALING | 202
K8S-00707 | auth-service | 2 | 15.2 | 350 | CLUSTER_HEALTH_NOMINAL | RETAIN_CURRENT_POD_REPLICA_COUNT | 200
K8S-00708 | prod-api | 3 | 42.5 | 1200 | CLUSTER_HEALTH_NOMINAL | RETAIN_CURRENT_POD_REPLICA_COUNT | 200
K8S-00709 | data-pipeline | 5 | 94.1 | 12000 | RESOURCE_SATURATION_WARNING | TRIGGER_DYNAMIC_HORIZONTAL_POD_AUTOSCALING | 202
K8S-00710 | data-pipeline | 5 | 94.1 | 12000 | RESOURCE_SATURATION_WARNING | TRIGGER_DYNAMIC_HORIZONTAL_POD_AUTOSCALING | 202
K8S-00711 | prod-api | 3 | 42.5 | 1200 | CLUSTER_HEALTH_NOMINAL | RETAIN_CURRENT_POD_REPLICA_COUNT | 200
K8S-00712 | prod-api | 3 | 89.8 | 8500 | RESOURCE_SATURATION_WARNING | TRIGGER_DYNAMIC_HORIZONTAL_POD_AUTOSCALING | 202
K8S-00713 | prod-api | 3 | 42.5 | 1200 | CLUSTER_HEALTH_NOMINAL | RETAIN_CURRENT_POD_REPLICA_COUNT | 200
K8S-00714 | prod-api | 3 | 42.5 | 1200 | CLUSTER_HEALTH_NOMINAL | RETAIN_CURRENT_POD_REPLICA_COUNT | 200
K8S-00715 | prod-api | 3 | 42.5 | 1200 | CLUSTER_HEALTH_NOMINAL | RETAIN_CURRENT_POD_REPLICA_COUNT | 200
K8S-00716 | auth-service | 2 | 15.2 | 350 | CLUSTER_HEALTH_NOMINAL | RETAIN_CURRENT_POD_REPLICA_COUNT | 200
K8S-00717 | auth-service | 2 | 15.2 | 350 | CLUSTER_HEALTH_NOMINAL | RETAIN_CURRENT_POD_REPLICA_COUNT | 200
K8S-00718 | data-pipeline | 5 | 94.1 | 12000 | RESOURCE_SATURATION_WARNING | TRIGGER_DYNAMIC_HORIZONTAL_POD_AUTOSCALING | 202
K8S-00719 | auth-service | 2 | 15.2 | 350 | CLUSTER_HEALTH_NOMINAL | RETAIN_CURRENT_POD_REPLICA_COUNT | 200
K8S-00720 | data-pipeline | 5 | 94.1 | 12000 | RESOURCE_SATURATION_WARNING | TRIGGER_DYNAMIC_HORIZONTAL_POD_AUTOSCALING | 202
K8S-00721 | auth-service | 2 | 15.2 | 350 | CLUSTER_HEALTH_NOMINAL | RETAIN_CURRENT_POD_REPLICA_COUNT | 200
K8S-00722 | prod-api | 3 | 42.5 | 1200 | CLUSTER_HEALTH_NOMINAL | RETAIN_CURRENT_POD_REPLICA_COUNT | 200
K8S-00723 | prod-api | 3 | 42.5 | 1200 | CLUSTER_HEALTH_NOMINAL | RETAIN_CURRENT_POD_REPLICA_COUNT | 200
K8S-00724 | prod-api | 3 | 89.8 | 8500 | RESOURCE_SATURATION_WARNING | TRIGGER_DYNAMIC_HORIZONTAL_POD_AUTOSCALING | 202
K8S-00725 | prod-api | 3 | 42.5 | 1200 | CLUSTER_HEALTH_NOMINAL | RETAIN_CURRENT_POD_REPLICA_COUNT | 200
K8S-00726 | auth-service | 2 | 15.2 | 350 | CLUSTER_HEALTH_NOMINAL | RETAIN_CURRENT_POD_REPLICA_COUNT | 200
K8S-00727 | auth-service | 2 | 15.2 | 350 | CLUSTER_HEALTH_NOMINAL | RETAIN_CURRENT_POD_REPLICA_COUNT | 200
K8S-00728 | prod-api | 3 | 89.8 | 8500 | RESOURCE_SATURATION_WARNING | TRIGGER_DYNAMIC_HORIZONTAL_POD_AUTOSCALING | 202
K8S-00729 | prod-api | 3 | 89.8 | 8500 | RESOURCE_SATURATION_WARNING | TRIGGER_DYNAMIC_HORIZONTAL_POD_AUTOSCALING | 202
K8S-00730 | data-pipeline | 5 | 94.1 | 12000 | RESOURCE_SATURATION_WARNING | TRIGGER_DYNAMIC_HORIZONTAL_POD_AUTOSCALING | 202
K8S-00731 | auth-service | 2 | 15.2 | 350 | CLUSTER_HEALTH_NOMINAL | RETAIN_CURRENT_POD_REPLICA_COUNT | 200
K8S-00732 | data-pipeline | 5 | 94.1 | 12000 | RESOURCE_SATURATION_WARNING | TRIGGER_DYNAMIC_HORIZONTAL_POD_AUTOSCALING | 202
K8S-00733 | auth-service | 2 | 15.2 | 350 | CLUSTER_HEALTH_NOMINAL | RETAIN_CURRENT_POD_REPLICA_COUNT | 200
K8S-00734 | prod-api | 3 | 42.5 | 1200 | CLUSTER_HEALTH_NOMINAL | RETAIN_CURRENT_POD_REPLICA_COUNT | 200
K8S-00735 | auth-service | 2 | 15.2 | 350 | CLUSTER_HEALTH_NOMINAL | RETAIN_CURRENT_POD_REPLICA_COUNT | 200
K8S-00736 | prod-api | 3 | 89.8 | 8500 | RESOURCE_SATURATION_WARNING | TRIGGER_DYNAMIC_HORIZONTAL_POD_AUTOSCALING | 202
K8S-00737 | data-pipeline | 5 | 94.1 | 12000 | RESOURCE_SATURATION_WARNING | TRIGGER_DYNAMIC_HORIZONTAL_POD_AUTOSCALING | 202
K8S-00738 | prod-api | 3 | 89.8 | 8500 | RESOURCE_SATURATION_WARNING | TRIGGER_DYNAMIC_HORIZONTAL_POD_AUTOSCALING | 202
K8S-00739 | prod-api | 3 | 89.8 | 8500 | RESOURCE_SATURATION_WARNING | TRIGGER_DYNAMIC_HORIZONTAL_POD_AUTOSCALING | 202
K8S-00740 | prod-api | 3 | 89.8 | 8500 | RESOURCE_SATURATION_WARNING | TRIGGER_DYNAMIC_HORIZONTAL_POD_AUTOSCALING | 202
K8S-00741 | prod-api | 3 | 89.8 | 8500 | RESOURCE_SATURATION_WARNING | TRIGGER_DYNAMIC_HORIZONTAL_POD_AUTOSCALING | 202
K8S-00742 | prod-api | 3 | 42.5 | 1200 | CLUSTER_HEALTH_NOMINAL | RETAIN_CURRENT_POD_REPLICA_COUNT | 200
K8S-00743 | prod-api | 3 | 89.8 | 8500 | RESOURCE_SATURATION_WARNING | TRIGGER_DYNAMIC_HORIZONTAL_POD_AUTOSCALING | 202
K8S-00744 | prod-api | 3 | 42.5 | 1200 | CLUSTER_HEALTH_NOMINAL | RETAIN_CURRENT_POD_REPLICA_COUNT | 200
K8S-00745 | auth-service | 2 | 15.2 | 350 | CLUSTER_HEALTH_NOMINAL | RETAIN_CURRENT_POD_REPLICA_COUNT | 200
K8S-00746 | data-pipeline | 5 | 94.1 | 12000 | RESOURCE_SATURATION_WARNING | TRIGGER_DYNAMIC_HORIZONTAL_POD_AUTOSCALING | 202
K8S-00747 | data-pipeline | 5 | 94.1 | 12000 | RESOURCE_SATURATION_WARNING | TRIGGER_DYNAMIC_HORIZONTAL_POD_AUTOSCALING | 202
K8S-00748 | auth-service | 2 | 15.2 | 350 | CLUSTER_HEALTH_NOMINAL | RETAIN_CURRENT_POD_REPLICA_COUNT | 200
K8S-00749 | auth-service | 2 | 15.2 | 350 | CLUSTER_HEALTH_NOMINAL | RETAIN_CURRENT_POD_REPLICA_COUNT | 200
K8S-00750 | data-pipeline | 5 | 94.1 | 12000 | RESOURCE_SATURATION_WARNING | TRIGGER_DYNAMIC_HORIZONTAL_POD_AUTOSCALING | 202
K8S-00751 | prod-api | 3 | 89.8 | 8500 | RESOURCE_SATURATION_WARNING | TRIGGER_DYNAMIC_HORIZONTAL_POD_AUTOSCALING | 202
K8S-00752 | prod-api | 3 | 89.8 | 8500 | RESOURCE_SATURATION_WARNING | TRIGGER_DYNAMIC_HORIZONTAL_POD_AUTOSCALING | 202
K8S-00753 | data-pipeline | 5 | 94.1 | 12000 | RESOURCE_SATURATION_WARNING | TRIGGER_DYNAMIC_HORIZONTAL_POD_AUTOSCALING | 202
K8S-00754 | prod-api | 3 | 42.5 | 1200 | CLUSTER_HEALTH_NOMINAL | RETAIN_CURRENT_POD_REPLICA_COUNT | 200
K8S-00755 | auth-service | 2 | 15.2 | 350 | CLUSTER_HEALTH_NOMINAL | RETAIN_CURRENT_POD_REPLICA_COUNT | 200
K8S-00756 | data-pipeline | 5 | 94.1 | 12000 | RESOURCE_SATURATION_WARNING | TRIGGER_DYNAMIC_HORIZONTAL_POD_AUTOSCALING | 202
K8S-00757 | auth-service | 2 | 15.2 | 350 | CLUSTER_HEALTH_NOMINAL | RETAIN_CURRENT_POD_REPLICA_COUNT | 200
K8S-00758 | prod-api | 3 | 89.8 | 8500 | RESOURCE_SATURATION_WARNING | TRIGGER_DYNAMIC_HORIZONTAL_POD_AUTOSCALING | 202
K8S-00759 | prod-api | 3 | 42.5 | 1200 | CLUSTER_HEALTH_NOMINAL | RETAIN_CURRENT_POD_REPLICA_COUNT | 200
K8S-00760 | prod-api | 3 | 89.8 | 8500 | RESOURCE_SATURATION_WARNING | TRIGGER_DYNAMIC_HORIZONTAL_POD_AUTOSCALING | 202
K8S-00761 | auth-service | 2 | 15.2 | 350 | CLUSTER_HEALTH_NOMINAL | RETAIN_CURRENT_POD_REPLICA_COUNT | 200
K8S-00762 | prod-api | 3 | 42.5 | 1200 | CLUSTER_HEALTH_NOMINAL | RETAIN_CURRENT_POD_REPLICA_COUNT | 200
K8S-00763 | prod-api | 3 | 42.5 | 1200 | CLUSTER_HEALTH_NOMINAL | RETAIN_CURRENT_POD_REPLICA_COUNT | 200
K8S-00764 | prod-api | 3 | 42.5 | 1200 | CLUSTER_HEALTH_NOMINAL | RETAIN_CURRENT_POD_REPLICA_COUNT | 200
K8S-00765 | data-pipeline | 5 | 94.1 | 12000 | RESOURCE_SATURATION_WARNING | TRIGGER_DYNAMIC_HORIZONTAL_POD_AUTOSCALING | 202
K8S-00766 | prod-api | 3 | 42.5 | 1200 | CLUSTER_HEALTH_NOMINAL | RETAIN_CURRENT_POD_REPLICA_COUNT | 200
K8S-00767 | data-pipeline | 5 | 94.1 | 12000 | RESOURCE_SATURATION_WARNING | TRIGGER_DYNAMIC_HORIZONTAL_POD_AUTOSCALING | 202
K8S-00768 | auth-service | 2 | 15.2 | 350 | CLUSTER_HEALTH_NOMINAL | RETAIN_CURRENT_POD_REPLICA_COUNT | 200
K8S-00769 | data-pipeline | 5 | 94.1 | 12000 | RESOURCE_SATURATION_WARNING | TRIGGER_DYNAMIC_HORIZONTAL_POD_AUTOSCALING | 202
K8S-00770 | data-pipeline | 5 | 94.1 | 12000 | RESOURCE_SATURATION_WARNING | TRIGGER_DYNAMIC_HORIZONTAL_POD_AUTOSCALING | 202
K8S-00771 | prod-api | 3 | 42.5 | 1200 | CLUSTER_HEALTH_NOMINAL | RETAIN_CURRENT_POD_REPLICA_COUNT | 200
K8S-00772 | data-pipeline | 5 | 94.1 | 12000 | RESOURCE_SATURATION_WARNING | TRIGGER_DYNAMIC_HORIZONTAL_POD_AUTOSCALING | 202
K8S-00773 | prod-api | 3 | 42.5 | 1200 | CLUSTER_HEALTH_NOMINAL | RETAIN_CURRENT_POD_REPLICA_COUNT | 200
K8S-00774 | prod-api | 3 | 89.8 | 8500 | RESOURCE_SATURATION_WARNING | TRIGGER_DYNAMIC_HORIZONTAL_POD_AUTOSCALING | 202
K8S-00775 | prod-api | 3 | 89.8 | 8500 | RESOURCE_SATURATION_WARNING | TRIGGER_DYNAMIC_HORIZONTAL_POD_AUTOSCALING | 202
K8S-00776 | prod-api | 3 | 42.5 | 1200 | CLUSTER_HEALTH_NOMINAL | RETAIN_CURRENT_POD_REPLICA_COUNT | 200
K8S-00777 | prod-api | 3 | 42.5 | 1200 | CLUSTER_HEALTH_NOMINAL | RETAIN_CURRENT_POD_REPLICA_COUNT | 200
K8S-00778 | auth-service | 2 | 15.2 | 350 | CLUSTER_HEALTH_NOMINAL | RETAIN_CURRENT_POD_REPLICA_COUNT | 200
K8S-00779 | prod-api | 3 | 89.8 | 8500 | RESOURCE_SATURATION_WARNING | TRIGGER_DYNAMIC_HORIZONTAL_POD_AUTOSCALING | 202
K8S-00780 | prod-api | 3 | 89.8 | 8500 | RESOURCE_SATURATION_WARNING | TRIGGER_DYNAMIC_HORIZONTAL_POD_AUTOSCALING | 202
K8S-00781 | auth-service | 2 | 15.2 | 350 | CLUSTER_HEALTH_NOMINAL | RETAIN_CURRENT_POD_REPLICA_COUNT | 200
K8S-00782 | prod-api | 3 | 42.5 | 1200 | CLUSTER_HEALTH_NOMINAL | RETAIN_CURRENT_POD_REPLICA_COUNT | 200
K8S-00783 | prod-api | 3 | 42.5 | 1200 | CLUSTER_HEALTH_NOMINAL | RETAIN_CURRENT_POD_REPLICA_COUNT | 200
K8S-00784 | auth-service | 2 | 15.2 | 350 | CLUSTER_HEALTH_NOMINAL | RETAIN_CURRENT_POD_REPLICA_COUNT | 200
K8S-00785 | prod-api | 3 | 89.8 | 8500 | RESOURCE_SATURATION_WARNING | TRIGGER_DYNAMIC_HORIZONTAL_POD_AUTOSCALING | 202
K8S-00786 | prod-api | 3 | 42.5 | 1200 | CLUSTER_HEALTH_NOMINAL | RETAIN_CURRENT_POD_REPLICA_COUNT | 200
K8S-00787 | auth-service | 2 | 15.2 | 350 | CLUSTER_HEALTH_NOMINAL | RETAIN_CURRENT_POD_REPLICA_COUNT | 200
K8S-00788 | auth-service | 2 | 15.2 | 350 | CLUSTER_HEALTH_NOMINAL | RETAIN_CURRENT_POD_REPLICA_COUNT | 200
K8S-00789 | auth-service | 2 | 15.2 | 350 | CLUSTER_HEALTH_NOMINAL | RETAIN_CURRENT_POD_REPLICA_COUNT | 200
K8S-00790 | prod-api | 3 | 42.5 | 1200 | CLUSTER_HEALTH_NOMINAL | RETAIN_CURRENT_POD_REPLICA_COUNT | 200
K8S-00791 | auth-service | 2 | 15.2 | 350 | CLUSTER_HEALTH_NOMINAL | RETAIN_CURRENT_POD_REPLICA_COUNT | 200
K8S-00792 | prod-api | 3 | 89.8 | 8500 | RESOURCE_SATURATION_WARNING | TRIGGER_DYNAMIC_HORIZONTAL_POD_AUTOSCALING | 202
K8S-00793 | data-pipeline | 5 | 94.1 | 12000 | RESOURCE_SATURATION_WARNING | TRIGGER_DYNAMIC_HORIZONTAL_POD_AUTOSCALING | 202
K8S-00794 | data-pipeline | 5 | 94.1 | 12000 | RESOURCE_SATURATION_WARNING | TRIGGER_DYNAMIC_HORIZONTAL_POD_AUTOSCALING | 202
K8S-00795 | data-pipeline | 5 | 94.1 | 12000 | RESOURCE_SATURATION_WARNING | TRIGGER_DYNAMIC_HORIZONTAL_POD_AUTOSCALING | 202
K8S-00796 | prod-api | 3 | 42.5 | 1200 | CLUSTER_HEALTH_NOMINAL | RETAIN_CURRENT_POD_REPLICA_COUNT | 200
K8S-00797 | auth-service | 2 | 15.2 | 350 | CLUSTER_HEALTH_NOMINAL | RETAIN_CURRENT_POD_REPLICA_COUNT | 200
K8S-00798 | auth-service | 2 | 15.2 | 350 | CLUSTER_HEALTH_NOMINAL | RETAIN_CURRENT_POD_REPLICA_COUNT | 200
K8S-00799 | prod-api | 3 | 89.8 | 8500 | RESOURCE_SATURATION_WARNING | TRIGGER_DYNAMIC_HORIZONTAL_POD_AUTOSCALING | 202
K8S-00800 | data-pipeline | 5 | 94.1 | 12000 | RESOURCE_SATURATION_WARNING | TRIGGER_DYNAMIC_HORIZONTAL_POD_AUTOSCALING | 202
K8S-00801 | data-pipeline | 5 | 94.1 | 12000 | RESOURCE_SATURATION_WARNING | TRIGGER_DYNAMIC_HORIZONTAL_POD_AUTOSCALING | 202
K8S-00802 | auth-service | 2 | 15.2 | 350 | CLUSTER_HEALTH_NOMINAL | RETAIN_CURRENT_POD_REPLICA_COUNT | 200
K8S-00803 | prod-api | 3 | 89.8 | 8500 | RESOURCE_SATURATION_WARNING | TRIGGER_DYNAMIC_HORIZONTAL_POD_AUTOSCALING | 202
K8S-00804 | prod-api | 3 | 89.8 | 8500 | RESOURCE_SATURATION_WARNING | TRIGGER_DYNAMIC_HORIZONTAL_POD_AUTOSCALING | 202
K8S-00805 | prod-api | 3 | 42.5 | 1200 | CLUSTER_HEALTH_NOMINAL | RETAIN_CURRENT_POD_REPLICA_COUNT | 200
K8S-00806 | data-pipeline | 5 | 94.1 | 12000 | RESOURCE_SATURATION_WARNING | TRIGGER_DYNAMIC_HORIZONTAL_POD_AUTOSCALING | 202
K8S-00807 | data-pipeline | 5 | 94.1 | 12000 | RESOURCE_SATURATION_WARNING | TRIGGER_DYNAMIC_HORIZONTAL_POD_AUTOSCALING | 202
K8S-00808 | prod-api | 3 | 42.5 | 1200 | CLUSTER_HEALTH_NOMINAL | RETAIN_CURRENT_POD_REPLICA_COUNT | 200
K8S-00809 | prod-api | 3 | 89.8 | 8500 | RESOURCE_SATURATION_WARNING | TRIGGER_DYNAMIC_HORIZONTAL_POD_AUTOSCALING | 202
K8S-00810 | prod-api | 3 | 89.8 | 8500 | RESOURCE_SATURATION_WARNING | TRIGGER_DYNAMIC_HORIZONTAL_POD_AUTOSCALING | 202
K8S-00811 | prod-api | 3 | 89.8 | 8500 | RESOURCE_SATURATION_WARNING | TRIGGER_DYNAMIC_HORIZONTAL_POD_AUTOSCALING | 202
K8S-00812 | prod-api | 3 | 42.5 | 1200 | CLUSTER_HEALTH_NOMINAL | RETAIN_CURRENT_POD_REPLICA_COUNT | 200
K8S-00813 | auth-service | 2 | 15.2 | 350 | CLUSTER_HEALTH_NOMINAL | RETAIN_CURRENT_POD_REPLICA_COUNT | 200
K8S-00814 | data-pipeline | 5 | 94.1 | 12000 | RESOURCE_SATURATION_WARNING | TRIGGER_DYNAMIC_HORIZONTAL_POD_AUTOSCALING | 202
K8S-00815 | data-pipeline | 5 | 94.1 | 12000 | RESOURCE_SATURATION_WARNING | TRIGGER_DYNAMIC_HORIZONTAL_POD_AUTOSCALING | 202
K8S-00816 | prod-api | 3 | 42.5 | 1200 | CLUSTER_HEALTH_NOMINAL | RETAIN_CURRENT_POD_REPLICA_COUNT | 200
K8S-00817 | data-pipeline | 5 | 94.1 | 12000 | RESOURCE_SATURATION_WARNING | TRIGGER_DYNAMIC_HORIZONTAL_POD_AUTOSCALING | 202
K8S-00818 | data-pipeline | 5 | 94.1 | 12000 | RESOURCE_SATURATION_WARNING | TRIGGER_DYNAMIC_HORIZONTAL_POD_AUTOSCALING | 202
K8S-00819 | prod-api | 3 | 89.8 | 8500 | RESOURCE_SATURATION_WARNING | TRIGGER_DYNAMIC_HORIZONTAL_POD_AUTOSCALING | 202
K8S-00820 | prod-api | 3 | 89.8 | 8500 | RESOURCE_SATURATION_WARNING | TRIGGER_DYNAMIC_HORIZONTAL_POD_AUTOSCALING | 202
K8S-00821 | auth-service | 2 | 15.2 | 350 | CLUSTER_HEALTH_NOMINAL | RETAIN_CURRENT_POD_REPLICA_COUNT | 200
K8S-00822 | prod-api | 3 | 42.5 | 1200 | CLUSTER_HEALTH_NOMINAL | RETAIN_CURRENT_POD_REPLICA_COUNT | 200
K8S-00823 | data-pipeline | 5 | 94.1 | 12000 | RESOURCE_SATURATION_WARNING | TRIGGER_DYNAMIC_HORIZONTAL_POD_AUTOSCALING | 202
K8S-00824 | prod-api | 3 | 89.8 | 8500 | RESOURCE_SATURATION_WARNING | TRIGGER_DYNAMIC_HORIZONTAL_POD_AUTOSCALING | 202
K8S-00825 | data-pipeline | 5 | 94.1 | 12000 | RESOURCE_SATURATION_WARNING | TRIGGER_DYNAMIC_HORIZONTAL_POD_AUTOSCALING | 202
K8S-00826 | auth-service | 2 | 15.2 | 350 | CLUSTER_HEALTH_NOMINAL | RETAIN_CURRENT_POD_REPLICA_COUNT | 200
K8S-00827 | auth-service | 2 | 15.2 | 350 | CLUSTER_HEALTH_NOMINAL | RETAIN_CURRENT_POD_REPLICA_COUNT | 200
K8S-00828 | prod-api | 3 | 89.8 | 8500 | RESOURCE_SATURATION_WARNING | TRIGGER_DYNAMIC_HORIZONTAL_POD_AUTOSCALING | 202
K8S-00829 | auth-service | 2 | 15.2 | 350 | CLUSTER_HEALTH_NOMINAL | RETAIN_CURRENT_POD_REPLICA_COUNT | 200
K8S-00830 | auth-service | 2 | 15.2 | 350 | CLUSTER_HEALTH_NOMINAL | RETAIN_CURRENT_POD_REPLICA_COUNT | 200
K8S-00831 | prod-api | 3 | 89.8 | 8500 | RESOURCE_SATURATION_WARNING | TRIGGER_DYNAMIC_HORIZONTAL_POD_AUTOSCALING | 202
K8S-00832 | prod-api | 3 | 42.5 | 1200 | CLUSTER_HEALTH_NOMINAL | RETAIN_CURRENT_POD_REPLICA_COUNT | 200
K8S-00833 | prod-api | 3 | 89.8 | 8500 | RESOURCE_SATURATION_WARNING | TRIGGER_DYNAMIC_HORIZONTAL_POD_AUTOSCALING | 202
K8S-00834 | data-pipeline | 5 | 94.1 | 12000 | RESOURCE_SATURATION_WARNING | TRIGGER_DYNAMIC_HORIZONTAL_POD_AUTOSCALING | 202
K8S-00835 | data-pipeline | 5 | 94.1 | 12000 | RESOURCE_SATURATION_WARNING | TRIGGER_DYNAMIC_HORIZONTAL_POD_AUTOSCALING | 202
K8S-00836 | auth-service | 2 | 15.2 | 350 | CLUSTER_HEALTH_NOMINAL | RETAIN_CURRENT_POD_REPLICA_COUNT | 200
K8S-00837 | prod-api | 3 | 42.5 | 1200 | CLUSTER_HEALTH_NOMINAL | RETAIN_CURRENT_POD_REPLICA_COUNT | 200
K8S-00838 | data-pipeline | 5 | 94.1 | 12000 | RESOURCE_SATURATION_WARNING | TRIGGER_DYNAMIC_HORIZONTAL_POD_AUTOSCALING | 202
K8S-00839 | data-pipeline | 5 | 94.1 | 12000 | RESOURCE_SATURATION_WARNING | TRIGGER_DYNAMIC_HORIZONTAL_POD_AUTOSCALING | 202
K8S-00840 | prod-api | 3 | 42.5 | 1200 | CLUSTER_HEALTH_NOMINAL | RETAIN_CURRENT_POD_REPLICA_COUNT | 200
K8S-00841 | data-pipeline | 5 | 94.1 | 12000 | RESOURCE_SATURATION_WARNING | TRIGGER_DYNAMIC_HORIZONTAL_POD_AUTOSCALING | 202
K8S-00842 | data-pipeline | 5 | 94.1 | 12000 | RESOURCE_SATURATION_WARNING | TRIGGER_DYNAMIC_HORIZONTAL_POD_AUTOSCALING | 202
K8S-00843 | auth-service | 2 | 15.2 | 350 | CLUSTER_HEALTH_NOMINAL | RETAIN_CURRENT_POD_REPLICA_COUNT | 200
K8S-00844 | data-pipeline | 5 | 94.1 | 12000 | RESOURCE_SATURATION_WARNING | TRIGGER_DYNAMIC_HORIZONTAL_POD_AUTOSCALING | 202
K8S-00845 | auth-service | 2 | 15.2 | 350 | CLUSTER_HEALTH_NOMINAL | RETAIN_CURRENT_POD_REPLICA_COUNT | 200
K8S-00846 | prod-api | 3 | 42.5 | 1200 | CLUSTER_HEALTH_NOMINAL | RETAIN_CURRENT_POD_REPLICA_COUNT | 200
K8S-00847 | prod-api | 3 | 89.8 | 8500 | RESOURCE_SATURATION_WARNING | TRIGGER_DYNAMIC_HORIZONTAL_POD_AUTOSCALING | 202
K8S-00848 | prod-api | 3 | 42.5 | 1200 | CLUSTER_HEALTH_NOMINAL | RETAIN_CURRENT_POD_REPLICA_COUNT | 200
K8S-00849 | auth-service | 2 | 15.2 | 350 | CLUSTER_HEALTH_NOMINAL | RETAIN_CURRENT_POD_REPLICA_COUNT | 200
K8S-00850 | prod-api | 3 | 89.8 | 8500 | RESOURCE_SATURATION_WARNING | TRIGGER_DYNAMIC_HORIZONTAL_POD_AUTOSCALING | 202
K8S-00851 | prod-api | 3 | 42.5 | 1200 | CLUSTER_HEALTH_NOMINAL | RETAIN_CURRENT_POD_REPLICA_COUNT | 200
K8S-00852 | prod-api | 3 | 89.8 | 8500 | RESOURCE_SATURATION_WARNING | TRIGGER_DYNAMIC_HORIZONTAL_POD_AUTOSCALING | 202
K8S-00853 | data-pipeline | 5 | 94.1 | 12000 | RESOURCE_SATURATION_WARNING | TRIGGER_DYNAMIC_HORIZONTAL_POD_AUTOSCALING | 202
K8S-00854 | auth-service | 2 | 15.2 | 350 | CLUSTER_HEALTH_NOMINAL | RETAIN_CURRENT_POD_REPLICA_COUNT | 200
K8S-00855 | auth-service | 2 | 15.2 | 350 | CLUSTER_HEALTH_NOMINAL | RETAIN_CURRENT_POD_REPLICA_COUNT | 200
K8S-00856 | data-pipeline | 5 | 94.1 | 12000 | RESOURCE_SATURATION_WARNING | TRIGGER_DYNAMIC_HORIZONTAL_POD_AUTOSCALING | 202
K8S-00857 | auth-service | 2 | 15.2 | 350 | CLUSTER_HEALTH_NOMINAL | RETAIN_CURRENT_POD_REPLICA_COUNT | 200
K8S-00858 | data-pipeline | 5 | 94.1 | 12000 | RESOURCE_SATURATION_WARNING | TRIGGER_DYNAMIC_HORIZONTAL_POD_AUTOSCALING | 202
K8S-00859 | prod-api | 3 | 89.8 | 8500 | RESOURCE_SATURATION_WARNING | TRIGGER_DYNAMIC_HORIZONTAL_POD_AUTOSCALING | 202
K8S-00860 | auth-service | 2 | 15.2 | 350 | CLUSTER_HEALTH_NOMINAL | RETAIN_CURRENT_POD_REPLICA_COUNT | 200
K8S-00861 | prod-api | 3 | 89.8 | 8500 | RESOURCE_SATURATION_WARNING | TRIGGER_DYNAMIC_HORIZONTAL_POD_AUTOSCALING | 202
K8S-00862 | auth-service | 2 | 15.2 | 350 | CLUSTER_HEALTH_NOMINAL | RETAIN_CURRENT_POD_REPLICA_COUNT | 200
K8S-00863 | data-pipeline | 5 | 94.1 | 12000 | RESOURCE_SATURATION_WARNING | TRIGGER_DYNAMIC_HORIZONTAL_POD_AUTOSCALING | 202
K8S-00864 | data-pipeline | 5 | 94.1 | 12000 | RESOURCE_SATURATION_WARNING | TRIGGER_DYNAMIC_HORIZONTAL_POD_AUTOSCALING | 202
K8S-00865 | auth-service | 2 | 15.2 | 350 | CLUSTER_HEALTH_NOMINAL | RETAIN_CURRENT_POD_REPLICA_COUNT | 200
K8S-00866 | auth-service | 2 | 15.2 | 350 | CLUSTER_HEALTH_NOMINAL | RETAIN_CURRENT_POD_REPLICA_COUNT | 200
K8S-00867 | data-pipeline | 5 | 94.1 | 12000 | RESOURCE_SATURATION_WARNING | TRIGGER_DYNAMIC_HORIZONTAL_POD_AUTOSCALING | 202
K8S-00868 | auth-service | 2 | 15.2 | 350 | CLUSTER_HEALTH_NOMINAL | RETAIN_CURRENT_POD_REPLICA_COUNT | 200
K8S-00869 | prod-api | 3 | 89.8 | 8500 | RESOURCE_SATURATION_WARNING | TRIGGER_DYNAMIC_HORIZONTAL_POD_AUTOSCALING | 202
K8S-00870 | prod-api | 3 | 42.5 | 1200 | CLUSTER_HEALTH_NOMINAL | RETAIN_CURRENT_POD_REPLICA_COUNT | 200
K8S-00871 | prod-api | 3 | 89.8 | 8500 | RESOURCE_SATURATION_WARNING | TRIGGER_DYNAMIC_HORIZONTAL_POD_AUTOSCALING | 202
K8S-00872 | prod-api | 3 | 89.8 | 8500 | RESOURCE_SATURATION_WARNING | TRIGGER_DYNAMIC_HORIZONTAL_POD_AUTOSCALING | 202
K8S-00873 | data-pipeline | 5 | 94.1 | 12000 | RESOURCE_SATURATION_WARNING | TRIGGER_DYNAMIC_HORIZONTAL_POD_AUTOSCALING | 202
K8S-00874 | prod-api | 3 | 89.8 | 8500 | RESOURCE_SATURATION_WARNING | TRIGGER_DYNAMIC_HORIZONTAL_POD_AUTOSCALING | 202
K8S-00875 | prod-api | 3 | 42.5 | 1200 | CLUSTER_HEALTH_NOMINAL | RETAIN_CURRENT_POD_REPLICA_COUNT | 200
K8S-00876 | auth-service | 2 | 15.2 | 350 | CLUSTER_HEALTH_NOMINAL | RETAIN_CURRENT_POD_REPLICA_COUNT | 200
K8S-00877 | prod-api | 3 | 42.5 | 1200 | CLUSTER_HEALTH_NOMINAL | RETAIN_CURRENT_POD_REPLICA_COUNT | 200
K8S-00878 | prod-api | 3 | 42.5 | 1200 | CLUSTER_HEALTH_NOMINAL | RETAIN_CURRENT_POD_REPLICA_COUNT | 200
K8S-00879 | data-pipeline | 5 | 94.1 | 12000 | RESOURCE_SATURATION_WARNING | TRIGGER_DYNAMIC_HORIZONTAL_POD_AUTOSCALING | 202
K8S-00880 | prod-api | 3 | 42.5 | 1200 | CLUSTER_HEALTH_NOMINAL | RETAIN_CURRENT_POD_REPLICA_COUNT | 200
K8S-00881 | prod-api | 3 | 89.8 | 8500 | RESOURCE_SATURATION_WARNING | TRIGGER_DYNAMIC_HORIZONTAL_POD_AUTOSCALING | 202
K8S-00882 | data-pipeline | 5 | 94.1 | 12000 | RESOURCE_SATURATION_WARNING | TRIGGER_DYNAMIC_HORIZONTAL_POD_AUTOSCALING | 202
K8S-00883 | prod-api | 3 | 89.8 | 8500 | RESOURCE_SATURATION_WARNING | TRIGGER_DYNAMIC_HORIZONTAL_POD_AUTOSCALING | 202
K8S-00884 | prod-api | 3 | 89.8 | 8500 | RESOURCE_SATURATION_WARNING | TRIGGER_DYNAMIC_HORIZONTAL_POD_AUTOSCALING | 202
K8S-00885 | prod-api | 3 | 42.5 | 1200 | CLUSTER_HEALTH_NOMINAL | RETAIN_CURRENT_POD_REPLICA_COUNT | 200
K8S-00886 | prod-api | 3 | 42.5 | 1200 | CLUSTER_HEALTH_NOMINAL | RETAIN_CURRENT_POD_REPLICA_COUNT | 200
K8S-00887 | auth-service | 2 | 15.2 | 350 | CLUSTER_HEALTH_NOMINAL | RETAIN_CURRENT_POD_REPLICA_COUNT | 200
K8S-00888 | auth-service | 2 | 15.2 | 350 | CLUSTER_HEALTH_NOMINAL | RETAIN_CURRENT_POD_REPLICA_COUNT | 200
K8S-00889 | prod-api | 3 | 42.5 | 1200 | CLUSTER_HEALTH_NOMINAL | RETAIN_CURRENT_POD_REPLICA_COUNT | 200
K8S-00890 | prod-api | 3 | 42.5 | 1200 | CLUSTER_HEALTH_NOMINAL | RETAIN_CURRENT_POD_REPLICA_COUNT | 200
K8S-00891 | prod-api | 3 | 42.5 | 1200 | CLUSTER_HEALTH_NOMINAL | RETAIN_CURRENT_POD_REPLICA_COUNT | 200
K8S-00892 | auth-service | 2 | 15.2 | 350 | CLUSTER_HEALTH_NOMINAL | RETAIN_CURRENT_POD_REPLICA_COUNT | 200
K8S-00893 | auth-service | 2 | 15.2 | 350 | CLUSTER_HEALTH_NOMINAL | RETAIN_CURRENT_POD_REPLICA_COUNT | 200
K8S-00894 | prod-api | 3 | 89.8 | 8500 | RESOURCE_SATURATION_WARNING | TRIGGER_DYNAMIC_HORIZONTAL_POD_AUTOSCALING | 202
K8S-00895 | prod-api | 3 | 89.8 | 8500 | RESOURCE_SATURATION_WARNING | TRIGGER_DYNAMIC_HORIZONTAL_POD_AUTOSCALING | 202
K8S-00896 | data-pipeline | 5 | 94.1 | 12000 | RESOURCE_SATURATION_WARNING | TRIGGER_DYNAMIC_HORIZONTAL_POD_AUTOSCALING | 202
K8S-00897 | data-pipeline | 5 | 94.1 | 12000 | RESOURCE_SATURATION_WARNING | TRIGGER_DYNAMIC_HORIZONTAL_POD_AUTOSCALING | 202
K8S-00898 | prod-api | 3 | 42.5 | 1200 | CLUSTER_HEALTH_NOMINAL | RETAIN_CURRENT_POD_REPLICA_COUNT | 200
K8S-00899 | data-pipeline | 5 | 94.1 | 12000 | RESOURCE_SATURATION_WARNING | TRIGGER_DYNAMIC_HORIZONTAL_POD_AUTOSCALING | 202
K8S-00900 | data-pipeline | 5 | 94.1 | 12000 | RESOURCE_SATURATION_WARNING | TRIGGER_DYNAMIC_HORIZONTAL_POD_AUTOSCALING | 202
K8S-00901 | prod-api | 3 | 42.5 | 1200 | CLUSTER_HEALTH_NOMINAL | RETAIN_CURRENT_POD_REPLICA_COUNT | 200
K8S-00902 | data-pipeline | 5 | 94.1 | 12000 | RESOURCE_SATURATION_WARNING | TRIGGER_DYNAMIC_HORIZONTAL_POD_AUTOSCALING | 202
K8S-00903 | prod-api | 3 | 89.8 | 8500 | RESOURCE_SATURATION_WARNING | TRIGGER_DYNAMIC_HORIZONTAL_POD_AUTOSCALING | 202
K8S-00904 | prod-api | 3 | 89.8 | 8500 | RESOURCE_SATURATION_WARNING | TRIGGER_DYNAMIC_HORIZONTAL_POD_AUTOSCALING | 202
K8S-00905 | data-pipeline | 5 | 94.1 | 12000 | RESOURCE_SATURATION_WARNING | TRIGGER_DYNAMIC_HORIZONTAL_POD_AUTOSCALING | 202
K8S-00906 | auth-service | 2 | 15.2 | 350 | CLUSTER_HEALTH_NOMINAL | RETAIN_CURRENT_POD_REPLICA_COUNT | 200
K8S-00907 | prod-api | 3 | 42.5 | 1200 | CLUSTER_HEALTH_NOMINAL | RETAIN_CURRENT_POD_REPLICA_COUNT | 200
K8S-00908 | prod-api | 3 | 42.5 | 1200 | CLUSTER_HEALTH_NOMINAL | RETAIN_CURRENT_POD_REPLICA_COUNT | 200
K8S-00909 | auth-service | 2 | 15.2 | 350 | CLUSTER_HEALTH_NOMINAL | RETAIN_CURRENT_POD_REPLICA_COUNT | 200
K8S-00910 | prod-api | 3 | 89.8 | 8500 | RESOURCE_SATURATION_WARNING | TRIGGER_DYNAMIC_HORIZONTAL_POD_AUTOSCALING | 202
K8S-00911 | data-pipeline | 5 | 94.1 | 12000 | RESOURCE_SATURATION_WARNING | TRIGGER_DYNAMIC_HORIZONTAL_POD_AUTOSCALING | 202
K8S-00912 | prod-api | 3 | 89.8 | 8500 | RESOURCE_SATURATION_WARNING | TRIGGER_DYNAMIC_HORIZONTAL_POD_AUTOSCALING | 202
K8S-00913 | auth-service | 2 | 15.2 | 350 | CLUSTER_HEALTH_NOMINAL | RETAIN_CURRENT_POD_REPLICA_COUNT | 200
K8S-00914 | prod-api | 3 | 89.8 | 8500 | RESOURCE_SATURATION_WARNING | TRIGGER_DYNAMIC_HORIZONTAL_POD_AUTOSCALING | 202
K8S-00915 | auth-service | 2 | 15.2 | 350 | CLUSTER_HEALTH_NOMINAL | RETAIN_CURRENT_POD_REPLICA_COUNT | 200
K8S-00916 | auth-service | 2 | 15.2 | 350 | CLUSTER_HEALTH_NOMINAL | RETAIN_CURRENT_POD_REPLICA_COUNT | 200
K8S-00917 | prod-api | 3 | 42.5 | 1200 | CLUSTER_HEALTH_NOMINAL | RETAIN_CURRENT_POD_REPLICA_COUNT | 200
K8S-00918 | prod-api | 3 | 89.8 | 8500 | RESOURCE_SATURATION_WARNING | TRIGGER_DYNAMIC_HORIZONTAL_POD_AUTOSCALING | 202
K8S-00919 | data-pipeline | 5 | 94.1 | 12000 | RESOURCE_SATURATION_WARNING | TRIGGER_DYNAMIC_HORIZONTAL_POD_AUTOSCALING | 202
K8S-00920 | prod-api | 3 | 89.8 | 8500 | RESOURCE_SATURATION_WARNING | TRIGGER_DYNAMIC_HORIZONTAL_POD_AUTOSCALING | 202
K8S-00921 | data-pipeline | 5 | 94.1 | 12000 | RESOURCE_SATURATION_WARNING | TRIGGER_DYNAMIC_HORIZONTAL_POD_AUTOSCALING | 202
K8S-00922 | data-pipeline | 5 | 94.1 | 12000 | RESOURCE_SATURATION_WARNING | TRIGGER_DYNAMIC_HORIZONTAL_POD_AUTOSCALING | 202
K8S-00923 | auth-service | 2 | 15.2 | 350 | CLUSTER_HEALTH_NOMINAL | RETAIN_CURRENT_POD_REPLICA_COUNT | 200
K8S-00924 | prod-api | 3 | 42.5 | 1200 | CLUSTER_HEALTH_NOMINAL | RETAIN_CURRENT_POD_REPLICA_COUNT | 200
K8S-00925 | auth-service | 2 | 15.2 | 350 | CLUSTER_HEALTH_NOMINAL | RETAIN_CURRENT_POD_REPLICA_COUNT | 200
K8S-00926 | auth-service | 2 | 15.2 | 350 | CLUSTER_HEALTH_NOMINAL | RETAIN_CURRENT_POD_REPLICA_COUNT | 200
K8S-00927 | prod-api | 3 | 42.5 | 1200 | CLUSTER_HEALTH_NOMINAL | RETAIN_CURRENT_POD_REPLICA_COUNT | 200
K8S-00928 | auth-service | 2 | 15.2 | 350 | CLUSTER_HEALTH_NOMINAL | RETAIN_CURRENT_POD_REPLICA_COUNT | 200
K8S-00929 | prod-api | 3 | 42.5 | 1200 | CLUSTER_HEALTH_NOMINAL | RETAIN_CURRENT_POD_REPLICA_COUNT | 200
K8S-00930 | prod-api | 3 | 89.8 | 8500 | RESOURCE_SATURATION_WARNING | TRIGGER_DYNAMIC_HORIZONTAL_POD_AUTOSCALING | 202
K8S-00931 | prod-api | 3 | 42.5 | 1200 | CLUSTER_HEALTH_NOMINAL | RETAIN_CURRENT_POD_REPLICA_COUNT | 200
K8S-00932 | prod-api | 3 | 42.5 | 1200 | CLUSTER_HEALTH_NOMINAL | RETAIN_CURRENT_POD_REPLICA_COUNT | 200
K8S-00933 | auth-service | 2 | 15.2 | 350 | CLUSTER_HEALTH_NOMINAL | RETAIN_CURRENT_POD_REPLICA_COUNT | 200
K8S-00934 | prod-api | 3 | 89.8 | 8500 | RESOURCE_SATURATION_WARNING | TRIGGER_DYNAMIC_HORIZONTAL_POD_AUTOSCALING | 202
K8S-00935 | data-pipeline | 5 | 94.1 | 12000 | RESOURCE_SATURATION_WARNING | TRIGGER_DYNAMIC_HORIZONTAL_POD_AUTOSCALING | 202
K8S-00936 | data-pipeline | 5 | 94.1 | 12000 | RESOURCE_SATURATION_WARNING | TRIGGER_DYNAMIC_HORIZONTAL_POD_AUTOSCALING | 202
K8S-00937 | auth-service | 2 | 15.2 | 350 | CLUSTER_HEALTH_NOMINAL | RETAIN_CURRENT_POD_REPLICA_COUNT | 200
K8S-00938 | data-pipeline | 5 | 94.1 | 12000 | RESOURCE_SATURATION_WARNING | TRIGGER_DYNAMIC_HORIZONTAL_POD_AUTOSCALING | 202
K8S-00939 | prod-api | 3 | 42.5 | 1200 | CLUSTER_HEALTH_NOMINAL | RETAIN_CURRENT_POD_REPLICA_COUNT | 200
K8S-00940 | prod-api | 3 | 89.8 | 8500 | RESOURCE_SATURATION_WARNING | TRIGGER_DYNAMIC_HORIZONTAL_POD_AUTOSCALING | 202
K8S-00941 | prod-api | 3 | 89.8 | 8500 | RESOURCE_SATURATION_WARNING | TRIGGER_DYNAMIC_HORIZONTAL_POD_AUTOSCALING | 202
K8S-00942 | auth-service | 2 | 15.2 | 350 | CLUSTER_HEALTH_NOMINAL | RETAIN_CURRENT_POD_REPLICA_COUNT | 200
K8S-00943 | prod-api | 3 | 42.5 | 1200 | CLUSTER_HEALTH_NOMINAL | RETAIN_CURRENT_POD_REPLICA_COUNT | 200
K8S-00944 | data-pipeline | 5 | 94.1 | 12000 | RESOURCE_SATURATION_WARNING | TRIGGER_DYNAMIC_HORIZONTAL_POD_AUTOSCALING | 202
K8S-00945 | prod-api | 3 | 42.5 | 1200 | CLUSTER_HEALTH_NOMINAL | RETAIN_CURRENT_POD_REPLICA_COUNT | 200
K8S-00946 | prod-api | 3 | 89.8 | 8500 | RESOURCE_SATURATION_WARNING | TRIGGER_DYNAMIC_HORIZONTAL_POD_AUTOSCALING | 202
K8S-00947 | prod-api | 3 | 42.5 | 1200 | CLUSTER_HEALTH_NOMINAL | RETAIN_CURRENT_POD_REPLICA_COUNT | 200
K8S-00948 | auth-service | 2 | 15.2 | 350 | CLUSTER_HEALTH_NOMINAL | RETAIN_CURRENT_POD_REPLICA_COUNT | 200
K8S-00949 | prod-api | 3 | 89.8 | 8500 | RESOURCE_SATURATION_WARNING | TRIGGER_DYNAMIC_HORIZONTAL_POD_AUTOSCALING | 202
K8S-00950 | data-pipeline | 5 | 94.1 | 12000 | RESOURCE_SATURATION_WARNING | TRIGGER_DYNAMIC_HORIZONTAL_POD_AUTOSCALING | 202
K8S-00951 | prod-api | 3 | 89.8 | 8500 | RESOURCE_SATURATION_WARNING | TRIGGER_DYNAMIC_HORIZONTAL_POD_AUTOSCALING | 202
K8S-00952 | auth-service | 2 | 15.2 | 350 | CLUSTER_HEALTH_NOMINAL | RETAIN_CURRENT_POD_REPLICA_COUNT | 200
K8S-00953 | auth-service | 2 | 15.2 | 350 | CLUSTER_HEALTH_NOMINAL | RETAIN_CURRENT_POD_REPLICA_COUNT | 200
K8S-00954 | data-pipeline | 5 | 94.1 | 12000 | RESOURCE_SATURATION_WARNING | TRIGGER_DYNAMIC_HORIZONTAL_POD_AUTOSCALING | 202
K8S-00955 | auth-service | 2 | 15.2 | 350 | CLUSTER_HEALTH_NOMINAL | RETAIN_CURRENT_POD_REPLICA_COUNT | 200
K8S-00956 | prod-api | 3 | 89.8 | 8500 | RESOURCE_SATURATION_WARNING | TRIGGER_DYNAMIC_HORIZONTAL_POD_AUTOSCALING | 202
K8S-00957 | prod-api | 3 | 89.8 | 8500 | RESOURCE_SATURATION_WARNING | TRIGGER_DYNAMIC_HORIZONTAL_POD_AUTOSCALING | 202
K8S-00958 | data-pipeline | 5 | 94.1 | 12000 | RESOURCE_SATURATION_WARNING | TRIGGER_DYNAMIC_HORIZONTAL_POD_AUTOSCALING | 202
K8S-00959 | data-pipeline | 5 | 94.1 | 12000 | RESOURCE_SATURATION_WARNING | TRIGGER_DYNAMIC_HORIZONTAL_POD_AUTOSCALING | 202
K8S-00960 | prod-api | 3 | 89.8 | 8500 | RESOURCE_SATURATION_WARNING | TRIGGER_DYNAMIC_HORIZONTAL_POD_AUTOSCALING | 202
K8S-00961 | auth-service | 2 | 15.2 | 350 | CLUSTER_HEALTH_NOMINAL | RETAIN_CURRENT_POD_REPLICA_COUNT | 200
K8S-00962 | prod-api | 3 | 42.5 | 1200 | CLUSTER_HEALTH_NOMINAL | RETAIN_CURRENT_POD_REPLICA_COUNT | 200
K8S-00963 | data-pipeline | 5 | 94.1 | 12000 | RESOURCE_SATURATION_WARNING | TRIGGER_DYNAMIC_HORIZONTAL_POD_AUTOSCALING | 202
K8S-00964 | data-pipeline | 5 | 94.1 | 12000 | RESOURCE_SATURATION_WARNING | TRIGGER_DYNAMIC_HORIZONTAL_POD_AUTOSCALING | 202
K8S-00965 | data-pipeline | 5 | 94.1 | 12000 | RESOURCE_SATURATION_WARNING | TRIGGER_DYNAMIC_HORIZONTAL_POD_AUTOSCALING | 202
K8S-00966 | prod-api | 3 | 89.8 | 8500 | RESOURCE_SATURATION_WARNING | TRIGGER_DYNAMIC_HORIZONTAL_POD_AUTOSCALING | 202
K8S-00967 | data-pipeline | 5 | 94.1 | 12000 | RESOURCE_SATURATION_WARNING | TRIGGER_DYNAMIC_HORIZONTAL_POD_AUTOSCALING | 202
K8S-00968 | auth-service | 2 | 15.2 | 350 | CLUSTER_HEALTH_NOMINAL | RETAIN_CURRENT_POD_REPLICA_COUNT | 200
K8S-00969 | auth-service | 2 | 15.2 | 350 | CLUSTER_HEALTH_NOMINAL | RETAIN_CURRENT_POD_REPLICA_COUNT | 200
K8S-00970 | prod-api | 3 | 89.8 | 8500 | RESOURCE_SATURATION_WARNING | TRIGGER_DYNAMIC_HORIZONTAL_POD_AUTOSCALING | 202
K8S-00971 | prod-api | 3 | 42.5 | 1200 | CLUSTER_HEALTH_NOMINAL | RETAIN_CURRENT_POD_REPLICA_COUNT | 200
K8S-00972 | prod-api | 3 | 89.8 | 8500 | RESOURCE_SATURATION_WARNING | TRIGGER_DYNAMIC_HORIZONTAL_POD_AUTOSCALING | 202
K8S-00973 | data-pipeline | 5 | 94.1 | 12000 | RESOURCE_SATURATION_WARNING | TRIGGER_DYNAMIC_HORIZONTAL_POD_AUTOSCALING | 202
K8S-00974 | prod-api | 3 | 89.8 | 8500 | RESOURCE_SATURATION_WARNING | TRIGGER_DYNAMIC_HORIZONTAL_POD_AUTOSCALING | 202
K8S-00975 | auth-service | 2 | 15.2 | 350 | CLUSTER_HEALTH_NOMINAL | RETAIN_CURRENT_POD_REPLICA_COUNT | 200
K8S-00976 | prod-api | 3 | 42.5 | 1200 | CLUSTER_HEALTH_NOMINAL | RETAIN_CURRENT_POD_REPLICA_COUNT | 200
K8S-00977 | prod-api | 3 | 42.5 | 1200 | CLUSTER_HEALTH_NOMINAL | RETAIN_CURRENT_POD_REPLICA_COUNT | 200
K8S-00978 | prod-api | 3 | 89.8 | 8500 | RESOURCE_SATURATION_WARNING | TRIGGER_DYNAMIC_HORIZONTAL_POD_AUTOSCALING | 202
K8S-00979 | data-pipeline | 5 | 94.1 | 12000 | RESOURCE_SATURATION_WARNING | TRIGGER_DYNAMIC_HORIZONTAL_POD_AUTOSCALING | 202
K8S-00980 | prod-api | 3 | 42.5 | 1200 | CLUSTER_HEALTH_NOMINAL | RETAIN_CURRENT_POD_REPLICA_COUNT | 200
K8S-00981 | prod-api | 3 | 89.8 | 8500 | RESOURCE_SATURATION_WARNING | TRIGGER_DYNAMIC_HORIZONTAL_POD_AUTOSCALING | 202
K8S-00982 | data-pipeline | 5 | 94.1 | 12000 | RESOURCE_SATURATION_WARNING | TRIGGER_DYNAMIC_HORIZONTAL_POD_AUTOSCALING | 202
K8S-00983 | prod-api | 3 | 89.8 | 8500 | RESOURCE_SATURATION_WARNING | TRIGGER_DYNAMIC_HORIZONTAL_POD_AUTOSCALING | 202
K8S-00984 | prod-api | 3 | 42.5 | 1200 | CLUSTER_HEALTH_NOMINAL | RETAIN_CURRENT_POD_REPLICA_COUNT | 200
K8S-00985 | auth-service | 2 | 15.2 | 350 | CLUSTER_HEALTH_NOMINAL | RETAIN_CURRENT_POD_REPLICA_COUNT | 200
K8S-00986 | prod-api | 3 | 89.8 | 8500 | RESOURCE_SATURATION_WARNING | TRIGGER_DYNAMIC_HORIZONTAL_POD_AUTOSCALING | 202
K8S-00987 | data-pipeline | 5 | 94.1 | 12000 | RESOURCE_SATURATION_WARNING | TRIGGER_DYNAMIC_HORIZONTAL_POD_AUTOSCALING | 202
K8S-00988 | auth-service | 2 | 15.2 | 350 | CLUSTER_HEALTH_NOMINAL | RETAIN_CURRENT_POD_REPLICA_COUNT | 200
K8S-00989 | auth-service | 2 | 15.2 | 350 | CLUSTER_HEALTH_NOMINAL | RETAIN_CURRENT_POD_REPLICA_COUNT | 200
K8S-00990 | data-pipeline | 5 | 94.1 | 12000 | RESOURCE_SATURATION_WARNING | TRIGGER_DYNAMIC_HORIZONTAL_POD_AUTOSCALING | 202
K8S-00991 | prod-api | 3 | 42.5 | 1200 | CLUSTER_HEALTH_NOMINAL | RETAIN_CURRENT_POD_REPLICA_COUNT | 200
K8S-00992 | prod-api | 3 | 89.8 | 8500 | RESOURCE_SATURATION_WARNING | TRIGGER_DYNAMIC_HORIZONTAL_POD_AUTOSCALING | 202
K8S-00993 | prod-api | 3 | 42.5 | 1200 | CLUSTER_HEALTH_NOMINAL | RETAIN_CURRENT_POD_REPLICA_COUNT | 200
K8S-00994 | prod-api | 3 | 89.8 | 8500 | RESOURCE_SATURATION_WARNING | TRIGGER_DYNAMIC_HORIZONTAL_POD_AUTOSCALING | 202
K8S-00995 | auth-service | 2 | 15.2 | 350 | CLUSTER_HEALTH_NOMINAL | RETAIN_CURRENT_POD_REPLICA_COUNT | 200
K8S-00996 | prod-api | 3 | 42.5 | 1200 | CLUSTER_HEALTH_NOMINAL | RETAIN_CURRENT_POD_REPLICA_COUNT | 200
K8S-00997 | prod-api | 3 | 42.5 | 1200 | CLUSTER_HEALTH_NOMINAL | RETAIN_CURRENT_POD_REPLICA_COUNT | 200
K8S-00998 | auth-service | 2 | 15.2 | 350 | CLUSTER_HEALTH_NOMINAL | RETAIN_CURRENT_POD_REPLICA_COUNT | 200
K8S-00999 | prod-api | 3 | 42.5 | 1200 | CLUSTER_HEALTH_NOMINAL | RETAIN_CURRENT_POD_REPLICA_COUNT | 200
K8S-01000 | data-pipeline | 5 | 94.1 | 12000 | RESOURCE_SATURATION_WARNING | TRIGGER_DYNAMIC_HORIZONTAL_POD_AUTOSCALING | 202
K8S-01001 | prod-api | 3 | 89.8 | 8500 | RESOURCE_SATURATION_WARNING | TRIGGER_DYNAMIC_HORIZONTAL_POD_AUTOSCALING | 202
K8S-01002 | auth-service | 2 | 15.2 | 350 | CLUSTER_HEALTH_NOMINAL | RETAIN_CURRENT_POD_REPLICA_COUNT | 200
K8S-01003 | auth-service | 2 | 15.2 | 350 | CLUSTER_HEALTH_NOMINAL | RETAIN_CURRENT_POD_REPLICA_COUNT | 200
K8S-01004 | prod-api | 3 | 42.5 | 1200 | CLUSTER_HEALTH_NOMINAL | RETAIN_CURRENT_POD_REPLICA_COUNT | 200
K8S-01005 | prod-api | 3 | 42.5 | 1200 | CLUSTER_HEALTH_NOMINAL | RETAIN_CURRENT_POD_REPLICA_COUNT | 200
K8S-01006 | data-pipeline | 5 | 94.1 | 12000 | RESOURCE_SATURATION_WARNING | TRIGGER_DYNAMIC_HORIZONTAL_POD_AUTOSCALING | 202
K8S-01007 | auth-service | 2 | 15.2 | 350 | CLUSTER_HEALTH_NOMINAL | RETAIN_CURRENT_POD_REPLICA_COUNT | 200
K8S-01008 | prod-api | 3 | 42.5 | 1200 | CLUSTER_HEALTH_NOMINAL | RETAIN_CURRENT_POD_REPLICA_COUNT | 200
K8S-01009 | prod-api | 3 | 89.8 | 8500 | RESOURCE_SATURATION_WARNING | TRIGGER_DYNAMIC_HORIZONTAL_POD_AUTOSCALING | 202
K8S-01010 | data-pipeline | 5 | 94.1 | 12000 | RESOURCE_SATURATION_WARNING | TRIGGER_DYNAMIC_HORIZONTAL_POD_AUTOSCALING | 202
K8S-01011 | auth-service | 2 | 15.2 | 350 | CLUSTER_HEALTH_NOMINAL | RETAIN_CURRENT_POD_REPLICA_COUNT | 200
K8S-01012 | prod-api | 3 | 89.8 | 8500 | RESOURCE_SATURATION_WARNING | TRIGGER_DYNAMIC_HORIZONTAL_POD_AUTOSCALING | 202
K8S-01013 | data-pipeline | 5 | 94.1 | 12000 | RESOURCE_SATURATION_WARNING | TRIGGER_DYNAMIC_HORIZONTAL_POD_AUTOSCALING | 202
K8S-01014 | prod-api | 3 | 89.8 | 8500 | RESOURCE_SATURATION_WARNING | TRIGGER_DYNAMIC_HORIZONTAL_POD_AUTOSCALING | 202
K8S-01015 | prod-api | 3 | 42.5 | 1200 | CLUSTER_HEALTH_NOMINAL | RETAIN_CURRENT_POD_REPLICA_COUNT | 200
K8S-01016 | data-pipeline | 5 | 94.1 | 12000 | RESOURCE_SATURATION_WARNING | TRIGGER_DYNAMIC_HORIZONTAL_POD_AUTOSCALING | 202
K8S-01017 | prod-api | 3 | 42.5 | 1200 | CLUSTER_HEALTH_NOMINAL | RETAIN_CURRENT_POD_REPLICA_COUNT | 200
K8S-01018 | prod-api | 3 | 42.5 | 1200 | CLUSTER_HEALTH_NOMINAL | RETAIN_CURRENT_POD_REPLICA_COUNT | 200
K8S-01019 | data-pipeline | 5 | 94.1 | 12000 | RESOURCE_SATURATION_WARNING | TRIGGER_DYNAMIC_HORIZONTAL_POD_AUTOSCALING | 202
K8S-01020 | prod-api | 3 | 89.8 | 8500 | RESOURCE_SATURATION_WARNING | TRIGGER_DYNAMIC_HORIZONTAL_POD_AUTOSCALING | 202
K8S-01021 | auth-service | 2 | 15.2 | 350 | CLUSTER_HEALTH_NOMINAL | RETAIN_CURRENT_POD_REPLICA_COUNT | 200
K8S-01022 | auth-service | 2 | 15.2 | 350 | CLUSTER_HEALTH_NOMINAL | RETAIN_CURRENT_POD_REPLICA_COUNT | 200
K8S-01023 | data-pipeline | 5 | 94.1 | 12000 | RESOURCE_SATURATION_WARNING | TRIGGER_DYNAMIC_HORIZONTAL_POD_AUTOSCALING | 202
K8S-01024 | auth-service | 2 | 15.2 | 350 | CLUSTER_HEALTH_NOMINAL | RETAIN_CURRENT_POD_REPLICA_COUNT | 200
K8S-01025 | prod-api | 3 | 89.8 | 8500 | RESOURCE_SATURATION_WARNING | TRIGGER_DYNAMIC_HORIZONTAL_POD_AUTOSCALING | 202
K8S-01026 | data-pipeline | 5 | 94.1 | 12000 | RESOURCE_SATURATION_WARNING | TRIGGER_DYNAMIC_HORIZONTAL_POD_AUTOSCALING | 202
K8S-01027 | prod-api | 3 | 42.5 | 1200 | CLUSTER_HEALTH_NOMINAL | RETAIN_CURRENT_POD_REPLICA_COUNT | 200
K8S-01028 | data-pipeline | 5 | 94.1 | 12000 | RESOURCE_SATURATION_WARNING | TRIGGER_DYNAMIC_HORIZONTAL_POD_AUTOSCALING | 202
K8S-01029 | prod-api | 3 | 42.5 | 1200 | CLUSTER_HEALTH_NOMINAL | RETAIN_CURRENT_POD_REPLICA_COUNT | 200
K8S-01030 | prod-api | 3 | 89.8 | 8500 | RESOURCE_SATURATION_WARNING | TRIGGER_DYNAMIC_HORIZONTAL_POD_AUTOSCALING | 202
K8S-01031 | prod-api | 3 | 89.8 | 8500 | RESOURCE_SATURATION_WARNING | TRIGGER_DYNAMIC_HORIZONTAL_POD_AUTOSCALING | 202
K8S-01032 | prod-api | 3 | 89.8 | 8500 | RESOURCE_SATURATION_WARNING | TRIGGER_DYNAMIC_HORIZONTAL_POD_AUTOSCALING | 202
K8S-01033 | data-pipeline | 5 | 94.1 | 12000 | RESOURCE_SATURATION_WARNING | TRIGGER_DYNAMIC_HORIZONTAL_POD_AUTOSCALING | 202
K8S-01034 | data-pipeline | 5 | 94.1 | 12000 | RESOURCE_SATURATION_WARNING | TRIGGER_DYNAMIC_HORIZONTAL_POD_AUTOSCALING | 202
K8S-01035 | prod-api | 3 | 89.8 | 8500 | RESOURCE_SATURATION_WARNING | TRIGGER_DYNAMIC_HORIZONTAL_POD_AUTOSCALING | 202
K8S-01036 | prod-api | 3 | 89.8 | 8500 | RESOURCE_SATURATION_WARNING | TRIGGER_DYNAMIC_HORIZONTAL_POD_AUTOSCALING | 202
K8S-01037 | prod-api | 3 | 89.8 | 8500 | RESOURCE_SATURATION_WARNING | TRIGGER_DYNAMIC_HORIZONTAL_POD_AUTOSCALING | 202
K8S-01038 | prod-api | 3 | 89.8 | 8500 | RESOURCE_SATURATION_WARNING | TRIGGER_DYNAMIC_HORIZONTAL_POD_AUTOSCALING | 202
K8S-01039 | prod-api | 3 | 89.8 | 8500 | RESOURCE_SATURATION_WARNING | TRIGGER_DYNAMIC_HORIZONTAL_POD_AUTOSCALING | 202
K8S-01040 | auth-service | 2 | 15.2 | 350 | CLUSTER_HEALTH_NOMINAL | RETAIN_CURRENT_POD_REPLICA_COUNT | 200
K8S-01041 | prod-api | 3 | 42.5 | 1200 | CLUSTER_HEALTH_NOMINAL | RETAIN_CURRENT_POD_REPLICA_COUNT | 200
K8S-01042 | prod-api | 3 | 42.5 | 1200 | CLUSTER_HEALTH_NOMINAL | RETAIN_CURRENT_POD_REPLICA_COUNT | 200
K8S-01043 | data-pipeline | 5 | 94.1 | 12000 | RESOURCE_SATURATION_WARNING | TRIGGER_DYNAMIC_HORIZONTAL_POD_AUTOSCALING | 202
K8S-01044 | auth-service | 2 | 15.2 | 350 | CLUSTER_HEALTH_NOMINAL | RETAIN_CURRENT_POD_REPLICA_COUNT | 200
K8S-01045 | auth-service | 2 | 15.2 | 350 | CLUSTER_HEALTH_NOMINAL | RETAIN_CURRENT_POD_REPLICA_COUNT | 200
K8S-01046 | prod-api | 3 | 89.8 | 8500 | RESOURCE_SATURATION_WARNING | TRIGGER_DYNAMIC_HORIZONTAL_POD_AUTOSCALING | 202
K8S-01047 | prod-api | 3 | 89.8 | 8500 | RESOURCE_SATURATION_WARNING | TRIGGER_DYNAMIC_HORIZONTAL_POD_AUTOSCALING | 202
K8S-01048 | prod-api | 3 | 42.5 | 1200 | CLUSTER_HEALTH_NOMINAL | RETAIN_CURRENT_POD_REPLICA_COUNT | 200
K8S-01049 | data-pipeline | 5 | 94.1 | 12000 | RESOURCE_SATURATION_WARNING | TRIGGER_DYNAMIC_HORIZONTAL_POD_AUTOSCALING | 202
K8S-01050 | prod-api | 3 | 89.8 | 8500 | RESOURCE_SATURATION_WARNING | TRIGGER_DYNAMIC_HORIZONTAL_POD_AUTOSCALING | 202
K8S-01051 | prod-api | 3 | 42.5 | 1200 | CLUSTER_HEALTH_NOMINAL | RETAIN_CURRENT_POD_REPLICA_COUNT | 200
K8S-01052 | data-pipeline | 5 | 94.1 | 12000 | RESOURCE_SATURATION_WARNING | TRIGGER_DYNAMIC_HORIZONTAL_POD_AUTOSCALING | 202
K8S-01053 | data-pipeline | 5 | 94.1 | 12000 | RESOURCE_SATURATION_WARNING | TRIGGER_DYNAMIC_HORIZONTAL_POD_AUTOSCALING | 202
K8S-01054 | prod-api | 3 | 89.8 | 8500 | RESOURCE_SATURATION_WARNING | TRIGGER_DYNAMIC_HORIZONTAL_POD_AUTOSCALING | 202
K8S-01055 | auth-service | 2 | 15.2 | 350 | CLUSTER_HEALTH_NOMINAL | RETAIN_CURRENT_POD_REPLICA_COUNT | 200
K8S-01056 | prod-api | 3 | 42.5 | 1200 | CLUSTER_HEALTH_NOMINAL | RETAIN_CURRENT_POD_REPLICA_COUNT | 200
K8S-01057 | data-pipeline | 5 | 94.1 | 12000 | RESOURCE_SATURATION_WARNING | TRIGGER_DYNAMIC_HORIZONTAL_POD_AUTOSCALING | 202
K8S-01058 | prod-api | 3 | 42.5 | 1200 | CLUSTER_HEALTH_NOMINAL | RETAIN_CURRENT_POD_REPLICA_COUNT | 200
K8S-01059 | data-pipeline | 5 | 94.1 | 12000 | RESOURCE_SATURATION_WARNING | TRIGGER_DYNAMIC_HORIZONTAL_POD_AUTOSCALING | 202
K8S-01060 | data-pipeline | 5 | 94.1 | 12000 | RESOURCE_SATURATION_WARNING | TRIGGER_DYNAMIC_HORIZONTAL_POD_AUTOSCALING | 202
K8S-01061 | data-pipeline | 5 | 94.1 | 12000 | RESOURCE_SATURATION_WARNING | TRIGGER_DYNAMIC_HORIZONTAL_POD_AUTOSCALING | 202
K8S-01062 | auth-service | 2 | 15.2 | 350 | CLUSTER_HEALTH_NOMINAL | RETAIN_CURRENT_POD_REPLICA_COUNT | 200
K8S-01063 | prod-api | 3 | 42.5 | 1200 | CLUSTER_HEALTH_NOMINAL | RETAIN_CURRENT_POD_REPLICA_COUNT | 200
K8S-01064 | prod-api | 3 | 42.5 | 1200 | CLUSTER_HEALTH_NOMINAL | RETAIN_CURRENT_POD_REPLICA_COUNT | 200
K8S-01065 | prod-api | 3 | 89.8 | 8500 | RESOURCE_SATURATION_WARNING | TRIGGER_DYNAMIC_HORIZONTAL_POD_AUTOSCALING | 202
K8S-01066 | auth-service | 2 | 15.2 | 350 | CLUSTER_HEALTH_NOMINAL | RETAIN_CURRENT_POD_REPLICA_COUNT | 200
K8S-01067 | prod-api | 3 | 89.8 | 8500 | RESOURCE_SATURATION_WARNING | TRIGGER_DYNAMIC_HORIZONTAL_POD_AUTOSCALING | 202
K8S-01068 | auth-service | 2 | 15.2 | 350 | CLUSTER_HEALTH_NOMINAL | RETAIN_CURRENT_POD_REPLICA_COUNT | 200
K8S-01069 | auth-service | 2 | 15.2 | 350 | CLUSTER_HEALTH_NOMINAL | RETAIN_CURRENT_POD_REPLICA_COUNT | 200
K8S-01070 | data-pipeline | 5 | 94.1 | 12000 | RESOURCE_SATURATION_WARNING | TRIGGER_DYNAMIC_HORIZONTAL_POD_AUTOSCALING | 202
K8S-01071 | prod-api | 3 | 42.5 | 1200 | CLUSTER_HEALTH_NOMINAL | RETAIN_CURRENT_POD_REPLICA_COUNT | 200
K8S-01072 | auth-service | 2 | 15.2 | 350 | CLUSTER_HEALTH_NOMINAL | RETAIN_CURRENT_POD_REPLICA_COUNT | 200
K8S-01073 | prod-api | 3 | 42.5 | 1200 | CLUSTER_HEALTH_NOMINAL | RETAIN_CURRENT_POD_REPLICA_COUNT | 200
K8S-01074 | prod-api | 3 | 42.5 | 1200 | CLUSTER_HEALTH_NOMINAL | RETAIN_CURRENT_POD_REPLICA_COUNT | 200
K8S-01075 | prod-api | 3 | 42.5 | 1200 | CLUSTER_HEALTH_NOMINAL | RETAIN_CURRENT_POD_REPLICA_COUNT | 200
K8S-01076 | data-pipeline | 5 | 94.1 | 12000 | RESOURCE_SATURATION_WARNING | TRIGGER_DYNAMIC_HORIZONTAL_POD_AUTOSCALING | 202
K8S-01077 | prod-api | 3 | 42.5 | 1200 | CLUSTER_HEALTH_NOMINAL | RETAIN_CURRENT_POD_REPLICA_COUNT | 200
K8S-01078 | prod-api | 3 | 42.5 | 1200 | CLUSTER_HEALTH_NOMINAL | RETAIN_CURRENT_POD_REPLICA_COUNT | 200
K8S-01079 | prod-api | 3 | 89.8 | 8500 | RESOURCE_SATURATION_WARNING | TRIGGER_DYNAMIC_HORIZONTAL_POD_AUTOSCALING | 202
K8S-01080 | auth-service | 2 | 15.2 | 350 | CLUSTER_HEALTH_NOMINAL | RETAIN_CURRENT_POD_REPLICA_COUNT | 200
K8S-01081 | data-pipeline | 5 | 94.1 | 12000 | RESOURCE_SATURATION_WARNING | TRIGGER_DYNAMIC_HORIZONTAL_POD_AUTOSCALING | 202
K8S-01082 | prod-api | 3 | 89.8 | 8500 | RESOURCE_SATURATION_WARNING | TRIGGER_DYNAMIC_HORIZONTAL_POD_AUTOSCALING | 202
K8S-01083 | prod-api | 3 | 42.5 | 1200 | CLUSTER_HEALTH_NOMINAL | RETAIN_CURRENT_POD_REPLICA_COUNT | 200
K8S-01084 | auth-service | 2 | 15.2 | 350 | CLUSTER_HEALTH_NOMINAL | RETAIN_CURRENT_POD_REPLICA_COUNT | 200
K8S-01085 | prod-api | 3 | 42.5 | 1200 | CLUSTER_HEALTH_NOMINAL | RETAIN_CURRENT_POD_REPLICA_COUNT | 200
K8S-01086 | prod-api | 3 | 42.5 | 1200 | CLUSTER_HEALTH_NOMINAL | RETAIN_CURRENT_POD_REPLICA_COUNT | 200
K8S-01087 | auth-service | 2 | 15.2 | 350 | CLUSTER_HEALTH_NOMINAL | RETAIN_CURRENT_POD_REPLICA_COUNT | 200
K8S-01088 | auth-service | 2 | 15.2 | 350 | CLUSTER_HEALTH_NOMINAL | RETAIN_CURRENT_POD_REPLICA_COUNT | 200
K8S-01089 | prod-api | 3 | 42.5 | 1200 | CLUSTER_HEALTH_NOMINAL | RETAIN_CURRENT_POD_REPLICA_COUNT | 200
K8S-01090 | prod-api | 3 | 89.8 | 8500 | RESOURCE_SATURATION_WARNING | TRIGGER_DYNAMIC_HORIZONTAL_POD_AUTOSCALING | 202
K8S-01091 | auth-service | 2 | 15.2 | 350 | CLUSTER_HEALTH_NOMINAL | RETAIN_CURRENT_POD_REPLICA_COUNT | 200
K8S-01092 | data-pipeline | 5 | 94.1 | 12000 | RESOURCE_SATURATION_WARNING | TRIGGER_DYNAMIC_HORIZONTAL_POD_AUTOSCALING | 202
K8S-01093 | prod-api | 3 | 89.8 | 8500 | RESOURCE_SATURATION_WARNING | TRIGGER_DYNAMIC_HORIZONTAL_POD_AUTOSCALING | 202
K8S-01094 | auth-service | 2 | 15.2 | 350 | CLUSTER_HEALTH_NOMINAL | RETAIN_CURRENT_POD_REPLICA_COUNT | 200
K8S-01095 | prod-api | 3 | 89.8 | 8500 | RESOURCE_SATURATION_WARNING | TRIGGER_DYNAMIC_HORIZONTAL_POD_AUTOSCALING | 202
K8S-01096 | data-pipeline | 5 | 94.1 | 12000 | RESOURCE_SATURATION_WARNING | TRIGGER_DYNAMIC_HORIZONTAL_POD_AUTOSCALING | 202
K8S-01097 | prod-api | 3 | 89.8 | 8500 | RESOURCE_SATURATION_WARNING | TRIGGER_DYNAMIC_HORIZONTAL_POD_AUTOSCALING | 202
K8S-01098 | prod-api | 3 | 89.8 | 8500 | RESOURCE_SATURATION_WARNING | TRIGGER_DYNAMIC_HORIZONTAL_POD_AUTOSCALING | 202
K8S-01099 | prod-api | 3 | 42.5 | 1200 | CLUSTER_HEALTH_NOMINAL | RETAIN_CURRENT_POD_REPLICA_COUNT | 200
K8S-01100 | prod-api | 3 | 89.8 | 8500 | RESOURCE_SATURATION_WARNING | TRIGGER_DYNAMIC_HORIZONTAL_POD_AUTOSCALING | 202
K8S-01101 | prod-api | 3 | 42.5 | 1200 | CLUSTER_HEALTH_NOMINAL | RETAIN_CURRENT_POD_REPLICA_COUNT | 200
K8S-01102 | prod-api | 3 | 42.5 | 1200 | CLUSTER_HEALTH_NOMINAL | RETAIN_CURRENT_POD_REPLICA_COUNT | 200
K8S-01103 | prod-api | 3 | 89.8 | 8500 | RESOURCE_SATURATION_WARNING | TRIGGER_DYNAMIC_HORIZONTAL_POD_AUTOSCALING | 202
K8S-01104 | prod-api | 3 | 89.8 | 8500 | RESOURCE_SATURATION_WARNING | TRIGGER_DYNAMIC_HORIZONTAL_POD_AUTOSCALING | 202
K8S-01105 | prod-api | 3 | 89.8 | 8500 | RESOURCE_SATURATION_WARNING | TRIGGER_DYNAMIC_HORIZONTAL_POD_AUTOSCALING | 202
K8S-01106 | auth-service | 2 | 15.2 | 350 | CLUSTER_HEALTH_NOMINAL | RETAIN_CURRENT_POD_REPLICA_COUNT | 200
K8S-01107 | prod-api | 3 | 42.5 | 1200 | CLUSTER_HEALTH_NOMINAL | RETAIN_CURRENT_POD_REPLICA_COUNT | 200
K8S-01108 | prod-api | 3 | 89.8 | 8500 | RESOURCE_SATURATION_WARNING | TRIGGER_DYNAMIC_HORIZONTAL_POD_AUTOSCALING | 202
K8S-01109 | data-pipeline | 5 | 94.1 | 12000 | RESOURCE_SATURATION_WARNING | TRIGGER_DYNAMIC_HORIZONTAL_POD_AUTOSCALING | 202
K8S-01110 | prod-api | 3 | 42.5 | 1200 | CLUSTER_HEALTH_NOMINAL | RETAIN_CURRENT_POD_REPLICA_COUNT | 200
K8S-01111 | auth-service | 2 | 15.2 | 350 | CLUSTER_HEALTH_NOMINAL | RETAIN_CURRENT_POD_REPLICA_COUNT | 200
K8S-01112 | auth-service | 2 | 15.2 | 350 | CLUSTER_HEALTH_NOMINAL | RETAIN_CURRENT_POD_REPLICA_COUNT | 200
K8S-01113 | auth-service | 2 | 15.2 | 350 | CLUSTER_HEALTH_NOMINAL | RETAIN_CURRENT_POD_REPLICA_COUNT | 200
K8S-01114 | prod-api | 3 | 42.5 | 1200 | CLUSTER_HEALTH_NOMINAL | RETAIN_CURRENT_POD_REPLICA_COUNT | 200
K8S-01115 | data-pipeline | 5 | 94.1 | 12000 | RESOURCE_SATURATION_WARNING | TRIGGER_DYNAMIC_HORIZONTAL_POD_AUTOSCALING | 202
K8S-01116 | prod-api | 3 | 89.8 | 8500 | RESOURCE_SATURATION_WARNING | TRIGGER_DYNAMIC_HORIZONTAL_POD_AUTOSCALING | 202
K8S-01117 | prod-api | 3 | 89.8 | 8500 | RESOURCE_SATURATION_WARNING | TRIGGER_DYNAMIC_HORIZONTAL_POD_AUTOSCALING | 202
K8S-01118 | prod-api | 3 | 42.5 | 1200 | CLUSTER_HEALTH_NOMINAL | RETAIN_CURRENT_POD_REPLICA_COUNT | 200
K8S-01119 | prod-api | 3 | 42.5 | 1200 | CLUSTER_HEALTH_NOMINAL | RETAIN_CURRENT_POD_REPLICA_COUNT | 200
K8S-01120 | prod-api | 3 | 89.8 | 8500 | RESOURCE_SATURATION_WARNING | TRIGGER_DYNAMIC_HORIZONTAL_POD_AUTOSCALING | 202
K8S-01121 | data-pipeline | 5 | 94.1 | 12000 | RESOURCE_SATURATION_WARNING | TRIGGER_DYNAMIC_HORIZONTAL_POD_AUTOSCALING | 202
K8S-01122 | prod-api | 3 | 42.5 | 1200 | CLUSTER_HEALTH_NOMINAL | RETAIN_CURRENT_POD_REPLICA_COUNT | 200
K8S-01123 | auth-service | 2 | 15.2 | 350 | CLUSTER_HEALTH_NOMINAL | RETAIN_CURRENT_POD_REPLICA_COUNT | 200
K8S-01124 | data-pipeline | 5 | 94.1 | 12000 | RESOURCE_SATURATION_WARNING | TRIGGER_DYNAMIC_HORIZONTAL_POD_AUTOSCALING | 202
K8S-01125 | data-pipeline | 5 | 94.1 | 12000 | RESOURCE_SATURATION_WARNING | TRIGGER_DYNAMIC_HORIZONTAL_POD_AUTOSCALING | 202
K8S-01126 | data-pipeline | 5 | 94.1 | 12000 | RESOURCE_SATURATION_WARNING | TRIGGER_DYNAMIC_HORIZONTAL_POD_AUTOSCALING | 202
K8S-01127 | prod-api | 3 | 42.5 | 1200 | CLUSTER_HEALTH_NOMINAL | RETAIN_CURRENT_POD_REPLICA_COUNT | 200
K8S-01128 | data-pipeline | 5 | 94.1 | 12000 | RESOURCE_SATURATION_WARNING | TRIGGER_DYNAMIC_HORIZONTAL_POD_AUTOSCALING | 202
K8S-01129 | prod-api | 3 | 42.5 | 1200 | CLUSTER_HEALTH_NOMINAL | RETAIN_CURRENT_POD_REPLICA_COUNT | 200
K8S-01130 | prod-api | 3 | 42.5 | 1200 | CLUSTER_HEALTH_NOMINAL | RETAIN_CURRENT_POD_REPLICA_COUNT | 200
K8S-01131 | prod-api | 3 | 89.8 | 8500 | RESOURCE_SATURATION_WARNING | TRIGGER_DYNAMIC_HORIZONTAL_POD_AUTOSCALING | 202
K8S-01132 | auth-service | 2 | 15.2 | 350 | CLUSTER_HEALTH_NOMINAL | RETAIN_CURRENT_POD_REPLICA_COUNT | 200
K8S-01133 | data-pipeline | 5 | 94.1 | 12000 | RESOURCE_SATURATION_WARNING | TRIGGER_DYNAMIC_HORIZONTAL_POD_AUTOSCALING | 202
K8S-01134 | data-pipeline | 5 | 94.1 | 12000 | RESOURCE_SATURATION_WARNING | TRIGGER_DYNAMIC_HORIZONTAL_POD_AUTOSCALING | 202
K8S-01135 | prod-api | 3 | 42.5 | 1200 | CLUSTER_HEALTH_NOMINAL | RETAIN_CURRENT_POD_REPLICA_COUNT | 200
K8S-01136 | auth-service | 2 | 15.2 | 350 | CLUSTER_HEALTH_NOMINAL | RETAIN_CURRENT_POD_REPLICA_COUNT | 200
K8S-01137 | prod-api | 3 | 89.8 | 8500 | RESOURCE_SATURATION_WARNING | TRIGGER_DYNAMIC_HORIZONTAL_POD_AUTOSCALING | 202
K8S-01138 | data-pipeline | 5 | 94.1 | 12000 | RESOURCE_SATURATION_WARNING | TRIGGER_DYNAMIC_HORIZONTAL_POD_AUTOSCALING | 202
K8S-01139 | prod-api | 3 | 89.8 | 8500 | RESOURCE_SATURATION_WARNING | TRIGGER_DYNAMIC_HORIZONTAL_POD_AUTOSCALING | 202
K8S-01140 | data-pipeline | 5 | 94.1 | 12000 | RESOURCE_SATURATION_WARNING | TRIGGER_DYNAMIC_HORIZONTAL_POD_AUTOSCALING | 202
K8S-01141 | data-pipeline | 5 | 94.1 | 12000 | RESOURCE_SATURATION_WARNING | TRIGGER_DYNAMIC_HORIZONTAL_POD_AUTOSCALING | 202
K8S-01142 | prod-api | 3 | 42.5 | 1200 | CLUSTER_HEALTH_NOMINAL | RETAIN_CURRENT_POD_REPLICA_COUNT | 200
K8S-01143 | auth-service | 2 | 15.2 | 350 | CLUSTER_HEALTH_NOMINAL | RETAIN_CURRENT_POD_REPLICA_COUNT | 200
K8S-01144 | data-pipeline | 5 | 94.1 | 12000 | RESOURCE_SATURATION_WARNING | TRIGGER_DYNAMIC_HORIZONTAL_POD_AUTOSCALING | 202
K8S-01145 | data-pipeline | 5 | 94.1 | 12000 | RESOURCE_SATURATION_WARNING | TRIGGER_DYNAMIC_HORIZONTAL_POD_AUTOSCALING | 202
K8S-01146 | prod-api | 3 | 42.5 | 1200 | CLUSTER_HEALTH_NOMINAL | RETAIN_CURRENT_POD_REPLICA_COUNT | 200
K8S-01147 | prod-api | 3 | 89.8 | 8500 | RESOURCE_SATURATION_WARNING | TRIGGER_DYNAMIC_HORIZONTAL_POD_AUTOSCALING | 202
K8S-01148 | auth-service | 2 | 15.2 | 350 | CLUSTER_HEALTH_NOMINAL | RETAIN_CURRENT_POD_REPLICA_COUNT | 200
K8S-01149 | data-pipeline | 5 | 94.1 | 12000 | RESOURCE_SATURATION_WARNING | TRIGGER_DYNAMIC_HORIZONTAL_POD_AUTOSCALING | 202
K8S-01150 | prod-api | 3 | 42.5 | 1200 | CLUSTER_HEALTH_NOMINAL | RETAIN_CURRENT_POD_REPLICA_COUNT | 200
K8S-01151 | data-pipeline | 5 | 94.1 | 12000 | RESOURCE_SATURATION_WARNING | TRIGGER_DYNAMIC_HORIZONTAL_POD_AUTOSCALING | 202
K8S-01152 | auth-service | 2 | 15.2 | 350 | CLUSTER_HEALTH_NOMINAL | RETAIN_CURRENT_POD_REPLICA_COUNT | 200
K8S-01153 | auth-service | 2 | 15.2 | 350 | CLUSTER_HEALTH_NOMINAL | RETAIN_CURRENT_POD_REPLICA_COUNT | 200
K8S-01154 | data-pipeline | 5 | 94.1 | 12000 | RESOURCE_SATURATION_WARNING | TRIGGER_DYNAMIC_HORIZONTAL_POD_AUTOSCALING | 202
K8S-01155 | auth-service | 2 | 15.2 | 350 | CLUSTER_HEALTH_NOMINAL | RETAIN_CURRENT_POD_REPLICA_COUNT | 200
K8S-01156 | auth-service | 2 | 15.2 | 350 | CLUSTER_HEALTH_NOMINAL | RETAIN_CURRENT_POD_REPLICA_COUNT | 200
K8S-01157 | auth-service | 2 | 15.2 | 350 | CLUSTER_HEALTH_NOMINAL | RETAIN_CURRENT_POD_REPLICA_COUNT | 200
K8S-01158 | prod-api | 3 | 89.8 | 8500 | RESOURCE_SATURATION_WARNING | TRIGGER_DYNAMIC_HORIZONTAL_POD_AUTOSCALING | 202
K8S-01159 | auth-service | 2 | 15.2 | 350 | CLUSTER_HEALTH_NOMINAL | RETAIN_CURRENT_POD_REPLICA_COUNT | 200
K8S-01160 | prod-api | 3 | 42.5 | 1200 | CLUSTER_HEALTH_NOMINAL | RETAIN_CURRENT_POD_REPLICA_COUNT | 200
K8S-01161 | data-pipeline | 5 | 94.1 | 12000 | RESOURCE_SATURATION_WARNING | TRIGGER_DYNAMIC_HORIZONTAL_POD_AUTOSCALING | 202
K8S-01162 | data-pipeline | 5 | 94.1 | 12000 | RESOURCE_SATURATION_WARNING | TRIGGER_DYNAMIC_HORIZONTAL_POD_AUTOSCALING | 202
K8S-01163 | auth-service | 2 | 15.2 | 350 | CLUSTER_HEALTH_NOMINAL | RETAIN_CURRENT_POD_REPLICA_COUNT | 200
K8S-01164 | prod-api | 3 | 89.8 | 8500 | RESOURCE_SATURATION_WARNING | TRIGGER_DYNAMIC_HORIZONTAL_POD_AUTOSCALING | 202
K8S-01165 | auth-service | 2 | 15.2 | 350 | CLUSTER_HEALTH_NOMINAL | RETAIN_CURRENT_POD_REPLICA_COUNT | 200
K8S-01166 | prod-api | 3 | 42.5 | 1200 | CLUSTER_HEALTH_NOMINAL | RETAIN_CURRENT_POD_REPLICA_COUNT | 200
K8S-01167 | data-pipeline | 5 | 94.1 | 12000 | RESOURCE_SATURATION_WARNING | TRIGGER_DYNAMIC_HORIZONTAL_POD_AUTOSCALING | 202
K8S-01168 | prod-api | 3 | 89.8 | 8500 | RESOURCE_SATURATION_WARNING | TRIGGER_DYNAMIC_HORIZONTAL_POD_AUTOSCALING | 202
K8S-01169 | prod-api | 3 | 89.8 | 8500 | RESOURCE_SATURATION_WARNING | TRIGGER_DYNAMIC_HORIZONTAL_POD_AUTOSCALING | 202
K8S-01170 | prod-api | 3 | 42.5 | 1200 | CLUSTER_HEALTH_NOMINAL | RETAIN_CURRENT_POD_REPLICA_COUNT | 200
K8S-01171 | prod-api | 3 | 89.8 | 8500 | RESOURCE_SATURATION_WARNING | TRIGGER_DYNAMIC_HORIZONTAL_POD_AUTOSCALING | 202
K8S-01172 | prod-api | 3 | 42.5 | 1200 | CLUSTER_HEALTH_NOMINAL | RETAIN_CURRENT_POD_REPLICA_COUNT | 200
K8S-01173 | prod-api | 3 | 89.8 | 8500 | RESOURCE_SATURATION_WARNING | TRIGGER_DYNAMIC_HORIZONTAL_POD_AUTOSCALING | 202
K8S-01174 | prod-api | 3 | 89.8 | 8500 | RESOURCE_SATURATION_WARNING | TRIGGER_DYNAMIC_HORIZONTAL_POD_AUTOSCALING | 202
K8S-01175 | prod-api | 3 | 42.5 | 1200 | CLUSTER_HEALTH_NOMINAL | RETAIN_CURRENT_POD_REPLICA_COUNT | 200
K8S-01176 | prod-api | 3 | 42.5 | 1200 | CLUSTER_HEALTH_NOMINAL | RETAIN_CURRENT_POD_REPLICA_COUNT | 200
K8S-01177 | auth-service | 2 | 15.2 | 350 | CLUSTER_HEALTH_NOMINAL | RETAIN_CURRENT_POD_REPLICA_COUNT | 200
K8S-01178 | data-pipeline | 5 | 94.1 | 12000 | RESOURCE_SATURATION_WARNING | TRIGGER_DYNAMIC_HORIZONTAL_POD_AUTOSCALING | 202
K8S-01179 | prod-api | 3 | 42.5 | 1200 | CLUSTER_HEALTH_NOMINAL | RETAIN_CURRENT_POD_REPLICA_COUNT | 200
K8S-01180 | prod-api | 3 | 42.5 | 1200 | CLUSTER_HEALTH_NOMINAL | RETAIN_CURRENT_POD_REPLICA_COUNT | 200
K8S-01181 | prod-api | 3 | 42.5 | 1200 | CLUSTER_HEALTH_NOMINAL | RETAIN_CURRENT_POD_REPLICA_COUNT | 200
K8S-01182 | data-pipeline | 5 | 94.1 | 12000 | RESOURCE_SATURATION_WARNING | TRIGGER_DYNAMIC_HORIZONTAL_POD_AUTOSCALING | 202
K8S-01183 | prod-api | 3 | 42.5 | 1200 | CLUSTER_HEALTH_NOMINAL | RETAIN_CURRENT_POD_REPLICA_COUNT | 200
K8S-01184 | prod-api | 3 | 89.8 | 8500 | RESOURCE_SATURATION_WARNING | TRIGGER_DYNAMIC_HORIZONTAL_POD_AUTOSCALING | 202
K8S-01185 | auth-service | 2 | 15.2 | 350 | CLUSTER_HEALTH_NOMINAL | RETAIN_CURRENT_POD_REPLICA_COUNT | 200
K8S-01186 | auth-service | 2 | 15.2 | 350 | CLUSTER_HEALTH_NOMINAL | RETAIN_CURRENT_POD_REPLICA_COUNT | 200
K8S-01187 | data-pipeline | 5 | 94.1 | 12000 | RESOURCE_SATURATION_WARNING | TRIGGER_DYNAMIC_HORIZONTAL_POD_AUTOSCALING | 202
K8S-01188 | prod-api | 3 | 42.5 | 1200 | CLUSTER_HEALTH_NOMINAL | RETAIN_CURRENT_POD_REPLICA_COUNT | 200
K8S-01189 | data-pipeline | 5 | 94.1 | 12000 | RESOURCE_SATURATION_WARNING | TRIGGER_DYNAMIC_HORIZONTAL_POD_AUTOSCALING | 202
K8S-01190 | prod-api | 3 | 42.5 | 1200 | CLUSTER_HEALTH_NOMINAL | RETAIN_CURRENT_POD_REPLICA_COUNT | 200
K8S-01191 | prod-api | 3 | 89.8 | 8500 | RESOURCE_SATURATION_WARNING | TRIGGER_DYNAMIC_HORIZONTAL_POD_AUTOSCALING | 202
K8S-01192 | prod-api | 3 | 42.5 | 1200 | CLUSTER_HEALTH_NOMINAL | RETAIN_CURRENT_POD_REPLICA_COUNT | 200
K8S-01193 | prod-api | 3 | 89.8 | 8500 | RESOURCE_SATURATION_WARNING | TRIGGER_DYNAMIC_HORIZONTAL_POD_AUTOSCALING | 202
K8S-01194 | auth-service | 2 | 15.2 | 350 | CLUSTER_HEALTH_NOMINAL | RETAIN_CURRENT_POD_REPLICA_COUNT | 200
K8S-01195 | prod-api | 3 | 42.5 | 1200 | CLUSTER_HEALTH_NOMINAL | RETAIN_CURRENT_POD_REPLICA_COUNT | 200
K8S-01196 | prod-api | 3 | 89.8 | 8500 | RESOURCE_SATURATION_WARNING | TRIGGER_DYNAMIC_HORIZONTAL_POD_AUTOSCALING | 202
K8S-01197 | data-pipeline | 5 | 94.1 | 12000 | RESOURCE_SATURATION_WARNING | TRIGGER_DYNAMIC_HORIZONTAL_POD_AUTOSCALING | 202
K8S-01198 | data-pipeline | 5 | 94.1 | 12000 | RESOURCE_SATURATION_WARNING | TRIGGER_DYNAMIC_HORIZONTAL_POD_AUTOSCALING | 202
K8S-01199 | prod-api | 3 | 42.5 | 1200 | CLUSTER_HEALTH_NOMINAL | RETAIN_CURRENT_POD_REPLICA_COUNT | 200
K8S-01200 | prod-api | 3 | 89.8 | 8500 | RESOURCE_SATURATION_WARNING | TRIGGER_DYNAMIC_HORIZONTAL_POD_AUTOSCALING | 202
K8S-01201 | prod-api | 3 | 89.8 | 8500 | RESOURCE_SATURATION_WARNING | TRIGGER_DYNAMIC_HORIZONTAL_POD_AUTOSCALING | 202
K8S-01202 | prod-api | 3 | 42.5 | 1200 | CLUSTER_HEALTH_NOMINAL | RETAIN_CURRENT_POD_REPLICA_COUNT | 200
K8S-01203 | prod-api | 3 | 42.5 | 1200 | CLUSTER_HEALTH_NOMINAL | RETAIN_CURRENT_POD_REPLICA_COUNT | 200
K8S-01204 | prod-api | 3 | 42.5 | 1200 | CLUSTER_HEALTH_NOMINAL | RETAIN_CURRENT_POD_REPLICA_COUNT | 200
K8S-01205 | prod-api | 3 | 89.8 | 8500 | RESOURCE_SATURATION_WARNING | TRIGGER_DYNAMIC_HORIZONTAL_POD_AUTOSCALING | 202
K8S-01206 | prod-api | 3 | 89.8 | 8500 | RESOURCE_SATURATION_WARNING | TRIGGER_DYNAMIC_HORIZONTAL_POD_AUTOSCALING | 202
K8S-01207 | data-pipeline | 5 | 94.1 | 12000 | RESOURCE_SATURATION_WARNING | TRIGGER_DYNAMIC_HORIZONTAL_POD_AUTOSCALING | 202
K8S-01208 | prod-api | 3 | 89.8 | 8500 | RESOURCE_SATURATION_WARNING | TRIGGER_DYNAMIC_HORIZONTAL_POD_AUTOSCALING | 202
K8S-01209 | prod-api | 3 | 89.8 | 8500 | RESOURCE_SATURATION_WARNING | TRIGGER_DYNAMIC_HORIZONTAL_POD_AUTOSCALING | 202
K8S-01210 | prod-api | 3 | 42.5 | 1200 | CLUSTER_HEALTH_NOMINAL | RETAIN_CURRENT_POD_REPLICA_COUNT | 200
K8S-01211 | data-pipeline | 5 | 94.1 | 12000 | RESOURCE_SATURATION_WARNING | TRIGGER_DYNAMIC_HORIZONTAL_POD_AUTOSCALING | 202
K8S-01212 | prod-api | 3 | 42.5 | 1200 | CLUSTER_HEALTH_NOMINAL | RETAIN_CURRENT_POD_REPLICA_COUNT | 200
K8S-01213 | prod-api | 3 | 89.8 | 8500 | RESOURCE_SATURATION_WARNING | TRIGGER_DYNAMIC_HORIZONTAL_POD_AUTOSCALING | 202
K8S-01214 | prod-api | 3 | 89.8 | 8500 | RESOURCE_SATURATION_WARNING | TRIGGER_DYNAMIC_HORIZONTAL_POD_AUTOSCALING | 202
K8S-01215 | prod-api | 3 | 42.5 | 1200 | CLUSTER_HEALTH_NOMINAL | RETAIN_CURRENT_POD_REPLICA_COUNT | 200
K8S-01216 | data-pipeline | 5 | 94.1 | 12000 | RESOURCE_SATURATION_WARNING | TRIGGER_DYNAMIC_HORIZONTAL_POD_AUTOSCALING | 202
K8S-01217 | prod-api | 3 | 42.5 | 1200 | CLUSTER_HEALTH_NOMINAL | RETAIN_CURRENT_POD_REPLICA_COUNT | 200
K8S-01218 | data-pipeline | 5 | 94.1 | 12000 | RESOURCE_SATURATION_WARNING | TRIGGER_DYNAMIC_HORIZONTAL_POD_AUTOSCALING | 202
K8S-01219 | prod-api | 3 | 89.8 | 8500 | RESOURCE_SATURATION_WARNING | TRIGGER_DYNAMIC_HORIZONTAL_POD_AUTOSCALING | 202
K8S-01220 | prod-api | 3 | 42.5 | 1200 | CLUSTER_HEALTH_NOMINAL | RETAIN_CURRENT_POD_REPLICA_COUNT | 200
K8S-01221 | auth-service | 2 | 15.2 | 350 | CLUSTER_HEALTH_NOMINAL | RETAIN_CURRENT_POD_REPLICA_COUNT | 200
K8S-01222 | prod-api | 3 | 89.8 | 8500 | RESOURCE_SATURATION_WARNING | TRIGGER_DYNAMIC_HORIZONTAL_POD_AUTOSCALING | 202
K8S-01223 | data-pipeline | 5 | 94.1 | 12000 | RESOURCE_SATURATION_WARNING | TRIGGER_DYNAMIC_HORIZONTAL_POD_AUTOSCALING | 202
K8S-01224 | prod-api | 3 | 89.8 | 8500 | RESOURCE_SATURATION_WARNING | TRIGGER_DYNAMIC_HORIZONTAL_POD_AUTOSCALING | 202
K8S-01225 | prod-api | 3 | 42.5 | 1200 | CLUSTER_HEALTH_NOMINAL | RETAIN_CURRENT_POD_REPLICA_COUNT | 200
K8S-01226 | auth-service | 2 | 15.2 | 350 | CLUSTER_HEALTH_NOMINAL | RETAIN_CURRENT_POD_REPLICA_COUNT | 200
K8S-01227 | prod-api | 3 | 89.8 | 8500 | RESOURCE_SATURATION_WARNING | TRIGGER_DYNAMIC_HORIZONTAL_POD_AUTOSCALING | 202
K8S-01228 | prod-api | 3 | 89.8 | 8500 | RESOURCE_SATURATION_WARNING | TRIGGER_DYNAMIC_HORIZONTAL_POD_AUTOSCALING | 202
K8S-01229 | prod-api | 3 | 42.5 | 1200 | CLUSTER_HEALTH_NOMINAL | RETAIN_CURRENT_POD_REPLICA_COUNT | 200
K8S-01230 | prod-api | 3 | 89.8 | 8500 | RESOURCE_SATURATION_WARNING | TRIGGER_DYNAMIC_HORIZONTAL_POD_AUTOSCALING | 202
K8S-01231 | auth-service | 2 | 15.2 | 350 | CLUSTER_HEALTH_NOMINAL | RETAIN_CURRENT_POD_REPLICA_COUNT | 200
K8S-01232 | prod-api | 3 | 89.8 | 8500 | RESOURCE_SATURATION_WARNING | TRIGGER_DYNAMIC_HORIZONTAL_POD_AUTOSCALING | 202
K8S-01233 | prod-api | 3 | 42.5 | 1200 | CLUSTER_HEALTH_NOMINAL | RETAIN_CURRENT_POD_REPLICA_COUNT | 200
K8S-01234 | data-pipeline | 5 | 94.1 | 12000 | RESOURCE_SATURATION_WARNING | TRIGGER_DYNAMIC_HORIZONTAL_POD_AUTOSCALING | 202
K8S-01235 | prod-api | 3 | 89.8 | 8500 | RESOURCE_SATURATION_WARNING | TRIGGER_DYNAMIC_HORIZONTAL_POD_AUTOSCALING | 202
K8S-01236 | prod-api | 3 | 89.8 | 8500 | RESOURCE_SATURATION_WARNING | TRIGGER_DYNAMIC_HORIZONTAL_POD_AUTOSCALING | 202
K8S-01237 | prod-api | 3 | 89.8 | 8500 | RESOURCE_SATURATION_WARNING | TRIGGER_DYNAMIC_HORIZONTAL_POD_AUTOSCALING | 202
K8S-01238 | prod-api | 3 | 89.8 | 8500 | RESOURCE_SATURATION_WARNING | TRIGGER_DYNAMIC_HORIZONTAL_POD_AUTOSCALING | 202
K8S-01239 | auth-service | 2 | 15.2 | 350 | CLUSTER_HEALTH_NOMINAL | RETAIN_CURRENT_POD_REPLICA_COUNT | 200
K8S-01240 | data-pipeline | 5 | 94.1 | 12000 | RESOURCE_SATURATION_WARNING | TRIGGER_DYNAMIC_HORIZONTAL_POD_AUTOSCALING | 202
K8S-01241 | prod-api | 3 | 42.5 | 1200 | CLUSTER_HEALTH_NOMINAL | RETAIN_CURRENT_POD_REPLICA_COUNT | 200
K8S-01242 | auth-service | 2 | 15.2 | 350 | CLUSTER_HEALTH_NOMINAL | RETAIN_CURRENT_POD_REPLICA_COUNT | 200
K8S-01243 | prod-api | 3 | 89.8 | 8500 | RESOURCE_SATURATION_WARNING | TRIGGER_DYNAMIC_HORIZONTAL_POD_AUTOSCALING | 202
K8S-01244 | prod-api | 3 | 89.8 | 8500 | RESOURCE_SATURATION_WARNING | TRIGGER_DYNAMIC_HORIZONTAL_POD_AUTOSCALING | 202
K8S-01245 | prod-api | 3 | 42.5 | 1200 | CLUSTER_HEALTH_NOMINAL | RETAIN_CURRENT_POD_REPLICA_COUNT | 200
K8S-01246 | auth-service | 2 | 15.2 | 350 | CLUSTER_HEALTH_NOMINAL | RETAIN_CURRENT_POD_REPLICA_COUNT | 200
K8S-01247 | auth-service | 2 | 15.2 | 350 | CLUSTER_HEALTH_NOMINAL | RETAIN_CURRENT_POD_REPLICA_COUNT | 200
K8S-01248 | data-pipeline | 5 | 94.1 | 12000 | RESOURCE_SATURATION_WARNING | TRIGGER_DYNAMIC_HORIZONTAL_POD_AUTOSCALING | 202
K8S-01249 | data-pipeline | 5 | 94.1 | 12000 | RESOURCE_SATURATION_WARNING | TRIGGER_DYNAMIC_HORIZONTAL_POD_AUTOSCALING | 202
K8S-01250 | data-pipeline | 5 | 94.1 | 12000 | RESOURCE_SATURATION_WARNING | TRIGGER_DYNAMIC_HORIZONTAL_POD_AUTOSCALING | 202
K8S-01251 | data-pipeline | 5 | 94.1 | 12000 | RESOURCE_SATURATION_WARNING | TRIGGER_DYNAMIC_HORIZONTAL_POD_AUTOSCALING | 202
K8S-01252 | auth-service | 2 | 15.2 | 350 | CLUSTER_HEALTH_NOMINAL | RETAIN_CURRENT_POD_REPLICA_COUNT | 200
K8S-01253 | auth-service | 2 | 15.2 | 350 | CLUSTER_HEALTH_NOMINAL | RETAIN_CURRENT_POD_REPLICA_COUNT | 200
K8S-01254 | prod-api | 3 | 89.8 | 8500 | RESOURCE_SATURATION_WARNING | TRIGGER_DYNAMIC_HORIZONTAL_POD_AUTOSCALING | 202
K8S-01255 | auth-service | 2 | 15.2 | 350 | CLUSTER_HEALTH_NOMINAL | RETAIN_CURRENT_POD_REPLICA_COUNT | 200
K8S-01256 | data-pipeline | 5 | 94.1 | 12000 | RESOURCE_SATURATION_WARNING | TRIGGER_DYNAMIC_HORIZONTAL_POD_AUTOSCALING | 202
K8S-01257 | prod-api | 3 | 42.5 | 1200 | CLUSTER_HEALTH_NOMINAL | RETAIN_CURRENT_POD_REPLICA_COUNT | 200
K8S-01258 | prod-api | 3 | 89.8 | 8500 | RESOURCE_SATURATION_WARNING | TRIGGER_DYNAMIC_HORIZONTAL_POD_AUTOSCALING | 202
K8S-01259 | auth-service | 2 | 15.2 | 350 | CLUSTER_HEALTH_NOMINAL | RETAIN_CURRENT_POD_REPLICA_COUNT | 200
K8S-01260 | prod-api | 3 | 89.8 | 8500 | RESOURCE_SATURATION_WARNING | TRIGGER_DYNAMIC_HORIZONTAL_POD_AUTOSCALING | 202
K8S-01261 | prod-api | 3 | 42.5 | 1200 | CLUSTER_HEALTH_NOMINAL | RETAIN_CURRENT_POD_REPLICA_COUNT | 200
K8S-01262 | data-pipeline | 5 | 94.1 | 12000 | RESOURCE_SATURATION_WARNING | TRIGGER_DYNAMIC_HORIZONTAL_POD_AUTOSCALING | 202
K8S-01263 | prod-api | 3 | 89.8 | 8500 | RESOURCE_SATURATION_WARNING | TRIGGER_DYNAMIC_HORIZONTAL_POD_AUTOSCALING | 202
K8S-01264 | auth-service | 2 | 15.2 | 350 | CLUSTER_HEALTH_NOMINAL | RETAIN_CURRENT_POD_REPLICA_COUNT | 200
K8S-01265 | prod-api | 3 | 42.5 | 1200 | CLUSTER_HEALTH_NOMINAL | RETAIN_CURRENT_POD_REPLICA_COUNT | 200
K8S-01266 | auth-service | 2 | 15.2 | 350 | CLUSTER_HEALTH_NOMINAL | RETAIN_CURRENT_POD_REPLICA_COUNT | 200
K8S-01267 | prod-api | 3 | 89.8 | 8500 | RESOURCE_SATURATION_WARNING | TRIGGER_DYNAMIC_HORIZONTAL_POD_AUTOSCALING | 202
K8S-01268 | auth-service | 2 | 15.2 | 350 | CLUSTER_HEALTH_NOMINAL | RETAIN_CURRENT_POD_REPLICA_COUNT | 200
K8S-01269 | data-pipeline | 5 | 94.1 | 12000 | RESOURCE_SATURATION_WARNING | TRIGGER_DYNAMIC_HORIZONTAL_POD_AUTOSCALING | 202
K8S-01270 | prod-api | 3 | 89.8 | 8500 | RESOURCE_SATURATION_WARNING | TRIGGER_DYNAMIC_HORIZONTAL_POD_AUTOSCALING | 202
K8S-01271 | auth-service | 2 | 15.2 | 350 | CLUSTER_HEALTH_NOMINAL | RETAIN_CURRENT_POD_REPLICA_COUNT | 200
K8S-01272 | prod-api | 3 | 42.5 | 1200 | CLUSTER_HEALTH_NOMINAL | RETAIN_CURRENT_POD_REPLICA_COUNT | 200
K8S-01273 | prod-api | 3 | 89.8 | 8500 | RESOURCE_SATURATION_WARNING | TRIGGER_DYNAMIC_HORIZONTAL_POD_AUTOSCALING | 202
K8S-01274 | data-pipeline | 5 | 94.1 | 12000 | RESOURCE_SATURATION_WARNING | TRIGGER_DYNAMIC_HORIZONTAL_POD_AUTOSCALING | 202
K8S-01275 | auth-service | 2 | 15.2 | 350 | CLUSTER_HEALTH_NOMINAL | RETAIN_CURRENT_POD_REPLICA_COUNT | 200
K8S-01276 | prod-api | 3 | 89.8 | 8500 | RESOURCE_SATURATION_WARNING | TRIGGER_DYNAMIC_HORIZONTAL_POD_AUTOSCALING | 202
K8S-01277 | auth-service | 2 | 15.2 | 350 | CLUSTER_HEALTH_NOMINAL | RETAIN_CURRENT_POD_REPLICA_COUNT | 200
K8S-01278 | auth-service | 2 | 15.2 | 350 | CLUSTER_HEALTH_NOMINAL | RETAIN_CURRENT_POD_REPLICA_COUNT | 200
K8S-01279 | prod-api | 3 | 42.5 | 1200 | CLUSTER_HEALTH_NOMINAL | RETAIN_CURRENT_POD_REPLICA_COUNT | 200
K8S-01280 | prod-api | 3 | 89.8 | 8500 | RESOURCE_SATURATION_WARNING | TRIGGER_DYNAMIC_HORIZONTAL_POD_AUTOSCALING | 202
K8S-01281 | prod-api | 3 | 42.5 | 1200 | CLUSTER_HEALTH_NOMINAL | RETAIN_CURRENT_POD_REPLICA_COUNT | 200
K8S-01282 | prod-api | 3 | 89.8 | 8500 | RESOURCE_SATURATION_WARNING | TRIGGER_DYNAMIC_HORIZONTAL_POD_AUTOSCALING | 202
K8S-01283 | data-pipeline | 5 | 94.1 | 12000 | RESOURCE_SATURATION_WARNING | TRIGGER_DYNAMIC_HORIZONTAL_POD_AUTOSCALING | 202
K8S-01284 | data-pipeline | 5 | 94.1 | 12000 | RESOURCE_SATURATION_WARNING | TRIGGER_DYNAMIC_HORIZONTAL_POD_AUTOSCALING | 202
K8S-01285 | prod-api | 3 | 89.8 | 8500 | RESOURCE_SATURATION_WARNING | TRIGGER_DYNAMIC_HORIZONTAL_POD_AUTOSCALING | 202
K8S-01286 | auth-service | 2 | 15.2 | 350 | CLUSTER_HEALTH_NOMINAL | RETAIN_CURRENT_POD_REPLICA_COUNT | 200
K8S-01287 | data-pipeline | 5 | 94.1 | 12000 | RESOURCE_SATURATION_WARNING | TRIGGER_DYNAMIC_HORIZONTAL_POD_AUTOSCALING | 202
K8S-01288 | prod-api | 3 | 42.5 | 1200 | CLUSTER_HEALTH_NOMINAL | RETAIN_CURRENT_POD_REPLICA_COUNT | 200
K8S-01289 | prod-api | 3 | 89.8 | 8500 | RESOURCE_SATURATION_WARNING | TRIGGER_DYNAMIC_HORIZONTAL_POD_AUTOSCALING | 202
K8S-01290 | prod-api | 3 | 42.5 | 1200 | CLUSTER_HEALTH_NOMINAL | RETAIN_CURRENT_POD_REPLICA_COUNT | 200
K8S-01291 | data-pipeline | 5 | 94.1 | 12000 | RESOURCE_SATURATION_WARNING | TRIGGER_DYNAMIC_HORIZONTAL_POD_AUTOSCALING | 202
K8S-01292 | data-pipeline | 5 | 94.1 | 12000 | RESOURCE_SATURATION_WARNING | TRIGGER_DYNAMIC_HORIZONTAL_POD_AUTOSCALING | 202
K8S-01293 | data-pipeline | 5 | 94.1 | 12000 | RESOURCE_SATURATION_WARNING | TRIGGER_DYNAMIC_HORIZONTAL_POD_AUTOSCALING | 202
K8S-01294 | prod-api | 3 | 42.5 | 1200 | CLUSTER_HEALTH_NOMINAL | RETAIN_CURRENT_POD_REPLICA_COUNT | 200
K8S-01295 | prod-api | 3 | 42.5 | 1200 | CLUSTER_HEALTH_NOMINAL | RETAIN_CURRENT_POD_REPLICA_COUNT | 200
K8S-01296 | auth-service | 2 | 15.2 | 350 | CLUSTER_HEALTH_NOMINAL | RETAIN_CURRENT_POD_REPLICA_COUNT | 200
K8S-01297 | data-pipeline | 5 | 94.1 | 12000 | RESOURCE_SATURATION_WARNING | TRIGGER_DYNAMIC_HORIZONTAL_POD_AUTOSCALING | 202
K8S-01298 | data-pipeline | 5 | 94.1 | 12000 | RESOURCE_SATURATION_WARNING | TRIGGER_DYNAMIC_HORIZONTAL_POD_AUTOSCALING | 202
K8S-01299 | prod-api | 3 | 89.8 | 8500 | RESOURCE_SATURATION_WARNING | TRIGGER_DYNAMIC_HORIZONTAL_POD_AUTOSCALING | 202
K8S-01300 | prod-api | 3 | 42.5 | 1200 | CLUSTER_HEALTH_NOMINAL | RETAIN_CURRENT_POD_REPLICA_COUNT | 200
K8S-01301 | data-pipeline | 5 | 94.1 | 12000 | RESOURCE_SATURATION_WARNING | TRIGGER_DYNAMIC_HORIZONTAL_POD_AUTOSCALING | 202
K8S-01302 | data-pipeline | 5 | 94.1 | 12000 | RESOURCE_SATURATION_WARNING | TRIGGER_DYNAMIC_HORIZONTAL_POD_AUTOSCALING | 202
K8S-01303 | prod-api | 3 | 42.5 | 1200 | CLUSTER_HEALTH_NOMINAL | RETAIN_CURRENT_POD_REPLICA_COUNT | 200
K8S-01304 | data-pipeline | 5 | 94.1 | 12000 | RESOURCE_SATURATION_WARNING | TRIGGER_DYNAMIC_HORIZONTAL_POD_AUTOSCALING | 202
K8S-01305 | prod-api | 3 | 42.5 | 1200 | CLUSTER_HEALTH_NOMINAL | RETAIN_CURRENT_POD_REPLICA_COUNT | 200
K8S-01306 | auth-service | 2 | 15.2 | 350 | CLUSTER_HEALTH_NOMINAL | RETAIN_CURRENT_POD_REPLICA_COUNT | 200
K8S-01307 | prod-api | 3 | 42.5 | 1200 | CLUSTER_HEALTH_NOMINAL | RETAIN_CURRENT_POD_REPLICA_COUNT | 200
K8S-01308 | auth-service | 2 | 15.2 | 350 | CLUSTER_HEALTH_NOMINAL | RETAIN_CURRENT_POD_REPLICA_COUNT | 200
K8S-01309 | data-pipeline | 5 | 94.1 | 12000 | RESOURCE_SATURATION_WARNING | TRIGGER_DYNAMIC_HORIZONTAL_POD_AUTOSCALING | 202
K8S-01310 | prod-api | 3 | 89.8 | 8500 | RESOURCE_SATURATION_WARNING | TRIGGER_DYNAMIC_HORIZONTAL_POD_AUTOSCALING | 202
K8S-01311 | auth-service | 2 | 15.2 | 350 | CLUSTER_HEALTH_NOMINAL | RETAIN_CURRENT_POD_REPLICA_COUNT | 200
K8S-01312 | prod-api | 3 | 42.5 | 1200 | CLUSTER_HEALTH_NOMINAL | RETAIN_CURRENT_POD_REPLICA_COUNT | 200
K8S-01313 | auth-service | 2 | 15.2 | 350 | CLUSTER_HEALTH_NOMINAL | RETAIN_CURRENT_POD_REPLICA_COUNT | 200
K8S-01314 | data-pipeline | 5 | 94.1 | 12000 | RESOURCE_SATURATION_WARNING | TRIGGER_DYNAMIC_HORIZONTAL_POD_AUTOSCALING | 202
K8S-01315 | prod-api | 3 | 42.5 | 1200 | CLUSTER_HEALTH_NOMINAL | RETAIN_CURRENT_POD_REPLICA_COUNT | 200
K8S-01316 | auth-service | 2 | 15.2 | 350 | CLUSTER_HEALTH_NOMINAL | RETAIN_CURRENT_POD_REPLICA_COUNT | 200
K8S-01317 | prod-api | 3 | 42.5 | 1200 | CLUSTER_HEALTH_NOMINAL | RETAIN_CURRENT_POD_REPLICA_COUNT | 200
K8S-01318 | data-pipeline | 5 | 94.1 | 12000 | RESOURCE_SATURATION_WARNING | TRIGGER_DYNAMIC_HORIZONTAL_POD_AUTOSCALING | 202
K8S-01319 | prod-api | 3 | 89.8 | 8500 | RESOURCE_SATURATION_WARNING | TRIGGER_DYNAMIC_HORIZONTAL_POD_AUTOSCALING | 202
K8S-01320 | auth-service | 2 | 15.2 | 350 | CLUSTER_HEALTH_NOMINAL | RETAIN_CURRENT_POD_REPLICA_COUNT | 200
K8S-01321 | data-pipeline | 5 | 94.1 | 12000 | RESOURCE_SATURATION_WARNING | TRIGGER_DYNAMIC_HORIZONTAL_POD_AUTOSCALING | 202
K8S-01322 | prod-api | 3 | 42.5 | 1200 | CLUSTER_HEALTH_NOMINAL | RETAIN_CURRENT_POD_REPLICA_COUNT | 200
K8S-01323 | auth-service | 2 | 15.2 | 350 | CLUSTER_HEALTH_NOMINAL | RETAIN_CURRENT_POD_REPLICA_COUNT | 200
K8S-01324 | prod-api | 3 | 42.5 | 1200 | CLUSTER_HEALTH_NOMINAL | RETAIN_CURRENT_POD_REPLICA_COUNT | 200
K8S-01325 | auth-service | 2 | 15.2 | 350 | CLUSTER_HEALTH_NOMINAL | RETAIN_CURRENT_POD_REPLICA_COUNT | 200
K8S-01326 | data-pipeline | 5 | 94.1 | 12000 | RESOURCE_SATURATION_WARNING | TRIGGER_DYNAMIC_HORIZONTAL_POD_AUTOSCALING | 202
K8S-01327 | auth-service | 2 | 15.2 | 350 | CLUSTER_HEALTH_NOMINAL | RETAIN_CURRENT_POD_REPLICA_COUNT | 200
K8S-01328 | prod-api | 3 | 42.5 | 1200 | CLUSTER_HEALTH_NOMINAL | RETAIN_CURRENT_POD_REPLICA_COUNT | 200
K8S-01329 | auth-service | 2 | 15.2 | 350 | CLUSTER_HEALTH_NOMINAL | RETAIN_CURRENT_POD_REPLICA_COUNT | 200
K8S-01330 | prod-api | 3 | 89.8 | 8500 | RESOURCE_SATURATION_WARNING | TRIGGER_DYNAMIC_HORIZONTAL_POD_AUTOSCALING | 202
K8S-01331 | prod-api | 3 | 42.5 | 1200 | CLUSTER_HEALTH_NOMINAL | RETAIN_CURRENT_POD_REPLICA_COUNT | 200
K8S-01332 | data-pipeline | 5 | 94.1 | 12000 | RESOURCE_SATURATION_WARNING | TRIGGER_DYNAMIC_HORIZONTAL_POD_AUTOSCALING | 202
K8S-01333 | data-pipeline | 5 | 94.1 | 12000 | RESOURCE_SATURATION_WARNING | TRIGGER_DYNAMIC_HORIZONTAL_POD_AUTOSCALING | 202
K8S-01334 | data-pipeline | 5 | 94.1 | 12000 | RESOURCE_SATURATION_WARNING | TRIGGER_DYNAMIC_HORIZONTAL_POD_AUTOSCALING | 202
K8S-01335 | data-pipeline | 5 | 94.1 | 12000 | RESOURCE_SATURATION_WARNING | TRIGGER_DYNAMIC_HORIZONTAL_POD_AUTOSCALING | 202
K8S-01336 | auth-service | 2 | 15.2 | 350 | CLUSTER_HEALTH_NOMINAL | RETAIN_CURRENT_POD_REPLICA_COUNT | 200
K8S-01337 | prod-api | 3 | 42.5 | 1200 | CLUSTER_HEALTH_NOMINAL | RETAIN_CURRENT_POD_REPLICA_COUNT | 200
K8S-01338 | auth-service | 2 | 15.2 | 350 | CLUSTER_HEALTH_NOMINAL | RETAIN_CURRENT_POD_REPLICA_COUNT | 200
K8S-01339 | prod-api | 3 | 89.8 | 8500 | RESOURCE_SATURATION_WARNING | TRIGGER_DYNAMIC_HORIZONTAL_POD_AUTOSCALING | 202
K8S-01340 | auth-service | 2 | 15.2 | 350 | CLUSTER_HEALTH_NOMINAL | RETAIN_CURRENT_POD_REPLICA_COUNT | 200
K8S-01341 | auth-service | 2 | 15.2 | 350 | CLUSTER_HEALTH_NOMINAL | RETAIN_CURRENT_POD_REPLICA_COUNT | 200
K8S-01342 | data-pipeline | 5 | 94.1 | 12000 | RESOURCE_SATURATION_WARNING | TRIGGER_DYNAMIC_HORIZONTAL_POD_AUTOSCALING | 202
K8S-01343 | data-pipeline | 5 | 94.1 | 12000 | RESOURCE_SATURATION_WARNING | TRIGGER_DYNAMIC_HORIZONTAL_POD_AUTOSCALING | 202
K8S-01344 | data-pipeline | 5 | 94.1 | 12000 | RESOURCE_SATURATION_WARNING | TRIGGER_DYNAMIC_HORIZONTAL_POD_AUTOSCALING | 202
K8S-01345 | auth-service | 2 | 15.2 | 350 | CLUSTER_HEALTH_NOMINAL | RETAIN_CURRENT_POD_REPLICA_COUNT | 200
K8S-01346 | data-pipeline | 5 | 94.1 | 12000 | RESOURCE_SATURATION_WARNING | TRIGGER_DYNAMIC_HORIZONTAL_POD_AUTOSCALING | 202
K8S-01347 | data-pipeline | 5 | 94.1 | 12000 | RESOURCE_SATURATION_WARNING | TRIGGER_DYNAMIC_HORIZONTAL_POD_AUTOSCALING | 202
K8S-01348 | prod-api | 3 | 89.8 | 8500 | RESOURCE_SATURATION_WARNING | TRIGGER_DYNAMIC_HORIZONTAL_POD_AUTOSCALING | 202
K8S-01349 | prod-api | 3 | 89.8 | 8500 | RESOURCE_SATURATION_WARNING | TRIGGER_DYNAMIC_HORIZONTAL_POD_AUTOSCALING | 202
K8S-01350 | prod-api | 3 | 89.8 | 8500 | RESOURCE_SATURATION_WARNING | TRIGGER_DYNAMIC_HORIZONTAL_POD_AUTOSCALING | 202
K8S-01351 | data-pipeline | 5 | 94.1 | 12000 | RESOURCE_SATURATION_WARNING | TRIGGER_DYNAMIC_HORIZONTAL_POD_AUTOSCALING | 202
K8S-01352 | prod-api | 3 | 42.5 | 1200 | CLUSTER_HEALTH_NOMINAL | RETAIN_CURRENT_POD_REPLICA_COUNT | 200
K8S-01353 | data-pipeline | 5 | 94.1 | 12000 | RESOURCE_SATURATION_WARNING | TRIGGER_DYNAMIC_HORIZONTAL_POD_AUTOSCALING | 202
K8S-01354 | prod-api | 3 | 42.5 | 1200 | CLUSTER_HEALTH_NOMINAL | RETAIN_CURRENT_POD_REPLICA_COUNT | 200
K8S-01355 | auth-service | 2 | 15.2 | 350 | CLUSTER_HEALTH_NOMINAL | RETAIN_CURRENT_POD_REPLICA_COUNT | 200
K8S-01356 | data-pipeline | 5 | 94.1 | 12000 | RESOURCE_SATURATION_WARNING | TRIGGER_DYNAMIC_HORIZONTAL_POD_AUTOSCALING | 202
K8S-01357 | auth-service | 2 | 15.2 | 350 | CLUSTER_HEALTH_NOMINAL | RETAIN_CURRENT_POD_REPLICA_COUNT | 200
K8S-01358 | data-pipeline | 5 | 94.1 | 12000 | RESOURCE_SATURATION_WARNING | TRIGGER_DYNAMIC_HORIZONTAL_POD_AUTOSCALING | 202
K8S-01359 | prod-api | 3 | 89.8 | 8500 | RESOURCE_SATURATION_WARNING | TRIGGER_DYNAMIC_HORIZONTAL_POD_AUTOSCALING | 202
K8S-01360 | prod-api | 3 | 89.8 | 8500 | RESOURCE_SATURATION_WARNING | TRIGGER_DYNAMIC_HORIZONTAL_POD_AUTOSCALING | 202
K8S-01361 | prod-api | 3 | 42.5 | 1200 | CLUSTER_HEALTH_NOMINAL | RETAIN_CURRENT_POD_REPLICA_COUNT | 200
K8S-01362 | prod-api | 3 | 42.5 | 1200 | CLUSTER_HEALTH_NOMINAL | RETAIN_CURRENT_POD_REPLICA_COUNT | 200
K8S-01363 | auth-service | 2 | 15.2 | 350 | CLUSTER_HEALTH_NOMINAL | RETAIN_CURRENT_POD_REPLICA_COUNT | 200
K8S-01364 | data-pipeline | 5 | 94.1 | 12000 | RESOURCE_SATURATION_WARNING | TRIGGER_DYNAMIC_HORIZONTAL_POD_AUTOSCALING | 202
K8S-01365 | prod-api | 3 | 42.5 | 1200 | CLUSTER_HEALTH_NOMINAL | RETAIN_CURRENT_POD_REPLICA_COUNT | 200
K8S-01366 | data-pipeline | 5 | 94.1 | 12000 | RESOURCE_SATURATION_WARNING | TRIGGER_DYNAMIC_HORIZONTAL_POD_AUTOSCALING | 202
K8S-01367 | auth-service | 2 | 15.2 | 350 | CLUSTER_HEALTH_NOMINAL | RETAIN_CURRENT_POD_REPLICA_COUNT | 200
K8S-01368 | prod-api | 3 | 89.8 | 8500 | RESOURCE_SATURATION_WARNING | TRIGGER_DYNAMIC_HORIZONTAL_POD_AUTOSCALING | 202
K8S-01369 | auth-service | 2 | 15.2 | 350 | CLUSTER_HEALTH_NOMINAL | RETAIN_CURRENT_POD_REPLICA_COUNT | 200
K8S-01370 | prod-api | 3 | 89.8 | 8500 | RESOURCE_SATURATION_WARNING | TRIGGER_DYNAMIC_HORIZONTAL_POD_AUTOSCALING | 202
K8S-01371 | auth-service | 2 | 15.2 | 350 | CLUSTER_HEALTH_NOMINAL | RETAIN_CURRENT_POD_REPLICA_COUNT | 200
K8S-01372 | data-pipeline | 5 | 94.1 | 12000 | RESOURCE_SATURATION_WARNING | TRIGGER_DYNAMIC_HORIZONTAL_POD_AUTOSCALING | 202
K8S-01373 | auth-service | 2 | 15.2 | 350 | CLUSTER_HEALTH_NOMINAL | RETAIN_CURRENT_POD_REPLICA_COUNT | 200
K8S-01374 | prod-api | 3 | 89.8 | 8500 | RESOURCE_SATURATION_WARNING | TRIGGER_DYNAMIC_HORIZONTAL_POD_AUTOSCALING | 202
K8S-01375 | prod-api | 3 | 89.8 | 8500 | RESOURCE_SATURATION_WARNING | TRIGGER_DYNAMIC_HORIZONTAL_POD_AUTOSCALING | 202
K8S-01376 | auth-service | 2 | 15.2 | 350 | CLUSTER_HEALTH_NOMINAL | RETAIN_CURRENT_POD_REPLICA_COUNT | 200
K8S-01377 | data-pipeline | 5 | 94.1 | 12000 | RESOURCE_SATURATION_WARNING | TRIGGER_DYNAMIC_HORIZONTAL_POD_AUTOSCALING | 202
K8S-01378 | auth-service | 2 | 15.2 | 350 | CLUSTER_HEALTH_NOMINAL | RETAIN_CURRENT_POD_REPLICA_COUNT | 200
K8S-01379 | prod-api | 3 | 89.8 | 8500 | RESOURCE_SATURATION_WARNING | TRIGGER_DYNAMIC_HORIZONTAL_POD_AUTOSCALING | 202
K8S-01380 | prod-api | 3 | 89.8 | 8500 | RESOURCE_SATURATION_WARNING | TRIGGER_DYNAMIC_HORIZONTAL_POD_AUTOSCALING | 202
K8S-01381 | prod-api | 3 | 89.8 | 8500 | RESOURCE_SATURATION_WARNING | TRIGGER_DYNAMIC_HORIZONTAL_POD_AUTOSCALING | 202
K8S-01382 | data-pipeline | 5 | 94.1 | 12000 | RESOURCE_SATURATION_WARNING | TRIGGER_DYNAMIC_HORIZONTAL_POD_AUTOSCALING | 202
K8S-01383 | data-pipeline | 5 | 94.1 | 12000 | RESOURCE_SATURATION_WARNING | TRIGGER_DYNAMIC_HORIZONTAL_POD_AUTOSCALING | 202
K8S-01384 | prod-api | 3 | 42.5 | 1200 | CLUSTER_HEALTH_NOMINAL | RETAIN_CURRENT_POD_REPLICA_COUNT | 200
K8S-01385 | prod-api | 3 | 89.8 | 8500 | RESOURCE_SATURATION_WARNING | TRIGGER_DYNAMIC_HORIZONTAL_POD_AUTOSCALING | 202
K8S-01386 | data-pipeline | 5 | 94.1 | 12000 | RESOURCE_SATURATION_WARNING | TRIGGER_DYNAMIC_HORIZONTAL_POD_AUTOSCALING | 202
K8S-01387 | prod-api | 3 | 89.8 | 8500 | RESOURCE_SATURATION_WARNING | TRIGGER_DYNAMIC_HORIZONTAL_POD_AUTOSCALING | 202
K8S-01388 | data-pipeline | 5 | 94.1 | 12000 | RESOURCE_SATURATION_WARNING | TRIGGER_DYNAMIC_HORIZONTAL_POD_AUTOSCALING | 202
K8S-01389 | prod-api | 3 | 89.8 | 8500 | RESOURCE_SATURATION_WARNING | TRIGGER_DYNAMIC_HORIZONTAL_POD_AUTOSCALING | 202
K8S-01390 | data-pipeline | 5 | 94.1 | 12000 | RESOURCE_SATURATION_WARNING | TRIGGER_DYNAMIC_HORIZONTAL_POD_AUTOSCALING | 202
K8S-01391 | data-pipeline | 5 | 94.1 | 12000 | RESOURCE_SATURATION_WARNING | TRIGGER_DYNAMIC_HORIZONTAL_POD_AUTOSCALING | 202
K8S-01392 | data-pipeline | 5 | 94.1 | 12000 | RESOURCE_SATURATION_WARNING | TRIGGER_DYNAMIC_HORIZONTAL_POD_AUTOSCALING | 202
K8S-01393 | auth-service | 2 | 15.2 | 350 | CLUSTER_HEALTH_NOMINAL | RETAIN_CURRENT_POD_REPLICA_COUNT | 200
K8S-01394 | data-pipeline | 5 | 94.1 | 12000 | RESOURCE_SATURATION_WARNING | TRIGGER_DYNAMIC_HORIZONTAL_POD_AUTOSCALING | 202
K8S-01395 | prod-api | 3 | 42.5 | 1200 | CLUSTER_HEALTH_NOMINAL | RETAIN_CURRENT_POD_REPLICA_COUNT | 200
K8S-01396 | auth-service | 2 | 15.2 | 350 | CLUSTER_HEALTH_NOMINAL | RETAIN_CURRENT_POD_REPLICA_COUNT | 200
K8S-01397 | auth-service | 2 | 15.2 | 350 | CLUSTER_HEALTH_NOMINAL | RETAIN_CURRENT_POD_REPLICA_COUNT | 200
K8S-01398 | auth-service | 2 | 15.2 | 350 | CLUSTER_HEALTH_NOMINAL | RETAIN_CURRENT_POD_REPLICA_COUNT | 200
K8S-01399 | data-pipeline | 5 | 94.1 | 12000 | RESOURCE_SATURATION_WARNING | TRIGGER_DYNAMIC_HORIZONTAL_POD_AUTOSCALING | 202
K8S-01400 | prod-api | 3 | 42.5 | 1200 | CLUSTER_HEALTH_NOMINAL | RETAIN_CURRENT_POD_REPLICA_COUNT | 200
K8S-01401 | auth-service | 2 | 15.2 | 350 | CLUSTER_HEALTH_NOMINAL | RETAIN_CURRENT_POD_REPLICA_COUNT | 200
K8S-01402 | data-pipeline | 5 | 94.1 | 12000 | RESOURCE_SATURATION_WARNING | TRIGGER_DYNAMIC_HORIZONTAL_POD_AUTOSCALING | 202
K8S-01403 | prod-api | 3 | 89.8 | 8500 | RESOURCE_SATURATION_WARNING | TRIGGER_DYNAMIC_HORIZONTAL_POD_AUTOSCALING | 202
K8S-01404 | auth-service | 2 | 15.2 | 350 | CLUSTER_HEALTH_NOMINAL | RETAIN_CURRENT_POD_REPLICA_COUNT | 200
K8S-01405 | prod-api | 3 | 89.8 | 8500 | RESOURCE_SATURATION_WARNING | TRIGGER_DYNAMIC_HORIZONTAL_POD_AUTOSCALING | 202
K8S-01406 | auth-service | 2 | 15.2 | 350 | CLUSTER_HEALTH_NOMINAL | RETAIN_CURRENT_POD_REPLICA_COUNT | 200
K8S-01407 | data-pipeline | 5 | 94.1 | 12000 | RESOURCE_SATURATION_WARNING | TRIGGER_DYNAMIC_HORIZONTAL_POD_AUTOSCALING | 202
K8S-01408 | auth-service | 2 | 15.2 | 350 | CLUSTER_HEALTH_NOMINAL | RETAIN_CURRENT_POD_REPLICA_COUNT | 200
K8S-01409 | auth-service | 2 | 15.2 | 350 | CLUSTER_HEALTH_NOMINAL | RETAIN_CURRENT_POD_REPLICA_COUNT | 200
K8S-01410 | prod-api | 3 | 42.5 | 1200 | CLUSTER_HEALTH_NOMINAL | RETAIN_CURRENT_POD_REPLICA_COUNT | 200
K8S-01411 | data-pipeline | 5 | 94.1 | 12000 | RESOURCE_SATURATION_WARNING | TRIGGER_DYNAMIC_HORIZONTAL_POD_AUTOSCALING | 202
K8S-01412 | prod-api | 3 | 89.8 | 8500 | RESOURCE_SATURATION_WARNING | TRIGGER_DYNAMIC_HORIZONTAL_POD_AUTOSCALING | 202
K8S-01413 | auth-service | 2 | 15.2 | 350 | CLUSTER_HEALTH_NOMINAL | RETAIN_CURRENT_POD_REPLICA_COUNT | 200
K8S-01414 | auth-service | 2 | 15.2 | 350 | CLUSTER_HEALTH_NOMINAL | RETAIN_CURRENT_POD_REPLICA_COUNT | 200
K8S-01415 | prod-api | 3 | 42.5 | 1200 | CLUSTER_HEALTH_NOMINAL | RETAIN_CURRENT_POD_REPLICA_COUNT | 200
K8S-01416 | data-pipeline | 5 | 94.1 | 12000 | RESOURCE_SATURATION_WARNING | TRIGGER_DYNAMIC_HORIZONTAL_POD_AUTOSCALING | 202
K8S-01417 | prod-api | 3 | 89.8 | 8500 | RESOURCE_SATURATION_WARNING | TRIGGER_DYNAMIC_HORIZONTAL_POD_AUTOSCALING | 202
K8S-01418 | prod-api | 3 | 42.5 | 1200 | CLUSTER_HEALTH_NOMINAL | RETAIN_CURRENT_POD_REPLICA_COUNT | 200
K8S-01419 | prod-api | 3 | 42.5 | 1200 | CLUSTER_HEALTH_NOMINAL | RETAIN_CURRENT_POD_REPLICA_COUNT | 200
K8S-01420 | prod-api | 3 | 42.5 | 1200 | CLUSTER_HEALTH_NOMINAL | RETAIN_CURRENT_POD_REPLICA_COUNT | 200
K8S-01421 | prod-api | 3 | 42.5 | 1200 | CLUSTER_HEALTH_NOMINAL | RETAIN_CURRENT_POD_REPLICA_COUNT | 200
K8S-01422 | data-pipeline | 5 | 94.1 | 12000 | RESOURCE_SATURATION_WARNING | TRIGGER_DYNAMIC_HORIZONTAL_POD_AUTOSCALING | 202
K8S-01423 | prod-api | 3 | 42.5 | 1200 | CLUSTER_HEALTH_NOMINAL | RETAIN_CURRENT_POD_REPLICA_COUNT | 200
K8S-01424 | auth-service | 2 | 15.2 | 350 | CLUSTER_HEALTH_NOMINAL | RETAIN_CURRENT_POD_REPLICA_COUNT | 200
K8S-01425 | auth-service | 2 | 15.2 | 350 | CLUSTER_HEALTH_NOMINAL | RETAIN_CURRENT_POD_REPLICA_COUNT | 200
K8S-01426 | prod-api | 3 | 89.8 | 8500 | RESOURCE_SATURATION_WARNING | TRIGGER_DYNAMIC_HORIZONTAL_POD_AUTOSCALING | 202
K8S-01427 | prod-api | 3 | 42.5 | 1200 | CLUSTER_HEALTH_NOMINAL | RETAIN_CURRENT_POD_REPLICA_COUNT | 200
K8S-01428 | prod-api | 3 | 42.5 | 1200 | CLUSTER_HEALTH_NOMINAL | RETAIN_CURRENT_POD_REPLICA_COUNT | 200
K8S-01429 | data-pipeline | 5 | 94.1 | 12000 | RESOURCE_SATURATION_WARNING | TRIGGER_DYNAMIC_HORIZONTAL_POD_AUTOSCALING | 202
K8S-01430 | prod-api | 3 | 42.5 | 1200 | CLUSTER_HEALTH_NOMINAL | RETAIN_CURRENT_POD_REPLICA_COUNT | 200
K8S-01431 | prod-api | 3 | 42.5 | 1200 | CLUSTER_HEALTH_NOMINAL | RETAIN_CURRENT_POD_REPLICA_COUNT | 200
K8S-01432 | prod-api | 3 | 42.5 | 1200 | CLUSTER_HEALTH_NOMINAL | RETAIN_CURRENT_POD_REPLICA_COUNT | 200
K8S-01433 | prod-api | 3 | 42.5 | 1200 | CLUSTER_HEALTH_NOMINAL | RETAIN_CURRENT_POD_REPLICA_COUNT | 200
K8S-01434 | data-pipeline | 5 | 94.1 | 12000 | RESOURCE_SATURATION_WARNING | TRIGGER_DYNAMIC_HORIZONTAL_POD_AUTOSCALING | 202
K8S-01435 | auth-service | 2 | 15.2 | 350 | CLUSTER_HEALTH_NOMINAL | RETAIN_CURRENT_POD_REPLICA_COUNT | 200
K8S-01436 | prod-api | 3 | 89.8 | 8500 | RESOURCE_SATURATION_WARNING | TRIGGER_DYNAMIC_HORIZONTAL_POD_AUTOSCALING | 202
K8S-01437 | data-pipeline | 5 | 94.1 | 12000 | RESOURCE_SATURATION_WARNING | TRIGGER_DYNAMIC_HORIZONTAL_POD_AUTOSCALING | 202
K8S-01438 | auth-service | 2 | 15.2 | 350 | CLUSTER_HEALTH_NOMINAL | RETAIN_CURRENT_POD_REPLICA_COUNT | 200
K8S-01439 | prod-api | 3 | 89.8 | 8500 | RESOURCE_SATURATION_WARNING | TRIGGER_DYNAMIC_HORIZONTAL_POD_AUTOSCALING | 202
K8S-01440 | prod-api | 3 | 89.8 | 8500 | RESOURCE_SATURATION_WARNING | TRIGGER_DYNAMIC_HORIZONTAL_POD_AUTOSCALING | 202
K8S-01441 | data-pipeline | 5 | 94.1 | 12000 | RESOURCE_SATURATION_WARNING | TRIGGER_DYNAMIC_HORIZONTAL_POD_AUTOSCALING | 202
K8S-01442 | prod-api | 3 | 89.8 | 8500 | RESOURCE_SATURATION_WARNING | TRIGGER_DYNAMIC_HORIZONTAL_POD_AUTOSCALING | 202
K8S-01443 | data-pipeline | 5 | 94.1 | 12000 | RESOURCE_SATURATION_WARNING | TRIGGER_DYNAMIC_HORIZONTAL_POD_AUTOSCALING | 202
K8S-01444 | prod-api | 3 | 89.8 | 8500 | RESOURCE_SATURATION_WARNING | TRIGGER_DYNAMIC_HORIZONTAL_POD_AUTOSCALING | 202
K8S-01445 | data-pipeline | 5 | 94.1 | 12000 | RESOURCE_SATURATION_WARNING | TRIGGER_DYNAMIC_HORIZONTAL_POD_AUTOSCALING | 202
K8S-01446 | data-pipeline | 5 | 94.1 | 12000 | RESOURCE_SATURATION_WARNING | TRIGGER_DYNAMIC_HORIZONTAL_POD_AUTOSCALING | 202
K8S-01447 | auth-service | 2 | 15.2 | 350 | CLUSTER_HEALTH_NOMINAL | RETAIN_CURRENT_POD_REPLICA_COUNT | 200
K8S-01448 | prod-api | 3 | 42.5 | 1200 | CLUSTER_HEALTH_NOMINAL | RETAIN_CURRENT_POD_REPLICA_COUNT | 200
K8S-01449 | data-pipeline | 5 | 94.1 | 12000 | RESOURCE_SATURATION_WARNING | TRIGGER_DYNAMIC_HORIZONTAL_POD_AUTOSCALING | 202
K8S-01450 | prod-api | 3 | 42.5 | 1200 | CLUSTER_HEALTH_NOMINAL | RETAIN_CURRENT_POD_REPLICA_COUNT | 200
K8S-01451 | prod-api | 3 | 89.8 | 8500 | RESOURCE_SATURATION_WARNING | TRIGGER_DYNAMIC_HORIZONTAL_POD_AUTOSCALING | 202
K8S-01452 | prod-api | 3 | 42.5 | 1200 | CLUSTER_HEALTH_NOMINAL | RETAIN_CURRENT_POD_REPLICA_COUNT | 200
K8S-01453 | auth-service | 2 | 15.2 | 350 | CLUSTER_HEALTH_NOMINAL | RETAIN_CURRENT_POD_REPLICA_COUNT | 200
K8S-01454 | auth-service | 2 | 15.2 | 350 | CLUSTER_HEALTH_NOMINAL | RETAIN_CURRENT_POD_REPLICA_COUNT | 200
K8S-01455 | auth-service | 2 | 15.2 | 350 | CLUSTER_HEALTH_NOMINAL | RETAIN_CURRENT_POD_REPLICA_COUNT | 200
K8S-01456 | auth-service | 2 | 15.2 | 350 | CLUSTER_HEALTH_NOMINAL | RETAIN_CURRENT_POD_REPLICA_COUNT | 200
K8S-01457 | prod-api | 3 | 42.5 | 1200 | CLUSTER_HEALTH_NOMINAL | RETAIN_CURRENT_POD_REPLICA_COUNT | 200
K8S-01458 | auth-service | 2 | 15.2 | 350 | CLUSTER_HEALTH_NOMINAL | RETAIN_CURRENT_POD_REPLICA_COUNT | 200
K8S-01459 | auth-service | 2 | 15.2 | 350 | CLUSTER_HEALTH_NOMINAL | RETAIN_CURRENT_POD_REPLICA_COUNT | 200
K8S-01460 | prod-api | 3 | 42.5 | 1200 | CLUSTER_HEALTH_NOMINAL | RETAIN_CURRENT_POD_REPLICA_COUNT | 200
K8S-01461 | prod-api | 3 | 42.5 | 1200 | CLUSTER_HEALTH_NOMINAL | RETAIN_CURRENT_POD_REPLICA_COUNT | 200
K8S-01462 | auth-service | 2 | 15.2 | 350 | CLUSTER_HEALTH_NOMINAL | RETAIN_CURRENT_POD_REPLICA_COUNT | 200
K8S-01463 | prod-api | 3 | 42.5 | 1200 | CLUSTER_HEALTH_NOMINAL | RETAIN_CURRENT_POD_REPLICA_COUNT | 200
K8S-01464 | auth-service | 2 | 15.2 | 350 | CLUSTER_HEALTH_NOMINAL | RETAIN_CURRENT_POD_REPLICA_COUNT | 200
K8S-01465 | auth-service | 2 | 15.2 | 350 | CLUSTER_HEALTH_NOMINAL | RETAIN_CURRENT_POD_REPLICA_COUNT | 200
K8S-01466 | data-pipeline | 5 | 94.1 | 12000 | RESOURCE_SATURATION_WARNING | TRIGGER_DYNAMIC_HORIZONTAL_POD_AUTOSCALING | 202
K8S-01467 | prod-api | 3 | 42.5 | 1200 | CLUSTER_HEALTH_NOMINAL | RETAIN_CURRENT_POD_REPLICA_COUNT | 200
K8S-01468 | prod-api | 3 | 42.5 | 1200 | CLUSTER_HEALTH_NOMINAL | RETAIN_CURRENT_POD_REPLICA_COUNT | 200
K8S-01469 | data-pipeline | 5 | 94.1 | 12000 | RESOURCE_SATURATION_WARNING | TRIGGER_DYNAMIC_HORIZONTAL_POD_AUTOSCALING | 202
K8S-01470 | prod-api | 3 | 42.5 | 1200 | CLUSTER_HEALTH_NOMINAL | RETAIN_CURRENT_POD_REPLICA_COUNT | 200
K8S-01471 | data-pipeline | 5 | 94.1 | 12000 | RESOURCE_SATURATION_WARNING | TRIGGER_DYNAMIC_HORIZONTAL_POD_AUTOSCALING | 202
K8S-01472 | prod-api | 3 | 42.5 | 1200 | CLUSTER_HEALTH_NOMINAL | RETAIN_CURRENT_POD_REPLICA_COUNT | 200
K8S-01473 | prod-api | 3 | 42.5 | 1200 | CLUSTER_HEALTH_NOMINAL | RETAIN_CURRENT_POD_REPLICA_COUNT | 200
K8S-01474 | prod-api | 3 | 89.8 | 8500 | RESOURCE_SATURATION_WARNING | TRIGGER_DYNAMIC_HORIZONTAL_POD_AUTOSCALING | 202
K8S-01475 | prod-api | 3 | 42.5 | 1200 | CLUSTER_HEALTH_NOMINAL | RETAIN_CURRENT_POD_REPLICA_COUNT | 200
K8S-01476 | auth-service | 2 | 15.2 | 350 | CLUSTER_HEALTH_NOMINAL | RETAIN_CURRENT_POD_REPLICA_COUNT | 200
K8S-01477 | auth-service | 2 | 15.2 | 350 | CLUSTER_HEALTH_NOMINAL | RETAIN_CURRENT_POD_REPLICA_COUNT | 200
K8S-01478 | prod-api | 3 | 42.5 | 1200 | CLUSTER_HEALTH_NOMINAL | RETAIN_CURRENT_POD_REPLICA_COUNT | 200
K8S-01479 | prod-api | 3 | 89.8 | 8500 | RESOURCE_SATURATION_WARNING | TRIGGER_DYNAMIC_HORIZONTAL_POD_AUTOSCALING | 202
K8S-01480 | data-pipeline | 5 | 94.1 | 12000 | RESOURCE_SATURATION_WARNING | TRIGGER_DYNAMIC_HORIZONTAL_POD_AUTOSCALING | 202
K8S-01481 | prod-api | 3 | 42.5 | 1200 | CLUSTER_HEALTH_NOMINAL | RETAIN_CURRENT_POD_REPLICA_COUNT | 200
K8S-01482 | prod-api | 3 | 89.8 | 8500 | RESOURCE_SATURATION_WARNING | TRIGGER_DYNAMIC_HORIZONTAL_POD_AUTOSCALING | 202
K8S-01483 | prod-api | 3 | 89.8 | 8500 | RESOURCE_SATURATION_WARNING | TRIGGER_DYNAMIC_HORIZONTAL_POD_AUTOSCALING | 202
K8S-01484 | auth-service | 2 | 15.2 | 350 | CLUSTER_HEALTH_NOMINAL | RETAIN_CURRENT_POD_REPLICA_COUNT | 200
K8S-01485 | auth-service | 2 | 15.2 | 350 | CLUSTER_HEALTH_NOMINAL | RETAIN_CURRENT_POD_REPLICA_COUNT | 200
K8S-01486 | auth-service | 2 | 15.2 | 350 | CLUSTER_HEALTH_NOMINAL | RETAIN_CURRENT_POD_REPLICA_COUNT | 200
K8S-01487 | prod-api | 3 | 42.5 | 1200 | CLUSTER_HEALTH_NOMINAL | RETAIN_CURRENT_POD_REPLICA_COUNT | 200
K8S-01488 | prod-api | 3 | 89.8 | 8500 | RESOURCE_SATURATION_WARNING | TRIGGER_DYNAMIC_HORIZONTAL_POD_AUTOSCALING | 202
K8S-01489 | prod-api | 3 | 89.8 | 8500 | RESOURCE_SATURATION_WARNING | TRIGGER_DYNAMIC_HORIZONTAL_POD_AUTOSCALING | 202
K8S-01490 | data-pipeline | 5 | 94.1 | 12000 | RESOURCE_SATURATION_WARNING | TRIGGER_DYNAMIC_HORIZONTAL_POD_AUTOSCALING | 202
K8S-01491 | prod-api | 3 | 89.8 | 8500 | RESOURCE_SATURATION_WARNING | TRIGGER_DYNAMIC_HORIZONTAL_POD_AUTOSCALING | 202
K8S-01492 | auth-service | 2 | 15.2 | 350 | CLUSTER_HEALTH_NOMINAL | RETAIN_CURRENT_POD_REPLICA_COUNT | 200
K8S-01493 | prod-api | 3 | 42.5 | 1200 | CLUSTER_HEALTH_NOMINAL | RETAIN_CURRENT_POD_REPLICA_COUNT | 200
K8S-01494 | prod-api | 3 | 42.5 | 1200 | CLUSTER_HEALTH_NOMINAL | RETAIN_CURRENT_POD_REPLICA_COUNT | 200
K8S-01495 | prod-api | 3 | 89.8 | 8500 | RESOURCE_SATURATION_WARNING | TRIGGER_DYNAMIC_HORIZONTAL_POD_AUTOSCALING | 202
K8S-01496 | auth-service | 2 | 15.2 | 350 | CLUSTER_HEALTH_NOMINAL | RETAIN_CURRENT_POD_REPLICA_COUNT | 200
K8S-01497 | data-pipeline | 5 | 94.1 | 12000 | RESOURCE_SATURATION_WARNING | TRIGGER_DYNAMIC_HORIZONTAL_POD_AUTOSCALING | 202
K8S-01498 | prod-api | 3 | 89.8 | 8500 | RESOURCE_SATURATION_WARNING | TRIGGER_DYNAMIC_HORIZONTAL_POD_AUTOSCALING | 202
K8S-01499 | data-pipeline | 5 | 94.1 | 12000 | RESOURCE_SATURATION_WARNING | TRIGGER_DYNAMIC_HORIZONTAL_POD_AUTOSCALING | 202
K8S-01500 | data-pipeline | 5 | 94.1 | 12000 | RESOURCE_SATURATION_WARNING | TRIGGER_DYNAMIC_HORIZONTAL_POD_AUTOSCALING | 202
K8S-01501 | prod-api | 3 | 89.8 | 8500 | RESOURCE_SATURATION_WARNING | TRIGGER_DYNAMIC_HORIZONTAL_POD_AUTOSCALING | 202
K8S-01502 | prod-api | 3 | 42.5 | 1200 | CLUSTER_HEALTH_NOMINAL | RETAIN_CURRENT_POD_REPLICA_COUNT | 200
K8S-01503 | prod-api | 3 | 89.8 | 8500 | RESOURCE_SATURATION_WARNING | TRIGGER_DYNAMIC_HORIZONTAL_POD_AUTOSCALING | 202
K8S-01504 | prod-api | 3 | 42.5 | 1200 | CLUSTER_HEALTH_NOMINAL | RETAIN_CURRENT_POD_REPLICA_COUNT | 200
K8S-01505 | prod-api | 3 | 42.5 | 1200 | CLUSTER_HEALTH_NOMINAL | RETAIN_CURRENT_POD_REPLICA_COUNT | 200
K8S-01506 | data-pipeline | 5 | 94.1 | 12000 | RESOURCE_SATURATION_WARNING | TRIGGER_DYNAMIC_HORIZONTAL_POD_AUTOSCALING | 202
K8S-01507 | auth-service | 2 | 15.2 | 350 | CLUSTER_HEALTH_NOMINAL | RETAIN_CURRENT_POD_REPLICA_COUNT | 200
K8S-01508 | data-pipeline | 5 | 94.1 | 12000 | RESOURCE_SATURATION_WARNING | TRIGGER_DYNAMIC_HORIZONTAL_POD_AUTOSCALING | 202
K8S-01509 | data-pipeline | 5 | 94.1 | 12000 | RESOURCE_SATURATION_WARNING | TRIGGER_DYNAMIC_HORIZONTAL_POD_AUTOSCALING | 202
K8S-01510 | prod-api | 3 | 89.8 | 8500 | RESOURCE_SATURATION_WARNING | TRIGGER_DYNAMIC_HORIZONTAL_POD_AUTOSCALING | 202
K8S-01511 | prod-api | 3 | 89.8 | 8500 | RESOURCE_SATURATION_WARNING | TRIGGER_DYNAMIC_HORIZONTAL_POD_AUTOSCALING | 202
K8S-01512 | prod-api | 3 | 89.8 | 8500 | RESOURCE_SATURATION_WARNING | TRIGGER_DYNAMIC_HORIZONTAL_POD_AUTOSCALING | 202
K8S-01513 | data-pipeline | 5 | 94.1 | 12000 | RESOURCE_SATURATION_WARNING | TRIGGER_DYNAMIC_HORIZONTAL_POD_AUTOSCALING | 202
K8S-01514 | auth-service | 2 | 15.2 | 350 | CLUSTER_HEALTH_NOMINAL | RETAIN_CURRENT_POD_REPLICA_COUNT | 200
K8S-01515 | auth-service | 2 | 15.2 | 350 | CLUSTER_HEALTH_NOMINAL | RETAIN_CURRENT_POD_REPLICA_COUNT | 200
K8S-01516 | auth-service | 2 | 15.2 | 350 | CLUSTER_HEALTH_NOMINAL | RETAIN_CURRENT_POD_REPLICA_COUNT | 200
K8S-01517 | prod-api | 3 | 89.8 | 8500 | RESOURCE_SATURATION_WARNING | TRIGGER_DYNAMIC_HORIZONTAL_POD_AUTOSCALING | 202
K8S-01518 | prod-api | 3 | 89.8 | 8500 | RESOURCE_SATURATION_WARNING | TRIGGER_DYNAMIC_HORIZONTAL_POD_AUTOSCALING | 202
K8S-01519 | data-pipeline | 5 | 94.1 | 12000 | RESOURCE_SATURATION_WARNING | TRIGGER_DYNAMIC_HORIZONTAL_POD_AUTOSCALING | 202
K8S-01520 | data-pipeline | 5 | 94.1 | 12000 | RESOURCE_SATURATION_WARNING | TRIGGER_DYNAMIC_HORIZONTAL_POD_AUTOSCALING | 202
K8S-01521 | auth-service | 2 | 15.2 | 350 | CLUSTER_HEALTH_NOMINAL | RETAIN_CURRENT_POD_REPLICA_COUNT | 200
K8S-01522 | auth-service | 2 | 15.2 | 350 | CLUSTER_HEALTH_NOMINAL | RETAIN_CURRENT_POD_REPLICA_COUNT | 200
K8S-01523 | prod-api | 3 | 89.8 | 8500 | RESOURCE_SATURATION_WARNING | TRIGGER_DYNAMIC_HORIZONTAL_POD_AUTOSCALING | 202
K8S-01524 | prod-api | 3 | 42.5 | 1200 | CLUSTER_HEALTH_NOMINAL | RETAIN_CURRENT_POD_REPLICA_COUNT | 200
K8S-01525 | auth-service | 2 | 15.2 | 350 | CLUSTER_HEALTH_NOMINAL | RETAIN_CURRENT_POD_REPLICA_COUNT | 200
K8S-01526 | auth-service | 2 | 15.2 | 350 | CLUSTER_HEALTH_NOMINAL | RETAIN_CURRENT_POD_REPLICA_COUNT | 200
K8S-01527 | data-pipeline | 5 | 94.1 | 12000 | RESOURCE_SATURATION_WARNING | TRIGGER_DYNAMIC_HORIZONTAL_POD_AUTOSCALING | 202
K8S-01528 | data-pipeline | 5 | 94.1 | 12000 | RESOURCE_SATURATION_WARNING | TRIGGER_DYNAMIC_HORIZONTAL_POD_AUTOSCALING | 202
K8S-01529 | data-pipeline | 5 | 94.1 | 12000 | RESOURCE_SATURATION_WARNING | TRIGGER_DYNAMIC_HORIZONTAL_POD_AUTOSCALING | 202
K8S-01530 | prod-api | 3 | 89.8 | 8500 | RESOURCE_SATURATION_WARNING | TRIGGER_DYNAMIC_HORIZONTAL_POD_AUTOSCALING | 202
K8S-01531 | data-pipeline | 5 | 94.1 | 12000 | RESOURCE_SATURATION_WARNING | TRIGGER_DYNAMIC_HORIZONTAL_POD_AUTOSCALING | 202
K8S-01532 | prod-api | 3 | 89.8 | 8500 | RESOURCE_SATURATION_WARNING | TRIGGER_DYNAMIC_HORIZONTAL_POD_AUTOSCALING | 202
K8S-01533 | data-pipeline | 5 | 94.1 | 12000 | RESOURCE_SATURATION_WARNING | TRIGGER_DYNAMIC_HORIZONTAL_POD_AUTOSCALING | 202
K8S-01534 | data-pipeline | 5 | 94.1 | 12000 | RESOURCE_SATURATION_WARNING | TRIGGER_DYNAMIC_HORIZONTAL_POD_AUTOSCALING | 202
K8S-01535 | auth-service | 2 | 15.2 | 350 | CLUSTER_HEALTH_NOMINAL | RETAIN_CURRENT_POD_REPLICA_COUNT | 200
K8S-01536 | prod-api | 3 | 89.8 | 8500 | RESOURCE_SATURATION_WARNING | TRIGGER_DYNAMIC_HORIZONTAL_POD_AUTOSCALING | 202
K8S-01537 | data-pipeline | 5 | 94.1 | 12000 | RESOURCE_SATURATION_WARNING | TRIGGER_DYNAMIC_HORIZONTAL_POD_AUTOSCALING | 202
K8S-01538 | auth-service | 2 | 15.2 | 350 | CLUSTER_HEALTH_NOMINAL | RETAIN_CURRENT_POD_REPLICA_COUNT | 200
K8S-01539 | auth-service | 2 | 15.2 | 350 | CLUSTER_HEALTH_NOMINAL | RETAIN_CURRENT_POD_REPLICA_COUNT | 200
K8S-01540 | prod-api | 3 | 42.5 | 1200 | CLUSTER_HEALTH_NOMINAL | RETAIN_CURRENT_POD_REPLICA_COUNT | 200
K8S-01541 | auth-service | 2 | 15.2 | 350 | CLUSTER_HEALTH_NOMINAL | RETAIN_CURRENT_POD_REPLICA_COUNT | 200
K8S-01542 | prod-api | 3 | 89.8 | 8500 | RESOURCE_SATURATION_WARNING | TRIGGER_DYNAMIC_HORIZONTAL_POD_AUTOSCALING | 202
K8S-01543 | auth-service | 2 | 15.2 | 350 | CLUSTER_HEALTH_NOMINAL | RETAIN_CURRENT_POD_REPLICA_COUNT | 200
K8S-01544 | prod-api | 3 | 42.5 | 1200 | CLUSTER_HEALTH_NOMINAL | RETAIN_CURRENT_POD_REPLICA_COUNT | 200
K8S-01545 | auth-service | 2 | 15.2 | 350 | CLUSTER_HEALTH_NOMINAL | RETAIN_CURRENT_POD_REPLICA_COUNT | 200
K8S-01546 | prod-api | 3 | 42.5 | 1200 | CLUSTER_HEALTH_NOMINAL | RETAIN_CURRENT_POD_REPLICA_COUNT | 200
K8S-01547 | prod-api | 3 | 89.8 | 8500 | RESOURCE_SATURATION_WARNING | TRIGGER_DYNAMIC_HORIZONTAL_POD_AUTOSCALING | 202
K8S-01548 | data-pipeline | 5 | 94.1 | 12000 | RESOURCE_SATURATION_WARNING | TRIGGER_DYNAMIC_HORIZONTAL_POD_AUTOSCALING | 202
K8S-01549 | prod-api | 3 | 89.8 | 8500 | RESOURCE_SATURATION_WARNING | TRIGGER_DYNAMIC_HORIZONTAL_POD_AUTOSCALING | 202
K8S-01550 | auth-service | 2 | 15.2 | 350 | CLUSTER_HEALTH_NOMINAL | RETAIN_CURRENT_POD_REPLICA_COUNT | 200
K8S-01551 | data-pipeline | 5 | 94.1 | 12000 | RESOURCE_SATURATION_WARNING | TRIGGER_DYNAMIC_HORIZONTAL_POD_AUTOSCALING | 202
K8S-01552 | auth-service | 2 | 15.2 | 350 | CLUSTER_HEALTH_NOMINAL | RETAIN_CURRENT_POD_REPLICA_COUNT | 200
K8S-01553 | prod-api | 3 | 42.5 | 1200 | CLUSTER_HEALTH_NOMINAL | RETAIN_CURRENT_POD_REPLICA_COUNT | 200
K8S-01554 | prod-api | 3 | 89.8 | 8500 | RESOURCE_SATURATION_WARNING | TRIGGER_DYNAMIC_HORIZONTAL_POD_AUTOSCALING | 202
K8S-01555 | prod-api | 3 | 89.8 | 8500 | RESOURCE_SATURATION_WARNING | TRIGGER_DYNAMIC_HORIZONTAL_POD_AUTOSCALING | 202
K8S-01556 | prod-api | 3 | 42.5 | 1200 | CLUSTER_HEALTH_NOMINAL | RETAIN_CURRENT_POD_REPLICA_COUNT | 200
K8S-01557 | prod-api | 3 | 42.5 | 1200 | CLUSTER_HEALTH_NOMINAL | RETAIN_CURRENT_POD_REPLICA_COUNT | 200
K8S-01558 | prod-api | 3 | 89.8 | 8500 | RESOURCE_SATURATION_WARNING | TRIGGER_DYNAMIC_HORIZONTAL_POD_AUTOSCALING | 202
K8S-01559 | auth-service | 2 | 15.2 | 350 | CLUSTER_HEALTH_NOMINAL | RETAIN_CURRENT_POD_REPLICA_COUNT | 200
K8S-01560 | prod-api | 3 | 89.8 | 8500 | RESOURCE_SATURATION_WARNING | TRIGGER_DYNAMIC_HORIZONTAL_POD_AUTOSCALING | 202
K8S-01561 | prod-api | 3 | 89.8 | 8500 | RESOURCE_SATURATION_WARNING | TRIGGER_DYNAMIC_HORIZONTAL_POD_AUTOSCALING | 202
K8S-01562 | data-pipeline | 5 | 94.1 | 12000 | RESOURCE_SATURATION_WARNING | TRIGGER_DYNAMIC_HORIZONTAL_POD_AUTOSCALING | 202
K8S-01563 | prod-api | 3 | 89.8 | 8500 | RESOURCE_SATURATION_WARNING | TRIGGER_DYNAMIC_HORIZONTAL_POD_AUTOSCALING | 202
K8S-01564 | auth-service | 2 | 15.2 | 350 | CLUSTER_HEALTH_NOMINAL | RETAIN_CURRENT_POD_REPLICA_COUNT | 200
K8S-01565 | auth-service | 2 | 15.2 | 350 | CLUSTER_HEALTH_NOMINAL | RETAIN_CURRENT_POD_REPLICA_COUNT | 200
K8S-01566 | prod-api | 3 | 42.5 | 1200 | CLUSTER_HEALTH_NOMINAL | RETAIN_CURRENT_POD_REPLICA_COUNT | 200
K8S-01567 | prod-api | 3 | 89.8 | 8500 | RESOURCE_SATURATION_WARNING | TRIGGER_DYNAMIC_HORIZONTAL_POD_AUTOSCALING | 202
K8S-01568 | auth-service | 2 | 15.2 | 350 | CLUSTER_HEALTH_NOMINAL | RETAIN_CURRENT_POD_REPLICA_COUNT | 200
K8S-01569 | auth-service | 2 | 15.2 | 350 | CLUSTER_HEALTH_NOMINAL | RETAIN_CURRENT_POD_REPLICA_COUNT | 200
K8S-01570 | data-pipeline | 5 | 94.1 | 12000 | RESOURCE_SATURATION_WARNING | TRIGGER_DYNAMIC_HORIZONTAL_POD_AUTOSCALING | 202
K8S-01571 | data-pipeline | 5 | 94.1 | 12000 | RESOURCE_SATURATION_WARNING | TRIGGER_DYNAMIC_HORIZONTAL_POD_AUTOSCALING | 202
K8S-01572 | data-pipeline | 5 | 94.1 | 12000 | RESOURCE_SATURATION_WARNING | TRIGGER_DYNAMIC_HORIZONTAL_POD_AUTOSCALING | 202
K8S-01573 | auth-service | 2 | 15.2 | 350 | CLUSTER_HEALTH_NOMINAL | RETAIN_CURRENT_POD_REPLICA_COUNT | 200
K8S-01574 | auth-service | 2 | 15.2 | 350 | CLUSTER_HEALTH_NOMINAL | RETAIN_CURRENT_POD_REPLICA_COUNT | 200
K8S-01575 | auth-service | 2 | 15.2 | 350 | CLUSTER_HEALTH_NOMINAL | RETAIN_CURRENT_POD_REPLICA_COUNT | 200
K8S-01576 | prod-api | 3 | 42.5 | 1200 | CLUSTER_HEALTH_NOMINAL | RETAIN_CURRENT_POD_REPLICA_COUNT | 200
K8S-01577 | prod-api | 3 | 42.5 | 1200 | CLUSTER_HEALTH_NOMINAL | RETAIN_CURRENT_POD_REPLICA_COUNT | 200
K8S-01578 | prod-api | 3 | 42.5 | 1200 | CLUSTER_HEALTH_NOMINAL | RETAIN_CURRENT_POD_REPLICA_COUNT | 200
K8S-01579 | prod-api | 3 | 42.5 | 1200 | CLUSTER_HEALTH_NOMINAL | RETAIN_CURRENT_POD_REPLICA_COUNT | 200
K8S-01580 | prod-api | 3 | 89.8 | 8500 | RESOURCE_SATURATION_WARNING | TRIGGER_DYNAMIC_HORIZONTAL_POD_AUTOSCALING | 202
K8S-01581 | data-pipeline | 5 | 94.1 | 12000 | RESOURCE_SATURATION_WARNING | TRIGGER_DYNAMIC_HORIZONTAL_POD_AUTOSCALING | 202
K8S-01582 | data-pipeline | 5 | 94.1 | 12000 | RESOURCE_SATURATION_WARNING | TRIGGER_DYNAMIC_HORIZONTAL_POD_AUTOSCALING | 202
K8S-01583 | auth-service | 2 | 15.2 | 350 | CLUSTER_HEALTH_NOMINAL | RETAIN_CURRENT_POD_REPLICA_COUNT | 200
K8S-01584 | prod-api | 3 | 42.5 | 1200 | CLUSTER_HEALTH_NOMINAL | RETAIN_CURRENT_POD_REPLICA_COUNT | 200
K8S-01585 | auth-service | 2 | 15.2 | 350 | CLUSTER_HEALTH_NOMINAL | RETAIN_CURRENT_POD_REPLICA_COUNT | 200
K8S-01586 | data-pipeline | 5 | 94.1 | 12000 | RESOURCE_SATURATION_WARNING | TRIGGER_DYNAMIC_HORIZONTAL_POD_AUTOSCALING | 202
K8S-01587 | prod-api | 3 | 42.5 | 1200 | CLUSTER_HEALTH_NOMINAL | RETAIN_CURRENT_POD_REPLICA_COUNT | 200
K8S-01588 | auth-service | 2 | 15.2 | 350 | CLUSTER_HEALTH_NOMINAL | RETAIN_CURRENT_POD_REPLICA_COUNT | 200
K8S-01589 | auth-service | 2 | 15.2 | 350 | CLUSTER_HEALTH_NOMINAL | RETAIN_CURRENT_POD_REPLICA_COUNT | 200
K8S-01590 | prod-api | 3 | 42.5 | 1200 | CLUSTER_HEALTH_NOMINAL | RETAIN_CURRENT_POD_REPLICA_COUNT | 200
K8S-01591 | auth-service | 2 | 15.2 | 350 | CLUSTER_HEALTH_NOMINAL | RETAIN_CURRENT_POD_REPLICA_COUNT | 200
K8S-01592 | prod-api | 3 | 89.8 | 8500 | RESOURCE_SATURATION_WARNING | TRIGGER_DYNAMIC_HORIZONTAL_POD_AUTOSCALING | 202
K8S-01593 | prod-api | 3 | 42.5 | 1200 | CLUSTER_HEALTH_NOMINAL | RETAIN_CURRENT_POD_REPLICA_COUNT | 200
K8S-01594 | prod-api | 3 | 42.5 | 1200 | CLUSTER_HEALTH_NOMINAL | RETAIN_CURRENT_POD_REPLICA_COUNT | 200
K8S-01595 | prod-api | 3 | 42.5 | 1200 | CLUSTER_HEALTH_NOMINAL | RETAIN_CURRENT_POD_REPLICA_COUNT | 200
K8S-01596 | prod-api | 3 | 89.8 | 8500 | RESOURCE_SATURATION_WARNING | TRIGGER_DYNAMIC_HORIZONTAL_POD_AUTOSCALING | 202
K8S-01597 | prod-api | 3 | 89.8 | 8500 | RESOURCE_SATURATION_WARNING | TRIGGER_DYNAMIC_HORIZONTAL_POD_AUTOSCALING | 202
K8S-01598 | prod-api | 3 | 89.8 | 8500 | RESOURCE_SATURATION_WARNING | TRIGGER_DYNAMIC_HORIZONTAL_POD_AUTOSCALING | 202
K8S-01599 | data-pipeline | 5 | 94.1 | 12000 | RESOURCE_SATURATION_WARNING | TRIGGER_DYNAMIC_HORIZONTAL_POD_AUTOSCALING | 202
K8S-01600 | prod-api | 3 | 42.5 | 1200 | CLUSTER_HEALTH_NOMINAL | RETAIN_CURRENT_POD_REPLICA_COUNT | 200
K8S-01601 | prod-api | 3 | 89.8 | 8500 | RESOURCE_SATURATION_WARNING | TRIGGER_DYNAMIC_HORIZONTAL_POD_AUTOSCALING | 202
K8S-01602 | prod-api | 3 | 89.8 | 8500 | RESOURCE_SATURATION_WARNING | TRIGGER_DYNAMIC_HORIZONTAL_POD_AUTOSCALING | 202
K8S-01603 | auth-service | 2 | 15.2 | 350 | CLUSTER_HEALTH_NOMINAL | RETAIN_CURRENT_POD_REPLICA_COUNT | 200
K8S-01604 | data-pipeline | 5 | 94.1 | 12000 | RESOURCE_SATURATION_WARNING | TRIGGER_DYNAMIC_HORIZONTAL_POD_AUTOSCALING | 202
K8S-01605 | data-pipeline | 5 | 94.1 | 12000 | RESOURCE_SATURATION_WARNING | TRIGGER_DYNAMIC_HORIZONTAL_POD_AUTOSCALING | 202
K8S-01606 | auth-service | 2 | 15.2 | 350 | CLUSTER_HEALTH_NOMINAL | RETAIN_CURRENT_POD_REPLICA_COUNT | 200
K8S-01607 | prod-api | 3 | 42.5 | 1200 | CLUSTER_HEALTH_NOMINAL | RETAIN_CURRENT_POD_REPLICA_COUNT | 200
K8S-01608 | prod-api | 3 | 42.5 | 1200 | CLUSTER_HEALTH_NOMINAL | RETAIN_CURRENT_POD_REPLICA_COUNT | 200
K8S-01609 | prod-api | 3 | 42.5 | 1200 | CLUSTER_HEALTH_NOMINAL | RETAIN_CURRENT_POD_REPLICA_COUNT | 200
K8S-01610 | data-pipeline | 5 | 94.1 | 12000 | RESOURCE_SATURATION_WARNING | TRIGGER_DYNAMIC_HORIZONTAL_POD_AUTOSCALING | 202
K8S-01611 | prod-api | 3 | 42.5 | 1200 | CLUSTER_HEALTH_NOMINAL | RETAIN_CURRENT_POD_REPLICA_COUNT | 200
K8S-01612 | data-pipeline | 5 | 94.1 | 12000 | RESOURCE_SATURATION_WARNING | TRIGGER_DYNAMIC_HORIZONTAL_POD_AUTOSCALING | 202
K8S-01613 | prod-api | 3 | 89.8 | 8500 | RESOURCE_SATURATION_WARNING | TRIGGER_DYNAMIC_HORIZONTAL_POD_AUTOSCALING | 202
K8S-01614 | prod-api | 3 | 42.5 | 1200 | CLUSTER_HEALTH_NOMINAL | RETAIN_CURRENT_POD_REPLICA_COUNT | 200
K8S-01615 | prod-api | 3 | 89.8 | 8500 | RESOURCE_SATURATION_WARNING | TRIGGER_DYNAMIC_HORIZONTAL_POD_AUTOSCALING | 202
K8S-01616 | auth-service | 2 | 15.2 | 350 | CLUSTER_HEALTH_NOMINAL | RETAIN_CURRENT_POD_REPLICA_COUNT | 200
K8S-01617 | prod-api | 3 | 42.5 | 1200 | CLUSTER_HEALTH_NOMINAL | RETAIN_CURRENT_POD_REPLICA_COUNT | 200
K8S-01618 | prod-api | 3 | 42.5 | 1200 | CLUSTER_HEALTH_NOMINAL | RETAIN_CURRENT_POD_REPLICA_COUNT | 200
K8S-01619 | auth-service | 2 | 15.2 | 350 | CLUSTER_HEALTH_NOMINAL | RETAIN_CURRENT_POD_REPLICA_COUNT | 200
K8S-01620 | prod-api | 3 | 42.5 | 1200 | CLUSTER_HEALTH_NOMINAL | RETAIN_CURRENT_POD_REPLICA_COUNT | 200
K8S-01621 | prod-api | 3 | 42.5 | 1200 | CLUSTER_HEALTH_NOMINAL | RETAIN_CURRENT_POD_REPLICA_COUNT | 200
K8S-01622 | auth-service | 2 | 15.2 | 350 | CLUSTER_HEALTH_NOMINAL | RETAIN_CURRENT_POD_REPLICA_COUNT | 200
K8S-01623 | auth-service | 2 | 15.2 | 350 | CLUSTER_HEALTH_NOMINAL | RETAIN_CURRENT_POD_REPLICA_COUNT | 200
K8S-01624 | auth-service | 2 | 15.2 | 350 | CLUSTER_HEALTH_NOMINAL | RETAIN_CURRENT_POD_REPLICA_COUNT | 200
K8S-01625 | auth-service | 2 | 15.2 | 350 | CLUSTER_HEALTH_NOMINAL | RETAIN_CURRENT_POD_REPLICA_COUNT | 200
K8S-01626 | prod-api | 3 | 89.8 | 8500 | RESOURCE_SATURATION_WARNING | TRIGGER_DYNAMIC_HORIZONTAL_POD_AUTOSCALING | 202
K8S-01627 | prod-api | 3 | 42.5 | 1200 | CLUSTER_HEALTH_NOMINAL | RETAIN_CURRENT_POD_REPLICA_COUNT | 200
K8S-01628 | prod-api | 3 | 42.5 | 1200 | CLUSTER_HEALTH_NOMINAL | RETAIN_CURRENT_POD_REPLICA_COUNT | 200
K8S-01629 | prod-api | 3 | 42.5 | 1200 | CLUSTER_HEALTH_NOMINAL | RETAIN_CURRENT_POD_REPLICA_COUNT | 200
K8S-01630 | prod-api | 3 | 42.5 | 1200 | CLUSTER_HEALTH_NOMINAL | RETAIN_CURRENT_POD_REPLICA_COUNT | 200
K8S-01631 | auth-service | 2 | 15.2 | 350 | CLUSTER_HEALTH_NOMINAL | RETAIN_CURRENT_POD_REPLICA_COUNT | 200
K8S-01632 | prod-api | 3 | 89.8 | 8500 | RESOURCE_SATURATION_WARNING | TRIGGER_DYNAMIC_HORIZONTAL_POD_AUTOSCALING | 202
K8S-01633 | prod-api | 3 | 42.5 | 1200 | CLUSTER_HEALTH_NOMINAL | RETAIN_CURRENT_POD_REPLICA_COUNT | 200
K8S-01634 | prod-api | 3 | 89.8 | 8500 | RESOURCE_SATURATION_WARNING | TRIGGER_DYNAMIC_HORIZONTAL_POD_AUTOSCALING | 202
K8S-01635 | prod-api | 3 | 89.8 | 8500 | RESOURCE_SATURATION_WARNING | TRIGGER_DYNAMIC_HORIZONTAL_POD_AUTOSCALING | 202
K8S-01636 | auth-service | 2 | 15.2 | 350 | CLUSTER_HEALTH_NOMINAL | RETAIN_CURRENT_POD_REPLICA_COUNT | 200
K8S-01637 | prod-api | 3 | 42.5 | 1200 | CLUSTER_HEALTH_NOMINAL | RETAIN_CURRENT_POD_REPLICA_COUNT | 200
K8S-01638 | prod-api | 3 | 89.8 | 8500 | RESOURCE_SATURATION_WARNING | TRIGGER_DYNAMIC_HORIZONTAL_POD_AUTOSCALING | 202
K8S-01639 | auth-service | 2 | 15.2 | 350 | CLUSTER_HEALTH_NOMINAL | RETAIN_CURRENT_POD_REPLICA_COUNT | 200
K8S-01640 | prod-api | 3 | 89.8 | 8500 | RESOURCE_SATURATION_WARNING | TRIGGER_DYNAMIC_HORIZONTAL_POD_AUTOSCALING | 202
K8S-01641 | prod-api | 3 | 89.8 | 8500 | RESOURCE_SATURATION_WARNING | TRIGGER_DYNAMIC_HORIZONTAL_POD_AUTOSCALING | 202
K8S-01642 | prod-api | 3 | 42.5 | 1200 | CLUSTER_HEALTH_NOMINAL | RETAIN_CURRENT_POD_REPLICA_COUNT | 200
K8S-01643 | prod-api | 3 | 42.5 | 1200 | CLUSTER_HEALTH_NOMINAL | RETAIN_CURRENT_POD_REPLICA_COUNT | 200
K8S-01644 | data-pipeline | 5 | 94.1 | 12000 | RESOURCE_SATURATION_WARNING | TRIGGER_DYNAMIC_HORIZONTAL_POD_AUTOSCALING | 202
K8S-01645 | auth-service | 2 | 15.2 | 350 | CLUSTER_HEALTH_NOMINAL | RETAIN_CURRENT_POD_REPLICA_COUNT | 200
K8S-01646 | prod-api | 3 | 42.5 | 1200 | CLUSTER_HEALTH_NOMINAL | RETAIN_CURRENT_POD_REPLICA_COUNT | 200
K8S-01647 | prod-api | 3 | 42.5 | 1200 | CLUSTER_HEALTH_NOMINAL | RETAIN_CURRENT_POD_REPLICA_COUNT | 200
K8S-01648 | data-pipeline | 5 | 94.1 | 12000 | RESOURCE_SATURATION_WARNING | TRIGGER_DYNAMIC_HORIZONTAL_POD_AUTOSCALING | 202
K8S-01649 | auth-service | 2 | 15.2 | 350 | CLUSTER_HEALTH_NOMINAL | RETAIN_CURRENT_POD_REPLICA_COUNT | 200
K8S-01650 | auth-service | 2 | 15.2 | 350 | CLUSTER_HEALTH_NOMINAL | RETAIN_CURRENT_POD_REPLICA_COUNT | 200
K8S-01651 | data-pipeline | 5 | 94.1 | 12000 | RESOURCE_SATURATION_WARNING | TRIGGER_DYNAMIC_HORIZONTAL_POD_AUTOSCALING | 202
K8S-01652 | data-pipeline | 5 | 94.1 | 12000 | RESOURCE_SATURATION_WARNING | TRIGGER_DYNAMIC_HORIZONTAL_POD_AUTOSCALING | 202
K8S-01653 | data-pipeline | 5 | 94.1 | 12000 | RESOURCE_SATURATION_WARNING | TRIGGER_DYNAMIC_HORIZONTAL_POD_AUTOSCALING | 202
K8S-01654 | data-pipeline | 5 | 94.1 | 12000 | RESOURCE_SATURATION_WARNING | TRIGGER_DYNAMIC_HORIZONTAL_POD_AUTOSCALING | 202
K8S-01655 | prod-api | 3 | 42.5 | 1200 | CLUSTER_HEALTH_NOMINAL | RETAIN_CURRENT_POD_REPLICA_COUNT | 200
K8S-01656 | prod-api | 3 | 42.5 | 1200 | CLUSTER_HEALTH_NOMINAL | RETAIN_CURRENT_POD_REPLICA_COUNT | 200
K8S-01657 | prod-api | 3 | 42.5 | 1200 | CLUSTER_HEALTH_NOMINAL | RETAIN_CURRENT_POD_REPLICA_COUNT | 200
K8S-01658 | prod-api | 3 | 42.5 | 1200 | CLUSTER_HEALTH_NOMINAL | RETAIN_CURRENT_POD_REPLICA_COUNT | 200
K8S-01659 | auth-service | 2 | 15.2 | 350 | CLUSTER_HEALTH_NOMINAL | RETAIN_CURRENT_POD_REPLICA_COUNT | 200
K8S-01660 | prod-api | 3 | 42.5 | 1200 | CLUSTER_HEALTH_NOMINAL | RETAIN_CURRENT_POD_REPLICA_COUNT | 200
K8S-01661 | prod-api | 3 | 42.5 | 1200 | CLUSTER_HEALTH_NOMINAL | RETAIN_CURRENT_POD_REPLICA_COUNT | 200
K8S-01662 | auth-service | 2 | 15.2 | 350 | CLUSTER_HEALTH_NOMINAL | RETAIN_CURRENT_POD_REPLICA_COUNT | 200
K8S-01663 | prod-api | 3 | 89.8 | 8500 | RESOURCE_SATURATION_WARNING | TRIGGER_DYNAMIC_HORIZONTAL_POD_AUTOSCALING | 202
K8S-01664 | prod-api | 3 | 42.5 | 1200 | CLUSTER_HEALTH_NOMINAL | RETAIN_CURRENT_POD_REPLICA_COUNT | 200
K8S-01665 | data-pipeline | 5 | 94.1 | 12000 | RESOURCE_SATURATION_WARNING | TRIGGER_DYNAMIC_HORIZONTAL_POD_AUTOSCALING | 202
K8S-01666 | prod-api | 3 | 42.5 | 1200 | CLUSTER_HEALTH_NOMINAL | RETAIN_CURRENT_POD_REPLICA_COUNT | 200
K8S-01667 | auth-service | 2 | 15.2 | 350 | CLUSTER_HEALTH_NOMINAL | RETAIN_CURRENT_POD_REPLICA_COUNT | 200
K8S-01668 | prod-api | 3 | 42.5 | 1200 | CLUSTER_HEALTH_NOMINAL | RETAIN_CURRENT_POD_REPLICA_COUNT | 200
K8S-01669 | data-pipeline | 5 | 94.1 | 12000 | RESOURCE_SATURATION_WARNING | TRIGGER_DYNAMIC_HORIZONTAL_POD_AUTOSCALING | 202
K8S-01670 | data-pipeline | 5 | 94.1 | 12000 | RESOURCE_SATURATION_WARNING | TRIGGER_DYNAMIC_HORIZONTAL_POD_AUTOSCALING | 202
K8S-01671 | data-pipeline | 5 | 94.1 | 12000 | RESOURCE_SATURATION_WARNING | TRIGGER_DYNAMIC_HORIZONTAL_POD_AUTOSCALING | 202
K8S-01672 | prod-api | 3 | 89.8 | 8500 | RESOURCE_SATURATION_WARNING | TRIGGER_DYNAMIC_HORIZONTAL_POD_AUTOSCALING | 202
K8S-01673 | prod-api | 3 | 89.8 | 8500 | RESOURCE_SATURATION_WARNING | TRIGGER_DYNAMIC_HORIZONTAL_POD_AUTOSCALING | 202
K8S-01674 | prod-api | 3 | 42.5 | 1200 | CLUSTER_HEALTH_NOMINAL | RETAIN_CURRENT_POD_REPLICA_COUNT | 200
K8S-01675 | prod-api | 3 | 42.5 | 1200 | CLUSTER_HEALTH_NOMINAL | RETAIN_CURRENT_POD_REPLICA_COUNT | 200
K8S-01676 | prod-api | 3 | 89.8 | 8500 | RESOURCE_SATURATION_WARNING | TRIGGER_DYNAMIC_HORIZONTAL_POD_AUTOSCALING | 202
K8S-01677 | prod-api | 3 | 42.5 | 1200 | CLUSTER_HEALTH_NOMINAL | RETAIN_CURRENT_POD_REPLICA_COUNT | 200
K8S-01678 | auth-service | 2 | 15.2 | 350 | CLUSTER_HEALTH_NOMINAL | RETAIN_CURRENT_POD_REPLICA_COUNT | 200
K8S-01679 | prod-api | 3 | 89.8 | 8500 | RESOURCE_SATURATION_WARNING | TRIGGER_DYNAMIC_HORIZONTAL_POD_AUTOSCALING | 202
K8S-01680 | data-pipeline | 5 | 94.1 | 12000 | RESOURCE_SATURATION_WARNING | TRIGGER_DYNAMIC_HORIZONTAL_POD_AUTOSCALING | 202
K8S-01681 | data-pipeline | 5 | 94.1 | 12000 | RESOURCE_SATURATION_WARNING | TRIGGER_DYNAMIC_HORIZONTAL_POD_AUTOSCALING | 202
K8S-01682 | auth-service | 2 | 15.2 | 350 | CLUSTER_HEALTH_NOMINAL | RETAIN_CURRENT_POD_REPLICA_COUNT | 200
K8S-01683 | auth-service | 2 | 15.2 | 350 | CLUSTER_HEALTH_NOMINAL | RETAIN_CURRENT_POD_REPLICA_COUNT | 200
K8S-01684 | prod-api | 3 | 89.8 | 8500 | RESOURCE_SATURATION_WARNING | TRIGGER_DYNAMIC_HORIZONTAL_POD_AUTOSCALING | 202
K8S-01685 | prod-api | 3 | 89.8 | 8500 | RESOURCE_SATURATION_WARNING | TRIGGER_DYNAMIC_HORIZONTAL_POD_AUTOSCALING | 202
K8S-01686 | auth-service | 2 | 15.2 | 350 | CLUSTER_HEALTH_NOMINAL | RETAIN_CURRENT_POD_REPLICA_COUNT | 200
K8S-01687 | prod-api | 3 | 42.5 | 1200 | CLUSTER_HEALTH_NOMINAL | RETAIN_CURRENT_POD_REPLICA_COUNT | 200
K8S-01688 | auth-service | 2 | 15.2 | 350 | CLUSTER_HEALTH_NOMINAL | RETAIN_CURRENT_POD_REPLICA_COUNT | 200
K8S-01689 | prod-api | 3 | 89.8 | 8500 | RESOURCE_SATURATION_WARNING | TRIGGER_DYNAMIC_HORIZONTAL_POD_AUTOSCALING | 202
K8S-01690 | prod-api | 3 | 89.8 | 8500 | RESOURCE_SATURATION_WARNING | TRIGGER_DYNAMIC_HORIZONTAL_POD_AUTOSCALING | 202
K8S-01691 | data-pipeline | 5 | 94.1 | 12000 | RESOURCE_SATURATION_WARNING | TRIGGER_DYNAMIC_HORIZONTAL_POD_AUTOSCALING | 202
K8S-01692 | auth-service | 2 | 15.2 | 350 | CLUSTER_HEALTH_NOMINAL | RETAIN_CURRENT_POD_REPLICA_COUNT | 200
K8S-01693 | auth-service | 2 | 15.2 | 350 | CLUSTER_HEALTH_NOMINAL | RETAIN_CURRENT_POD_REPLICA_COUNT | 200
K8S-01694 | prod-api | 3 | 42.5 | 1200 | CLUSTER_HEALTH_NOMINAL | RETAIN_CURRENT_POD_REPLICA_COUNT | 200
K8S-01695 | data-pipeline | 5 | 94.1 | 12000 | RESOURCE_SATURATION_WARNING | TRIGGER_DYNAMIC_HORIZONTAL_POD_AUTOSCALING | 202
K8S-01696 | data-pipeline | 5 | 94.1 | 12000 | RESOURCE_SATURATION_WARNING | TRIGGER_DYNAMIC_HORIZONTAL_POD_AUTOSCALING | 202
K8S-01697 | data-pipeline | 5 | 94.1 | 12000 | RESOURCE_SATURATION_WARNING | TRIGGER_DYNAMIC_HORIZONTAL_POD_AUTOSCALING | 202
K8S-01698 | prod-api | 3 | 89.8 | 8500 | RESOURCE_SATURATION_WARNING | TRIGGER_DYNAMIC_HORIZONTAL_POD_AUTOSCALING | 202
K8S-01699 | prod-api | 3 | 42.5 | 1200 | CLUSTER_HEALTH_NOMINAL | RETAIN_CURRENT_POD_REPLICA_COUNT | 200
K8S-01700 | prod-api | 3 | 42.5 | 1200 | CLUSTER_HEALTH_NOMINAL | RETAIN_CURRENT_POD_REPLICA_COUNT | 200
K8S-01701 | auth-service | 2 | 15.2 | 350 | CLUSTER_HEALTH_NOMINAL | RETAIN_CURRENT_POD_REPLICA_COUNT | 200
K8S-01702 | data-pipeline | 5 | 94.1 | 12000 | RESOURCE_SATURATION_WARNING | TRIGGER_DYNAMIC_HORIZONTAL_POD_AUTOSCALING | 202
K8S-01703 | auth-service | 2 | 15.2 | 350 | CLUSTER_HEALTH_NOMINAL | RETAIN_CURRENT_POD_REPLICA_COUNT | 200
K8S-01704 | data-pipeline | 5 | 94.1 | 12000 | RESOURCE_SATURATION_WARNING | TRIGGER_DYNAMIC_HORIZONTAL_POD_AUTOSCALING | 202
K8S-01705 | prod-api | 3 | 42.5 | 1200 | CLUSTER_HEALTH_NOMINAL | RETAIN_CURRENT_POD_REPLICA_COUNT | 200
K8S-01706 | data-pipeline | 5 | 94.1 | 12000 | RESOURCE_SATURATION_WARNING | TRIGGER_DYNAMIC_HORIZONTAL_POD_AUTOSCALING | 202
K8S-01707 | prod-api | 3 | 42.5 | 1200 | CLUSTER_HEALTH_NOMINAL | RETAIN_CURRENT_POD_REPLICA_COUNT | 200
K8S-01708 | data-pipeline | 5 | 94.1 | 12000 | RESOURCE_SATURATION_WARNING | TRIGGER_DYNAMIC_HORIZONTAL_POD_AUTOSCALING | 202
K8S-01709 | auth-service | 2 | 15.2 | 350 | CLUSTER_HEALTH_NOMINAL | RETAIN_CURRENT_POD_REPLICA_COUNT | 200
K8S-01710 | data-pipeline | 5 | 94.1 | 12000 | RESOURCE_SATURATION_WARNING | TRIGGER_DYNAMIC_HORIZONTAL_POD_AUTOSCALING | 202
K8S-01711 | data-pipeline | 5 | 94.1 | 12000 | RESOURCE_SATURATION_WARNING | TRIGGER_DYNAMIC_HORIZONTAL_POD_AUTOSCALING | 202
K8S-01712 | data-pipeline | 5 | 94.1 | 12000 | RESOURCE_SATURATION_WARNING | TRIGGER_DYNAMIC_HORIZONTAL_POD_AUTOSCALING | 202
K8S-01713 | prod-api | 3 | 42.5 | 1200 | CLUSTER_HEALTH_NOMINAL | RETAIN_CURRENT_POD_REPLICA_COUNT | 200
K8S-01714 | auth-service | 2 | 15.2 | 350 | CLUSTER_HEALTH_NOMINAL | RETAIN_CURRENT_POD_REPLICA_COUNT | 200
K8S-01715 | prod-api | 3 | 42.5 | 1200 | CLUSTER_HEALTH_NOMINAL | RETAIN_CURRENT_POD_REPLICA_COUNT | 200
K8S-01716 | data-pipeline | 5 | 94.1 | 12000 | RESOURCE_SATURATION_WARNING | TRIGGER_DYNAMIC_HORIZONTAL_POD_AUTOSCALING | 202
K8S-01717 | data-pipeline | 5 | 94.1 | 12000 | RESOURCE_SATURATION_WARNING | TRIGGER_DYNAMIC_HORIZONTAL_POD_AUTOSCALING | 202
K8S-01718 | auth-service | 2 | 15.2 | 350 | CLUSTER_HEALTH_NOMINAL | RETAIN_CURRENT_POD_REPLICA_COUNT | 200
K8S-01719 | data-pipeline | 5 | 94.1 | 12000 | RESOURCE_SATURATION_WARNING | TRIGGER_DYNAMIC_HORIZONTAL_POD_AUTOSCALING | 202
K8S-01720 | prod-api | 3 | 42.5 | 1200 | CLUSTER_HEALTH_NOMINAL | RETAIN_CURRENT_POD_REPLICA_COUNT | 200
K8S-01721 | prod-api | 3 | 89.8 | 8500 | RESOURCE_SATURATION_WARNING | TRIGGER_DYNAMIC_HORIZONTAL_POD_AUTOSCALING | 202
K8S-01722 | prod-api | 3 | 89.8 | 8500 | RESOURCE_SATURATION_WARNING | TRIGGER_DYNAMIC_HORIZONTAL_POD_AUTOSCALING | 202
K8S-01723 | prod-api | 3 | 89.8 | 8500 | RESOURCE_SATURATION_WARNING | TRIGGER_DYNAMIC_HORIZONTAL_POD_AUTOSCALING | 202
K8S-01724 | prod-api | 3 | 89.8 | 8500 | RESOURCE_SATURATION_WARNING | TRIGGER_DYNAMIC_HORIZONTAL_POD_AUTOSCALING | 202
K8S-01725 | auth-service | 2 | 15.2 | 350 | CLUSTER_HEALTH_NOMINAL | RETAIN_CURRENT_POD_REPLICA_COUNT | 200
K8S-01726 | prod-api | 3 | 42.5 | 1200 | CLUSTER_HEALTH_NOMINAL | RETAIN_CURRENT_POD_REPLICA_COUNT | 200
K8S-01727 | prod-api | 3 | 42.5 | 1200 | CLUSTER_HEALTH_NOMINAL | RETAIN_CURRENT_POD_REPLICA_COUNT | 200
K8S-01728 | prod-api | 3 | 42.5 | 1200 | CLUSTER_HEALTH_NOMINAL | RETAIN_CURRENT_POD_REPLICA_COUNT | 200
K8S-01729 | prod-api | 3 | 42.5 | 1200 | CLUSTER_HEALTH_NOMINAL | RETAIN_CURRENT_POD_REPLICA_COUNT | 200
K8S-01730 | prod-api | 3 | 42.5 | 1200 | CLUSTER_HEALTH_NOMINAL | RETAIN_CURRENT_POD_REPLICA_COUNT | 200
K8S-01731 | prod-api | 3 | 42.5 | 1200 | CLUSTER_HEALTH_NOMINAL | RETAIN_CURRENT_POD_REPLICA_COUNT | 200
K8S-01732 | data-pipeline | 5 | 94.1 | 12000 | RESOURCE_SATURATION_WARNING | TRIGGER_DYNAMIC_HORIZONTAL_POD_AUTOSCALING | 202
K8S-01733 | auth-service | 2 | 15.2 | 350 | CLUSTER_HEALTH_NOMINAL | RETAIN_CURRENT_POD_REPLICA_COUNT | 200
K8S-01734 | prod-api | 3 | 42.5 | 1200 | CLUSTER_HEALTH_NOMINAL | RETAIN_CURRENT_POD_REPLICA_COUNT | 200
K8S-01735 | prod-api | 3 | 42.5 | 1200 | CLUSTER_HEALTH_NOMINAL | RETAIN_CURRENT_POD_REPLICA_COUNT | 200
K8S-01736 | auth-service | 2 | 15.2 | 350 | CLUSTER_HEALTH_NOMINAL | RETAIN_CURRENT_POD_REPLICA_COUNT | 200
K8S-01737 | prod-api | 3 | 42.5 | 1200 | CLUSTER_HEALTH_NOMINAL | RETAIN_CURRENT_POD_REPLICA_COUNT | 200
K8S-01738 | data-pipeline | 5 | 94.1 | 12000 | RESOURCE_SATURATION_WARNING | TRIGGER_DYNAMIC_HORIZONTAL_POD_AUTOSCALING | 202
K8S-01739 | prod-api | 3 | 42.5 | 1200 | CLUSTER_HEALTH_NOMINAL | RETAIN_CURRENT_POD_REPLICA_COUNT | 200
K8S-01740 | prod-api | 3 | 89.8 | 8500 | RESOURCE_SATURATION_WARNING | TRIGGER_DYNAMIC_HORIZONTAL_POD_AUTOSCALING | 202
K8S-01741 | prod-api | 3 | 89.8 | 8500 | RESOURCE_SATURATION_WARNING | TRIGGER_DYNAMIC_HORIZONTAL_POD_AUTOSCALING | 202
K8S-01742 | data-pipeline | 5 | 94.1 | 12000 | RESOURCE_SATURATION_WARNING | TRIGGER_DYNAMIC_HORIZONTAL_POD_AUTOSCALING | 202
K8S-01743 | auth-service | 2 | 15.2 | 350 | CLUSTER_HEALTH_NOMINAL | RETAIN_CURRENT_POD_REPLICA_COUNT | 200
K8S-01744 | prod-api | 3 | 89.8 | 8500 | RESOURCE_SATURATION_WARNING | TRIGGER_DYNAMIC_HORIZONTAL_POD_AUTOSCALING | 202
K8S-01745 | prod-api | 3 | 42.5 | 1200 | CLUSTER_HEALTH_NOMINAL | RETAIN_CURRENT_POD_REPLICA_COUNT | 200
K8S-01746 | auth-service | 2 | 15.2 | 350 | CLUSTER_HEALTH_NOMINAL | RETAIN_CURRENT_POD_REPLICA_COUNT | 200
K8S-01747 | auth-service | 2 | 15.2 | 350 | CLUSTER_HEALTH_NOMINAL | RETAIN_CURRENT_POD_REPLICA_COUNT | 200
K8S-01748 | data-pipeline | 5 | 94.1 | 12000 | RESOURCE_SATURATION_WARNING | TRIGGER_DYNAMIC_HORIZONTAL_POD_AUTOSCALING | 202
K8S-01749 | data-pipeline | 5 | 94.1 | 12000 | RESOURCE_SATURATION_WARNING | TRIGGER_DYNAMIC_HORIZONTAL_POD_AUTOSCALING | 202
K8S-01750 | prod-api | 3 | 89.8 | 8500 | RESOURCE_SATURATION_WARNING | TRIGGER_DYNAMIC_HORIZONTAL_POD_AUTOSCALING | 202
K8S-01751 | prod-api | 3 | 42.5 | 1200 | CLUSTER_HEALTH_NOMINAL | RETAIN_CURRENT_POD_REPLICA_COUNT | 200
K8S-01752 | prod-api | 3 | 89.8 | 8500 | RESOURCE_SATURATION_WARNING | TRIGGER_DYNAMIC_HORIZONTAL_POD_AUTOSCALING | 202
K8S-01753 | prod-api | 3 | 42.5 | 1200 | CLUSTER_HEALTH_NOMINAL | RETAIN_CURRENT_POD_REPLICA_COUNT | 200
K8S-01754 | auth-service | 2 | 15.2 | 350 | CLUSTER_HEALTH_NOMINAL | RETAIN_CURRENT_POD_REPLICA_COUNT | 200
K8S-01755 | prod-api | 3 | 42.5 | 1200 | CLUSTER_HEALTH_NOMINAL | RETAIN_CURRENT_POD_REPLICA_COUNT | 200
K8S-01756 | prod-api | 3 | 42.5 | 1200 | CLUSTER_HEALTH_NOMINAL | RETAIN_CURRENT_POD_REPLICA_COUNT | 200
K8S-01757 | data-pipeline | 5 | 94.1 | 12000 | RESOURCE_SATURATION_WARNING | TRIGGER_DYNAMIC_HORIZONTAL_POD_AUTOSCALING | 202
K8S-01758 | prod-api | 3 | 42.5 | 1200 | CLUSTER_HEALTH_NOMINAL | RETAIN_CURRENT_POD_REPLICA_COUNT | 200
K8S-01759 | prod-api | 3 | 42.5 | 1200 | CLUSTER_HEALTH_NOMINAL | RETAIN_CURRENT_POD_REPLICA_COUNT | 200
K8S-01760 | prod-api | 3 | 42.5 | 1200 | CLUSTER_HEALTH_NOMINAL | RETAIN_CURRENT_POD_REPLICA_COUNT | 200
K8S-01761 | prod-api | 3 | 42.5 | 1200 | CLUSTER_HEALTH_NOMINAL | RETAIN_CURRENT_POD_REPLICA_COUNT | 200
K8S-01762 | data-pipeline | 5 | 94.1 | 12000 | RESOURCE_SATURATION_WARNING | TRIGGER_DYNAMIC_HORIZONTAL_POD_AUTOSCALING | 202
K8S-01763 | auth-service | 2 | 15.2 | 350 | CLUSTER_HEALTH_NOMINAL | RETAIN_CURRENT_POD_REPLICA_COUNT | 200
K8S-01764 | prod-api | 3 | 42.5 | 1200 | CLUSTER_HEALTH_NOMINAL | RETAIN_CURRENT_POD_REPLICA_COUNT | 200
K8S-01765 | auth-service | 2 | 15.2 | 350 | CLUSTER_HEALTH_NOMINAL | RETAIN_CURRENT_POD_REPLICA_COUNT | 200
K8S-01766 | auth-service | 2 | 15.2 | 350 | CLUSTER_HEALTH_NOMINAL | RETAIN_CURRENT_POD_REPLICA_COUNT | 200
K8S-01767 | auth-service | 2 | 15.2 | 350 | CLUSTER_HEALTH_NOMINAL | RETAIN_CURRENT_POD_REPLICA_COUNT | 200
K8S-01768 | data-pipeline | 5 | 94.1 | 12000 | RESOURCE_SATURATION_WARNING | TRIGGER_DYNAMIC_HORIZONTAL_POD_AUTOSCALING | 202
K8S-01769 | data-pipeline | 5 | 94.1 | 12000 | RESOURCE_SATURATION_WARNING | TRIGGER_DYNAMIC_HORIZONTAL_POD_AUTOSCALING | 202
K8S-01770 | data-pipeline | 5 | 94.1 | 12000 | RESOURCE_SATURATION_WARNING | TRIGGER_DYNAMIC_HORIZONTAL_POD_AUTOSCALING | 202
K8S-01771 | auth-service | 2 | 15.2 | 350 | CLUSTER_HEALTH_NOMINAL | RETAIN_CURRENT_POD_REPLICA_COUNT | 200
K8S-01772 | data-pipeline | 5 | 94.1 | 12000 | RESOURCE_SATURATION_WARNING | TRIGGER_DYNAMIC_HORIZONTAL_POD_AUTOSCALING | 202
K8S-01773 | auth-service | 2 | 15.2 | 350 | CLUSTER_HEALTH_NOMINAL | RETAIN_CURRENT_POD_REPLICA_COUNT | 200
K8S-01774 | prod-api | 3 | 89.8 | 8500 | RESOURCE_SATURATION_WARNING | TRIGGER_DYNAMIC_HORIZONTAL_POD_AUTOSCALING | 202
K8S-01775 | auth-service | 2 | 15.2 | 350 | CLUSTER_HEALTH_NOMINAL | RETAIN_CURRENT_POD_REPLICA_COUNT | 200
K8S-01776 | data-pipeline | 5 | 94.1 | 12000 | RESOURCE_SATURATION_WARNING | TRIGGER_DYNAMIC_HORIZONTAL_POD_AUTOSCALING | 202
K8S-01777 | auth-service | 2 | 15.2 | 350 | CLUSTER_HEALTH_NOMINAL | RETAIN_CURRENT_POD_REPLICA_COUNT | 200
K8S-01778 | data-pipeline | 5 | 94.1 | 12000 | RESOURCE_SATURATION_WARNING | TRIGGER_DYNAMIC_HORIZONTAL_POD_AUTOSCALING | 202
K8S-01779 | auth-service | 2 | 15.2 | 350 | CLUSTER_HEALTH_NOMINAL | RETAIN_CURRENT_POD_REPLICA_COUNT | 200
K8S-01780 | prod-api | 3 | 89.8 | 8500 | RESOURCE_SATURATION_WARNING | TRIGGER_DYNAMIC_HORIZONTAL_POD_AUTOSCALING | 202
K8S-01781 | prod-api | 3 | 42.5 | 1200 | CLUSTER_HEALTH_NOMINAL | RETAIN_CURRENT_POD_REPLICA_COUNT | 200
K8S-01782 | auth-service | 2 | 15.2 | 350 | CLUSTER_HEALTH_NOMINAL | RETAIN_CURRENT_POD_REPLICA_COUNT | 200
K8S-01783 | prod-api | 3 | 42.5 | 1200 | CLUSTER_HEALTH_NOMINAL | RETAIN_CURRENT_POD_REPLICA_COUNT | 200
K8S-01784 | prod-api | 3 | 42.5 | 1200 | CLUSTER_HEALTH_NOMINAL | RETAIN_CURRENT_POD_REPLICA_COUNT | 200
K8S-01785 | auth-service | 2 | 15.2 | 350 | CLUSTER_HEALTH_NOMINAL | RETAIN_CURRENT_POD_REPLICA_COUNT | 200
K8S-01786 | data-pipeline | 5 | 94.1 | 12000 | RESOURCE_SATURATION_WARNING | TRIGGER_DYNAMIC_HORIZONTAL_POD_AUTOSCALING | 202
K8S-01787 | prod-api | 3 | 42.5 | 1200 | CLUSTER_HEALTH_NOMINAL | RETAIN_CURRENT_POD_REPLICA_COUNT | 200
K8S-01788 | prod-api | 3 | 89.8 | 8500 | RESOURCE_SATURATION_WARNING | TRIGGER_DYNAMIC_HORIZONTAL_POD_AUTOSCALING | 202
K8S-01789 | prod-api | 3 | 89.8 | 8500 | RESOURCE_SATURATION_WARNING | TRIGGER_DYNAMIC_HORIZONTAL_POD_AUTOSCALING | 202
K8S-01790 | auth-service | 2 | 15.2 | 350 | CLUSTER_HEALTH_NOMINAL | RETAIN_CURRENT_POD_REPLICA_COUNT | 200
K8S-01791 | prod-api | 3 | 89.8 | 8500 | RESOURCE_SATURATION_WARNING | TRIGGER_DYNAMIC_HORIZONTAL_POD_AUTOSCALING | 202
K8S-01792 | auth-service | 2 | 15.2 | 350 | CLUSTER_HEALTH_NOMINAL | RETAIN_CURRENT_POD_REPLICA_COUNT | 200
K8S-01793 | prod-api | 3 | 89.8 | 8500 | RESOURCE_SATURATION_WARNING | TRIGGER_DYNAMIC_HORIZONTAL_POD_AUTOSCALING | 202
K8S-01794 | prod-api | 3 | 89.8 | 8500 | RESOURCE_SATURATION_WARNING | TRIGGER_DYNAMIC_HORIZONTAL_POD_AUTOSCALING | 202
K8S-01795 | prod-api | 3 | 89.8 | 8500 | RESOURCE_SATURATION_WARNING | TRIGGER_DYNAMIC_HORIZONTAL_POD_AUTOSCALING | 202
K8S-01796 | prod-api | 3 | 42.5 | 1200 | CLUSTER_HEALTH_NOMINAL | RETAIN_CURRENT_POD_REPLICA_COUNT | 200
K8S-01797 | prod-api | 3 | 42.5 | 1200 | CLUSTER_HEALTH_NOMINAL | RETAIN_CURRENT_POD_REPLICA_COUNT | 200
K8S-01798 | data-pipeline | 5 | 94.1 | 12000 | RESOURCE_SATURATION_WARNING | TRIGGER_DYNAMIC_HORIZONTAL_POD_AUTOSCALING | 202
K8S-01799 | auth-service | 2 | 15.2 | 350 | CLUSTER_HEALTH_NOMINAL | RETAIN_CURRENT_POD_REPLICA_COUNT | 200
K8S-01800 | auth-service | 2 | 15.2 | 350 | CLUSTER_HEALTH_NOMINAL | RETAIN_CURRENT_POD_REPLICA_COUNT | 200
K8S-01801 | data-pipeline | 5 | 94.1 | 12000 | RESOURCE_SATURATION_WARNING | TRIGGER_DYNAMIC_HORIZONTAL_POD_AUTOSCALING | 202
K8S-01802 | data-pipeline | 5 | 94.1 | 12000 | RESOURCE_SATURATION_WARNING | TRIGGER_DYNAMIC_HORIZONTAL_POD_AUTOSCALING | 202
K8S-01803 | prod-api | 3 | 42.5 | 1200 | CLUSTER_HEALTH_NOMINAL | RETAIN_CURRENT_POD_REPLICA_COUNT | 200
K8S-01804 | auth-service | 2 | 15.2 | 350 | CLUSTER_HEALTH_NOMINAL | RETAIN_CURRENT_POD_REPLICA_COUNT | 200
K8S-01805 | prod-api | 3 | 42.5 | 1200 | CLUSTER_HEALTH_NOMINAL | RETAIN_CURRENT_POD_REPLICA_COUNT | 200
K8S-01806 | prod-api | 3 | 89.8 | 8500 | RESOURCE_SATURATION_WARNING | TRIGGER_DYNAMIC_HORIZONTAL_POD_AUTOSCALING | 202
K8S-01807 | prod-api | 3 | 89.8 | 8500 | RESOURCE_SATURATION_WARNING | TRIGGER_DYNAMIC_HORIZONTAL_POD_AUTOSCALING | 202
K8S-01808 | data-pipeline | 5 | 94.1 | 12000 | RESOURCE_SATURATION_WARNING | TRIGGER_DYNAMIC_HORIZONTAL_POD_AUTOSCALING | 202
K8S-01809 | prod-api | 3 | 89.8 | 8500 | RESOURCE_SATURATION_WARNING | TRIGGER_DYNAMIC_HORIZONTAL_POD_AUTOSCALING | 202
K8S-01810 | data-pipeline | 5 | 94.1 | 12000 | RESOURCE_SATURATION_WARNING | TRIGGER_DYNAMIC_HORIZONTAL_POD_AUTOSCALING | 202
K8S-01811 | prod-api | 3 | 89.8 | 8500 | RESOURCE_SATURATION_WARNING | TRIGGER_DYNAMIC_HORIZONTAL_POD_AUTOSCALING | 202
K8S-01812 | auth-service | 2 | 15.2 | 350 | CLUSTER_HEALTH_NOMINAL | RETAIN_CURRENT_POD_REPLICA_COUNT | 200
K8S-01813 | prod-api | 3 | 42.5 | 1200 | CLUSTER_HEALTH_NOMINAL | RETAIN_CURRENT_POD_REPLICA_COUNT | 200
K8S-01814 | auth-service | 2 | 15.2 | 350 | CLUSTER_HEALTH_NOMINAL | RETAIN_CURRENT_POD_REPLICA_COUNT | 200
K8S-01815 | data-pipeline | 5 | 94.1 | 12000 | RESOURCE_SATURATION_WARNING | TRIGGER_DYNAMIC_HORIZONTAL_POD_AUTOSCALING | 202
K8S-01816 | auth-service | 2 | 15.2 | 350 | CLUSTER_HEALTH_NOMINAL | RETAIN_CURRENT_POD_REPLICA_COUNT | 200
K8S-01817 | prod-api | 3 | 89.8 | 8500 | RESOURCE_SATURATION_WARNING | TRIGGER_DYNAMIC_HORIZONTAL_POD_AUTOSCALING | 202
K8S-01818 | auth-service | 2 | 15.2 | 350 | CLUSTER_HEALTH_NOMINAL | RETAIN_CURRENT_POD_REPLICA_COUNT | 200
K8S-01819 | data-pipeline | 5 | 94.1 | 12000 | RESOURCE_SATURATION_WARNING | TRIGGER_DYNAMIC_HORIZONTAL_POD_AUTOSCALING | 202
K8S-01820 | data-pipeline | 5 | 94.1 | 12000 | RESOURCE_SATURATION_WARNING | TRIGGER_DYNAMIC_HORIZONTAL_POD_AUTOSCALING | 202
K8S-01821 | data-pipeline | 5 | 94.1 | 12000 | RESOURCE_SATURATION_WARNING | TRIGGER_DYNAMIC_HORIZONTAL_POD_AUTOSCALING | 202
K8S-01822 | prod-api | 3 | 42.5 | 1200 | CLUSTER_HEALTH_NOMINAL | RETAIN_CURRENT_POD_REPLICA_COUNT | 200
K8S-01823 | prod-api | 3 | 89.8 | 8500 | RESOURCE_SATURATION_WARNING | TRIGGER_DYNAMIC_HORIZONTAL_POD_AUTOSCALING | 202
K8S-01824 | prod-api | 3 | 42.5 | 1200 | CLUSTER_HEALTH_NOMINAL | RETAIN_CURRENT_POD_REPLICA_COUNT | 200
K8S-01825 | prod-api | 3 | 42.5 | 1200 | CLUSTER_HEALTH_NOMINAL | RETAIN_CURRENT_POD_REPLICA_COUNT | 200
K8S-01826 | auth-service | 2 | 15.2 | 350 | CLUSTER_HEALTH_NOMINAL | RETAIN_CURRENT_POD_REPLICA_COUNT | 200
K8S-01827 | prod-api | 3 | 89.8 | 8500 | RESOURCE_SATURATION_WARNING | TRIGGER_DYNAMIC_HORIZONTAL_POD_AUTOSCALING | 202
K8S-01828 | data-pipeline | 5 | 94.1 | 12000 | RESOURCE_SATURATION_WARNING | TRIGGER_DYNAMIC_HORIZONTAL_POD_AUTOSCALING | 202
K8S-01829 | prod-api | 3 | 42.5 | 1200 | CLUSTER_HEALTH_NOMINAL | RETAIN_CURRENT_POD_REPLICA_COUNT | 200
K8S-01830 | auth-service | 2 | 15.2 | 350 | CLUSTER_HEALTH_NOMINAL | RETAIN_CURRENT_POD_REPLICA_COUNT | 200
K8S-01831 | auth-service | 2 | 15.2 | 350 | CLUSTER_HEALTH_NOMINAL | RETAIN_CURRENT_POD_REPLICA_COUNT | 200
K8S-01832 | prod-api | 3 | 42.5 | 1200 | CLUSTER_HEALTH_NOMINAL | RETAIN_CURRENT_POD_REPLICA_COUNT | 200
K8S-01833 | prod-api | 3 | 42.5 | 1200 | CLUSTER_HEALTH_NOMINAL | RETAIN_CURRENT_POD_REPLICA_COUNT | 200
K8S-01834 | prod-api | 3 | 89.8 | 8500 | RESOURCE_SATURATION_WARNING | TRIGGER_DYNAMIC_HORIZONTAL_POD_AUTOSCALING | 202
K8S-01835 | prod-api | 3 | 89.8 | 8500 | RESOURCE_SATURATION_WARNING | TRIGGER_DYNAMIC_HORIZONTAL_POD_AUTOSCALING | 202
K8S-01836 | prod-api | 3 | 89.8 | 8500 | RESOURCE_SATURATION_WARNING | TRIGGER_DYNAMIC_HORIZONTAL_POD_AUTOSCALING | 202
K8S-01837 | auth-service | 2 | 15.2 | 350 | CLUSTER_HEALTH_NOMINAL | RETAIN_CURRENT_POD_REPLICA_COUNT | 200
K8S-01838 | data-pipeline | 5 | 94.1 | 12000 | RESOURCE_SATURATION_WARNING | TRIGGER_DYNAMIC_HORIZONTAL_POD_AUTOSCALING | 202
K8S-01839 | prod-api | 3 | 89.8 | 8500 | RESOURCE_SATURATION_WARNING | TRIGGER_DYNAMIC_HORIZONTAL_POD_AUTOSCALING | 202
K8S-01840 | auth-service | 2 | 15.2 | 350 | CLUSTER_HEALTH_NOMINAL | RETAIN_CURRENT_POD_REPLICA_COUNT | 200
K8S-01841 | prod-api | 3 | 89.8 | 8500 | RESOURCE_SATURATION_WARNING | TRIGGER_DYNAMIC_HORIZONTAL_POD_AUTOSCALING | 202
K8S-01842 | auth-service | 2 | 15.2 | 350 | CLUSTER_HEALTH_NOMINAL | RETAIN_CURRENT_POD_REPLICA_COUNT | 200
K8S-01843 | auth-service | 2 | 15.2 | 350 | CLUSTER_HEALTH_NOMINAL | RETAIN_CURRENT_POD_REPLICA_COUNT | 200
K8S-01844 | auth-service | 2 | 15.2 | 350 | CLUSTER_HEALTH_NOMINAL | RETAIN_CURRENT_POD_REPLICA_COUNT | 200
K8S-01845 | prod-api | 3 | 42.5 | 1200 | CLUSTER_HEALTH_NOMINAL | RETAIN_CURRENT_POD_REPLICA_COUNT | 200
K8S-01846 | prod-api | 3 | 89.8 | 8500 | RESOURCE_SATURATION_WARNING | TRIGGER_DYNAMIC_HORIZONTAL_POD_AUTOSCALING | 202
K8S-01847 | auth-service | 2 | 15.2 | 350 | CLUSTER_HEALTH_NOMINAL | RETAIN_CURRENT_POD_REPLICA_COUNT | 200
K8S-01848 | data-pipeline | 5 | 94.1 | 12000 | RESOURCE_SATURATION_WARNING | TRIGGER_DYNAMIC_HORIZONTAL_POD_AUTOSCALING | 202
K8S-01849 | prod-api | 3 | 89.8 | 8500 | RESOURCE_SATURATION_WARNING | TRIGGER_DYNAMIC_HORIZONTAL_POD_AUTOSCALING | 202
K8S-01850 | auth-service | 2 | 15.2 | 350 | CLUSTER_HEALTH_NOMINAL | RETAIN_CURRENT_POD_REPLICA_COUNT | 200
K8S-01851 | data-pipeline | 5 | 94.1 | 12000 | RESOURCE_SATURATION_WARNING | TRIGGER_DYNAMIC_HORIZONTAL_POD_AUTOSCALING | 202
K8S-01852 | prod-api | 3 | 89.8 | 8500 | RESOURCE_SATURATION_WARNING | TRIGGER_DYNAMIC_HORIZONTAL_POD_AUTOSCALING | 202
K8S-01853 | prod-api | 3 | 89.8 | 8500 | RESOURCE_SATURATION_WARNING | TRIGGER_DYNAMIC_HORIZONTAL_POD_AUTOSCALING | 202
K8S-01854 | prod-api | 3 | 89.8 | 8500 | RESOURCE_SATURATION_WARNING | TRIGGER_DYNAMIC_HORIZONTAL_POD_AUTOSCALING | 202
K8S-01855 | data-pipeline | 5 | 94.1 | 12000 | RESOURCE_SATURATION_WARNING | TRIGGER_DYNAMIC_HORIZONTAL_POD_AUTOSCALING | 202
K8S-01856 | prod-api | 3 | 42.5 | 1200 | CLUSTER_HEALTH_NOMINAL | RETAIN_CURRENT_POD_REPLICA_COUNT | 200
K8S-01857 | prod-api | 3 | 89.8 | 8500 | RESOURCE_SATURATION_WARNING | TRIGGER_DYNAMIC_HORIZONTAL_POD_AUTOSCALING | 202
K8S-01858 | prod-api | 3 | 89.8 | 8500 | RESOURCE_SATURATION_WARNING | TRIGGER_DYNAMIC_HORIZONTAL_POD_AUTOSCALING | 202
K8S-01859 | prod-api | 3 | 42.5 | 1200 | CLUSTER_HEALTH_NOMINAL | RETAIN_CURRENT_POD_REPLICA_COUNT | 200
K8S-01860 | prod-api | 3 | 89.8 | 8500 | RESOURCE_SATURATION_WARNING | TRIGGER_DYNAMIC_HORIZONTAL_POD_AUTOSCALING | 202
K8S-01861 | prod-api | 3 | 42.5 | 1200 | CLUSTER_HEALTH_NOMINAL | RETAIN_CURRENT_POD_REPLICA_COUNT | 200
K8S-01862 | prod-api | 3 | 42.5 | 1200 | CLUSTER_HEALTH_NOMINAL | RETAIN_CURRENT_POD_REPLICA_COUNT | 200
K8S-01863 | prod-api | 3 | 89.8 | 8500 | RESOURCE_SATURATION_WARNING | TRIGGER_DYNAMIC_HORIZONTAL_POD_AUTOSCALING | 202
K8S-01864 | prod-api | 3 | 42.5 | 1200 | CLUSTER_HEALTH_NOMINAL | RETAIN_CURRENT_POD_REPLICA_COUNT | 200
K8S-01865 | prod-api | 3 | 89.8 | 8500 | RESOURCE_SATURATION_WARNING | TRIGGER_DYNAMIC_HORIZONTAL_POD_AUTOSCALING | 202
K8S-01866 | data-pipeline | 5 | 94.1 | 12000 | RESOURCE_SATURATION_WARNING | TRIGGER_DYNAMIC_HORIZONTAL_POD_AUTOSCALING | 202
K8S-01867 | data-pipeline | 5 | 94.1 | 12000 | RESOURCE_SATURATION_WARNING | TRIGGER_DYNAMIC_HORIZONTAL_POD_AUTOSCALING | 202
K8S-01868 | data-pipeline | 5 | 94.1 | 12000 | RESOURCE_SATURATION_WARNING | TRIGGER_DYNAMIC_HORIZONTAL_POD_AUTOSCALING | 202
K8S-01869 | prod-api | 3 | 42.5 | 1200 | CLUSTER_HEALTH_NOMINAL | RETAIN_CURRENT_POD_REPLICA_COUNT | 200
K8S-01870 | auth-service | 2 | 15.2 | 350 | CLUSTER_HEALTH_NOMINAL | RETAIN_CURRENT_POD_REPLICA_COUNT | 200
K8S-01871 | auth-service | 2 | 15.2 | 350 | CLUSTER_HEALTH_NOMINAL | RETAIN_CURRENT_POD_REPLICA_COUNT | 200
K8S-01872 | data-pipeline | 5 | 94.1 | 12000 | RESOURCE_SATURATION_WARNING | TRIGGER_DYNAMIC_HORIZONTAL_POD_AUTOSCALING | 202
K8S-01873 | data-pipeline | 5 | 94.1 | 12000 | RESOURCE_SATURATION_WARNING | TRIGGER_DYNAMIC_HORIZONTAL_POD_AUTOSCALING | 202
K8S-01874 | prod-api | 3 | 89.8 | 8500 | RESOURCE_SATURATION_WARNING | TRIGGER_DYNAMIC_HORIZONTAL_POD_AUTOSCALING | 202
K8S-01875 | data-pipeline | 5 | 94.1 | 12000 | RESOURCE_SATURATION_WARNING | TRIGGER_DYNAMIC_HORIZONTAL_POD_AUTOSCALING | 202
K8S-01876 | prod-api | 3 | 42.5 | 1200 | CLUSTER_HEALTH_NOMINAL | RETAIN_CURRENT_POD_REPLICA_COUNT | 200
K8S-01877 | prod-api | 3 | 42.5 | 1200 | CLUSTER_HEALTH_NOMINAL | RETAIN_CURRENT_POD_REPLICA_COUNT | 200
K8S-01878 | auth-service | 2 | 15.2 | 350 | CLUSTER_HEALTH_NOMINAL | RETAIN_CURRENT_POD_REPLICA_COUNT | 200
K8S-01879 | data-pipeline | 5 | 94.1 | 12000 | RESOURCE_SATURATION_WARNING | TRIGGER_DYNAMIC_HORIZONTAL_POD_AUTOSCALING | 202
K8S-01880 | prod-api | 3 | 89.8 | 8500 | RESOURCE_SATURATION_WARNING | TRIGGER_DYNAMIC_HORIZONTAL_POD_AUTOSCALING | 202
K8S-01881 | data-pipeline | 5 | 94.1 | 12000 | RESOURCE_SATURATION_WARNING | TRIGGER_DYNAMIC_HORIZONTAL_POD_AUTOSCALING | 202
K8S-01882 | data-pipeline | 5 | 94.1 | 12000 | RESOURCE_SATURATION_WARNING | TRIGGER_DYNAMIC_HORIZONTAL_POD_AUTOSCALING | 202
K8S-01883 | auth-service | 2 | 15.2 | 350 | CLUSTER_HEALTH_NOMINAL | RETAIN_CURRENT_POD_REPLICA_COUNT | 200
K8S-01884 | prod-api | 3 | 89.8 | 8500 | RESOURCE_SATURATION_WARNING | TRIGGER_DYNAMIC_HORIZONTAL_POD_AUTOSCALING | 202
K8S-01885 | prod-api | 3 | 42.5 | 1200 | CLUSTER_HEALTH_NOMINAL | RETAIN_CURRENT_POD_REPLICA_COUNT | 200
K8S-01886 | prod-api | 3 | 89.8 | 8500 | RESOURCE_SATURATION_WARNING | TRIGGER_DYNAMIC_HORIZONTAL_POD_AUTOSCALING | 202
K8S-01887 | data-pipeline | 5 | 94.1 | 12000 | RESOURCE_SATURATION_WARNING | TRIGGER_DYNAMIC_HORIZONTAL_POD_AUTOSCALING | 202
K8S-01888 | auth-service | 2 | 15.2 | 350 | CLUSTER_HEALTH_NOMINAL | RETAIN_CURRENT_POD_REPLICA_COUNT | 200
K8S-01889 | prod-api | 3 | 42.5 | 1200 | CLUSTER_HEALTH_NOMINAL | RETAIN_CURRENT_POD_REPLICA_COUNT | 200
K8S-01890 | data-pipeline | 5 | 94.1 | 12000 | RESOURCE_SATURATION_WARNING | TRIGGER_DYNAMIC_HORIZONTAL_POD_AUTOSCALING | 202
K8S-01891 | prod-api | 3 | 42.5 | 1200 | CLUSTER_HEALTH_NOMINAL | RETAIN_CURRENT_POD_REPLICA_COUNT | 200
K8S-01892 | auth-service | 2 | 15.2 | 350 | CLUSTER_HEALTH_NOMINAL | RETAIN_CURRENT_POD_REPLICA_COUNT | 200
K8S-01893 | auth-service | 2 | 15.2 | 350 | CLUSTER_HEALTH_NOMINAL | RETAIN_CURRENT_POD_REPLICA_COUNT | 200
K8S-01894 | prod-api | 3 | 42.5 | 1200 | CLUSTER_HEALTH_NOMINAL | RETAIN_CURRENT_POD_REPLICA_COUNT | 200
K8S-01895 | data-pipeline | 5 | 94.1 | 12000 | RESOURCE_SATURATION_WARNING | TRIGGER_DYNAMIC_HORIZONTAL_POD_AUTOSCALING | 202
K8S-01896 | prod-api | 3 | 42.5 | 1200 | CLUSTER_HEALTH_NOMINAL | RETAIN_CURRENT_POD_REPLICA_COUNT | 200
K8S-01897 | data-pipeline | 5 | 94.1 | 12000 | RESOURCE_SATURATION_WARNING | TRIGGER_DYNAMIC_HORIZONTAL_POD_AUTOSCALING | 202
K8S-01898 | auth-service | 2 | 15.2 | 350 | CLUSTER_HEALTH_NOMINAL | RETAIN_CURRENT_POD_REPLICA_COUNT | 200
K8S-01899 | auth-service | 2 | 15.2 | 350 | CLUSTER_HEALTH_NOMINAL | RETAIN_CURRENT_POD_REPLICA_COUNT | 200
K8S-01900 | auth-service | 2 | 15.2 | 350 | CLUSTER_HEALTH_NOMINAL | RETAIN_CURRENT_POD_REPLICA_COUNT | 200
K8S-01901 | auth-service | 2 | 15.2 | 350 | CLUSTER_HEALTH_NOMINAL | RETAIN_CURRENT_POD_REPLICA_COUNT | 200
K8S-01902 | data-pipeline | 5 | 94.1 | 12000 | RESOURCE_SATURATION_WARNING | TRIGGER_DYNAMIC_HORIZONTAL_POD_AUTOSCALING | 202
K8S-01903 | auth-service | 2 | 15.2 | 350 | CLUSTER_HEALTH_NOMINAL | RETAIN_CURRENT_POD_REPLICA_COUNT | 200
K8S-01904 | prod-api | 3 | 89.8 | 8500 | RESOURCE_SATURATION_WARNING | TRIGGER_DYNAMIC_HORIZONTAL_POD_AUTOSCALING | 202
K8S-01905 | prod-api | 3 | 89.8 | 8500 | RESOURCE_SATURATION_WARNING | TRIGGER_DYNAMIC_HORIZONTAL_POD_AUTOSCALING | 202
K8S-01906 | data-pipeline | 5 | 94.1 | 12000 | RESOURCE_SATURATION_WARNING | TRIGGER_DYNAMIC_HORIZONTAL_POD_AUTOSCALING | 202
K8S-01907 | prod-api | 3 | 42.5 | 1200 | CLUSTER_HEALTH_NOMINAL | RETAIN_CURRENT_POD_REPLICA_COUNT | 200
K8S-01908 | prod-api | 3 | 42.5 | 1200 | CLUSTER_HEALTH_NOMINAL | RETAIN_CURRENT_POD_REPLICA_COUNT | 200
K8S-01909 | prod-api | 3 | 89.8 | 8500 | RESOURCE_SATURATION_WARNING | TRIGGER_DYNAMIC_HORIZONTAL_POD_AUTOSCALING | 202
K8S-01910 | data-pipeline | 5 | 94.1 | 12000 | RESOURCE_SATURATION_WARNING | TRIGGER_DYNAMIC_HORIZONTAL_POD_AUTOSCALING | 202
K8S-01911 | prod-api | 3 | 89.8 | 8500 | RESOURCE_SATURATION_WARNING | TRIGGER_DYNAMIC_HORIZONTAL_POD_AUTOSCALING | 202
K8S-01912 | prod-api | 3 | 89.8 | 8500 | RESOURCE_SATURATION_WARNING | TRIGGER_DYNAMIC_HORIZONTAL_POD_AUTOSCALING | 202
K8S-01913 | prod-api | 3 | 89.8 | 8500 | RESOURCE_SATURATION_WARNING | TRIGGER_DYNAMIC_HORIZONTAL_POD_AUTOSCALING | 202
K8S-01914 | data-pipeline | 5 | 94.1 | 12000 | RESOURCE_SATURATION_WARNING | TRIGGER_DYNAMIC_HORIZONTAL_POD_AUTOSCALING | 202
K8S-01915 | prod-api | 3 | 89.8 | 8500 | RESOURCE_SATURATION_WARNING | TRIGGER_DYNAMIC_HORIZONTAL_POD_AUTOSCALING | 202
K8S-01916 | prod-api | 3 | 42.5 | 1200 | CLUSTER_HEALTH_NOMINAL | RETAIN_CURRENT_POD_REPLICA_COUNT | 200
K8S-01917 | auth-service | 2 | 15.2 | 350 | CLUSTER_HEALTH_NOMINAL | RETAIN_CURRENT_POD_REPLICA_COUNT | 200
K8S-01918 | auth-service | 2 | 15.2 | 350 | CLUSTER_HEALTH_NOMINAL | RETAIN_CURRENT_POD_REPLICA_COUNT | 200
K8S-01919 | prod-api | 3 | 89.8 | 8500 | RESOURCE_SATURATION_WARNING | TRIGGER_DYNAMIC_HORIZONTAL_POD_AUTOSCALING | 202
K8S-01920 | auth-service | 2 | 15.2 | 350 | CLUSTER_HEALTH_NOMINAL | RETAIN_CURRENT_POD_REPLICA_COUNT | 200
K8S-01921 | prod-api | 3 | 89.8 | 8500 | RESOURCE_SATURATION_WARNING | TRIGGER_DYNAMIC_HORIZONTAL_POD_AUTOSCALING | 202
K8S-01922 | prod-api | 3 | 42.5 | 1200 | CLUSTER_HEALTH_NOMINAL | RETAIN_CURRENT_POD_REPLICA_COUNT | 200
K8S-01923 | data-pipeline | 5 | 94.1 | 12000 | RESOURCE_SATURATION_WARNING | TRIGGER_DYNAMIC_HORIZONTAL_POD_AUTOSCALING | 202
K8S-01924 | prod-api | 3 | 42.5 | 1200 | CLUSTER_HEALTH_NOMINAL | RETAIN_CURRENT_POD_REPLICA_COUNT | 200
K8S-01925 | prod-api | 3 | 42.5 | 1200 | CLUSTER_HEALTH_NOMINAL | RETAIN_CURRENT_POD_REPLICA_COUNT | 200
K8S-01926 | data-pipeline | 5 | 94.1 | 12000 | RESOURCE_SATURATION_WARNING | TRIGGER_DYNAMIC_HORIZONTAL_POD_AUTOSCALING | 202
K8S-01927 | prod-api | 3 | 42.5 | 1200 | CLUSTER_HEALTH_NOMINAL | RETAIN_CURRENT_POD_REPLICA_COUNT | 200
K8S-01928 | auth-service | 2 | 15.2 | 350 | CLUSTER_HEALTH_NOMINAL | RETAIN_CURRENT_POD_REPLICA_COUNT | 200
K8S-01929 | prod-api | 3 | 89.8 | 8500 | RESOURCE_SATURATION_WARNING | TRIGGER_DYNAMIC_HORIZONTAL_POD_AUTOSCALING | 202
K8S-01930 | data-pipeline | 5 | 94.1 | 12000 | RESOURCE_SATURATION_WARNING | TRIGGER_DYNAMIC_HORIZONTAL_POD_AUTOSCALING | 202
K8S-01931 | prod-api | 3 | 89.8 | 8500 | RESOURCE_SATURATION_WARNING | TRIGGER_DYNAMIC_HORIZONTAL_POD_AUTOSCALING | 202
K8S-01932 | prod-api | 3 | 42.5 | 1200 | CLUSTER_HEALTH_NOMINAL | RETAIN_CURRENT_POD_REPLICA_COUNT | 200
K8S-01933 | prod-api | 3 | 42.5 | 1200 | CLUSTER_HEALTH_NOMINAL | RETAIN_CURRENT_POD_REPLICA_COUNT | 200
K8S-01934 | prod-api | 3 | 42.5 | 1200 | CLUSTER_HEALTH_NOMINAL | RETAIN_CURRENT_POD_REPLICA_COUNT | 200
K8S-01935 | prod-api | 3 | 42.5 | 1200 | CLUSTER_HEALTH_NOMINAL | RETAIN_CURRENT_POD_REPLICA_COUNT | 200
K8S-01936 | data-pipeline | 5 | 94.1 | 12000 | RESOURCE_SATURATION_WARNING | TRIGGER_DYNAMIC_HORIZONTAL_POD_AUTOSCALING | 202
K8S-01937 | prod-api | 3 | 89.8 | 8500 | RESOURCE_SATURATION_WARNING | TRIGGER_DYNAMIC_HORIZONTAL_POD_AUTOSCALING | 202
K8S-01938 | auth-service | 2 | 15.2 | 350 | CLUSTER_HEALTH_NOMINAL | RETAIN_CURRENT_POD_REPLICA_COUNT | 200
K8S-01939 | prod-api | 3 | 89.8 | 8500 | RESOURCE_SATURATION_WARNING | TRIGGER_DYNAMIC_HORIZONTAL_POD_AUTOSCALING | 202
K8S-01940 | data-pipeline | 5 | 94.1 | 12000 | RESOURCE_SATURATION_WARNING | TRIGGER_DYNAMIC_HORIZONTAL_POD_AUTOSCALING | 202
K8S-01941 | prod-api | 3 | 89.8 | 8500 | RESOURCE_SATURATION_WARNING | TRIGGER_DYNAMIC_HORIZONTAL_POD_AUTOSCALING | 202
K8S-01942 | data-pipeline | 5 | 94.1 | 12000 | RESOURCE_SATURATION_WARNING | TRIGGER_DYNAMIC_HORIZONTAL_POD_AUTOSCALING | 202
K8S-01943 | prod-api | 3 | 89.8 | 8500 | RESOURCE_SATURATION_WARNING | TRIGGER_DYNAMIC_HORIZONTAL_POD_AUTOSCALING | 202
K8S-01944 | prod-api | 3 | 42.5 | 1200 | CLUSTER_HEALTH_NOMINAL | RETAIN_CURRENT_POD_REPLICA_COUNT | 200
K8S-01945 | prod-api | 3 | 42.5 | 1200 | CLUSTER_HEALTH_NOMINAL | RETAIN_CURRENT_POD_REPLICA_COUNT | 200
K8S-01946 | prod-api | 3 | 89.8 | 8500 | RESOURCE_SATURATION_WARNING | TRIGGER_DYNAMIC_HORIZONTAL_POD_AUTOSCALING | 202
K8S-01947 | auth-service | 2 | 15.2 | 350 | CLUSTER_HEALTH_NOMINAL | RETAIN_CURRENT_POD_REPLICA_COUNT | 200
K8S-01948 | prod-api | 3 | 89.8 | 8500 | RESOURCE_SATURATION_WARNING | TRIGGER_DYNAMIC_HORIZONTAL_POD_AUTOSCALING | 202
K8S-01949 | data-pipeline | 5 | 94.1 | 12000 | RESOURCE_SATURATION_WARNING | TRIGGER_DYNAMIC_HORIZONTAL_POD_AUTOSCALING | 202
K8S-01950 | prod-api | 3 | 42.5 | 1200 | CLUSTER_HEALTH_NOMINAL | RETAIN_CURRENT_POD_REPLICA_COUNT | 200
K8S-01951 | prod-api | 3 | 89.8 | 8500 | RESOURCE_SATURATION_WARNING | TRIGGER_DYNAMIC_HORIZONTAL_POD_AUTOSCALING | 202
K8S-01952 | auth-service | 2 | 15.2 | 350 | CLUSTER_HEALTH_NOMINAL | RETAIN_CURRENT_POD_REPLICA_COUNT | 200
K8S-01953 | prod-api | 3 | 42.5 | 1200 | CLUSTER_HEALTH_NOMINAL | RETAIN_CURRENT_POD_REPLICA_COUNT | 200
K8S-01954 | prod-api | 3 | 42.5 | 1200 | CLUSTER_HEALTH_NOMINAL | RETAIN_CURRENT_POD_REPLICA_COUNT | 200
K8S-01955 | data-pipeline | 5 | 94.1 | 12000 | RESOURCE_SATURATION_WARNING | TRIGGER_DYNAMIC_HORIZONTAL_POD_AUTOSCALING | 202
K8S-01956 | data-pipeline | 5 | 94.1 | 12000 | RESOURCE_SATURATION_WARNING | TRIGGER_DYNAMIC_HORIZONTAL_POD_AUTOSCALING | 202
K8S-01957 | data-pipeline | 5 | 94.1 | 12000 | RESOURCE_SATURATION_WARNING | TRIGGER_DYNAMIC_HORIZONTAL_POD_AUTOSCALING | 202
K8S-01958 | prod-api | 3 | 89.8 | 8500 | RESOURCE_SATURATION_WARNING | TRIGGER_DYNAMIC_HORIZONTAL_POD_AUTOSCALING | 202
K8S-01959 | prod-api | 3 | 42.5 | 1200 | CLUSTER_HEALTH_NOMINAL | RETAIN_CURRENT_POD_REPLICA_COUNT | 200
K8S-01960 | data-pipeline | 5 | 94.1 | 12000 | RESOURCE_SATURATION_WARNING | TRIGGER_DYNAMIC_HORIZONTAL_POD_AUTOSCALING | 202
K8S-01961 | prod-api | 3 | 42.5 | 1200 | CLUSTER_HEALTH_NOMINAL | RETAIN_CURRENT_POD_REPLICA_COUNT | 200
K8S-01962 | auth-service | 2 | 15.2 | 350 | CLUSTER_HEALTH_NOMINAL | RETAIN_CURRENT_POD_REPLICA_COUNT | 200
K8S-01963 | data-pipeline | 5 | 94.1 | 12000 | RESOURCE_SATURATION_WARNING | TRIGGER_DYNAMIC_HORIZONTAL_POD_AUTOSCALING | 202
K8S-01964 | prod-api | 3 | 89.8 | 8500 | RESOURCE_SATURATION_WARNING | TRIGGER_DYNAMIC_HORIZONTAL_POD_AUTOSCALING | 202
K8S-01965 | prod-api | 3 | 89.8 | 8500 | RESOURCE_SATURATION_WARNING | TRIGGER_DYNAMIC_HORIZONTAL_POD_AUTOSCALING | 202
K8S-01966 | data-pipeline | 5 | 94.1 | 12000 | RESOURCE_SATURATION_WARNING | TRIGGER_DYNAMIC_HORIZONTAL_POD_AUTOSCALING | 202
K8S-01967 | prod-api | 3 | 42.5 | 1200 | CLUSTER_HEALTH_NOMINAL | RETAIN_CURRENT_POD_REPLICA_COUNT | 200
K8S-01968 | prod-api | 3 | 42.5 | 1200 | CLUSTER_HEALTH_NOMINAL | RETAIN_CURRENT_POD_REPLICA_COUNT | 200
K8S-01969 | data-pipeline | 5 | 94.1 | 12000 | RESOURCE_SATURATION_WARNING | TRIGGER_DYNAMIC_HORIZONTAL_POD_AUTOSCALING | 202
K8S-01970 | auth-service | 2 | 15.2 | 350 | CLUSTER_HEALTH_NOMINAL | RETAIN_CURRENT_POD_REPLICA_COUNT | 200
K8S-01971 | auth-service | 2 | 15.2 | 350 | CLUSTER_HEALTH_NOMINAL | RETAIN_CURRENT_POD_REPLICA_COUNT | 200
K8S-01972 | auth-service | 2 | 15.2 | 350 | CLUSTER_HEALTH_NOMINAL | RETAIN_CURRENT_POD_REPLICA_COUNT | 200
K8S-01973 | auth-service | 2 | 15.2 | 350 | CLUSTER_HEALTH_NOMINAL | RETAIN_CURRENT_POD_REPLICA_COUNT | 200
K8S-01974 | prod-api | 3 | 42.5 | 1200 | CLUSTER_HEALTH_NOMINAL | RETAIN_CURRENT_POD_REPLICA_COUNT | 200
K8S-01975 | prod-api | 3 | 89.8 | 8500 | RESOURCE_SATURATION_WARNING | TRIGGER_DYNAMIC_HORIZONTAL_POD_AUTOSCALING | 202
K8S-01976 | data-pipeline | 5 | 94.1 | 12000 | RESOURCE_SATURATION_WARNING | TRIGGER_DYNAMIC_HORIZONTAL_POD_AUTOSCALING | 202
K8S-01977 | prod-api | 3 | 89.8 | 8500 | RESOURCE_SATURATION_WARNING | TRIGGER_DYNAMIC_HORIZONTAL_POD_AUTOSCALING | 202
K8S-01978 | auth-service | 2 | 15.2 | 350 | CLUSTER_HEALTH_NOMINAL | RETAIN_CURRENT_POD_REPLICA_COUNT | 200
K8S-01979 | prod-api | 3 | 89.8 | 8500 | RESOURCE_SATURATION_WARNING | TRIGGER_DYNAMIC_HORIZONTAL_POD_AUTOSCALING | 202
K8S-01980 | auth-service | 2 | 15.2 | 350 | CLUSTER_HEALTH_NOMINAL | RETAIN_CURRENT_POD_REPLICA_COUNT | 200
K8S-01981 | auth-service | 2 | 15.2 | 350 | CLUSTER_HEALTH_NOMINAL | RETAIN_CURRENT_POD_REPLICA_COUNT | 200
K8S-01982 | prod-api | 3 | 42.5 | 1200 | CLUSTER_HEALTH_NOMINAL | RETAIN_CURRENT_POD_REPLICA_COUNT | 200
K8S-01983 | auth-service | 2 | 15.2 | 350 | CLUSTER_HEALTH_NOMINAL | RETAIN_CURRENT_POD_REPLICA_COUNT | 200
K8S-01984 | prod-api | 3 | 89.8 | 8500 | RESOURCE_SATURATION_WARNING | TRIGGER_DYNAMIC_HORIZONTAL_POD_AUTOSCALING | 202
K8S-01985 | prod-api | 3 | 89.8 | 8500 | RESOURCE_SATURATION_WARNING | TRIGGER_DYNAMIC_HORIZONTAL_POD_AUTOSCALING | 202
K8S-01986 | prod-api | 3 | 42.5 | 1200 | CLUSTER_HEALTH_NOMINAL | RETAIN_CURRENT_POD_REPLICA_COUNT | 200
K8S-01987 | prod-api | 3 | 89.8 | 8500 | RESOURCE_SATURATION_WARNING | TRIGGER_DYNAMIC_HORIZONTAL_POD_AUTOSCALING | 202
K8S-01988 | prod-api | 3 | 89.8 | 8500 | RESOURCE_SATURATION_WARNING | TRIGGER_DYNAMIC_HORIZONTAL_POD_AUTOSCALING | 202
K8S-01989 | prod-api | 3 | 89.8 | 8500 | RESOURCE_SATURATION_WARNING | TRIGGER_DYNAMIC_HORIZONTAL_POD_AUTOSCALING | 202
K8S-01990 | prod-api | 3 | 42.5 | 1200 | CLUSTER_HEALTH_NOMINAL | RETAIN_CURRENT_POD_REPLICA_COUNT | 200
K8S-01991 | prod-api | 3 | 42.5 | 1200 | CLUSTER_HEALTH_NOMINAL | RETAIN_CURRENT_POD_REPLICA_COUNT | 200
K8S-01992 | prod-api | 3 | 42.5 | 1200 | CLUSTER_HEALTH_NOMINAL | RETAIN_CURRENT_POD_REPLICA_COUNT | 200
K8S-01993 | prod-api | 3 | 89.8 | 8500 | RESOURCE_SATURATION_WARNING | TRIGGER_DYNAMIC_HORIZONTAL_POD_AUTOSCALING | 202
K8S-01994 | auth-service | 2 | 15.2 | 350 | CLUSTER_HEALTH_NOMINAL | RETAIN_CURRENT_POD_REPLICA_COUNT | 200
K8S-01995 | auth-service | 2 | 15.2 | 350 | CLUSTER_HEALTH_NOMINAL | RETAIN_CURRENT_POD_REPLICA_COUNT | 200
K8S-01996 | prod-api | 3 | 89.8 | 8500 | RESOURCE_SATURATION_WARNING | TRIGGER_DYNAMIC_HORIZONTAL_POD_AUTOSCALING | 202
K8S-01997 | prod-api | 3 | 42.5 | 1200 | CLUSTER_HEALTH_NOMINAL | RETAIN_CURRENT_POD_REPLICA_COUNT | 200
K8S-01998 | auth-service | 2 | 15.2 | 350 | CLUSTER_HEALTH_NOMINAL | RETAIN_CURRENT_POD_REPLICA_COUNT | 200
K8S-01999 | auth-service | 2 | 15.2 | 350 | CLUSTER_HEALTH_NOMINAL | RETAIN_CURRENT_POD_REPLICA_COUNT | 200
K8S-02000 | data-pipeline | 5 | 94.1 | 12000 | RESOURCE_SATURATION_WARNING | TRIGGER_DYNAMIC_HORIZONTAL_POD_AUTOSCALING | 202
K8S-02001 | data-pipeline | 5 | 94.1 | 12000 | RESOURCE_SATURATION_WARNING | TRIGGER_DYNAMIC_HORIZONTAL_POD_AUTOSCALING | 202
K8S-02002 | prod-api | 3 | 42.5 | 1200 | CLUSTER_HEALTH_NOMINAL | RETAIN_CURRENT_POD_REPLICA_COUNT | 200
K8S-02003 | prod-api | 3 | 89.8 | 8500 | RESOURCE_SATURATION_WARNING | TRIGGER_DYNAMIC_HORIZONTAL_POD_AUTOSCALING | 202
K8S-02004 | data-pipeline | 5 | 94.1 | 12000 | RESOURCE_SATURATION_WARNING | TRIGGER_DYNAMIC_HORIZONTAL_POD_AUTOSCALING | 202
K8S-02005 | auth-service | 2 | 15.2 | 350 | CLUSTER_HEALTH_NOMINAL | RETAIN_CURRENT_POD_REPLICA_COUNT | 200
K8S-02006 | prod-api | 3 | 89.8 | 8500 | RESOURCE_SATURATION_WARNING | TRIGGER_DYNAMIC_HORIZONTAL_POD_AUTOSCALING | 202
K8S-02007 | data-pipeline | 5 | 94.1 | 12000 | RESOURCE_SATURATION_WARNING | TRIGGER_DYNAMIC_HORIZONTAL_POD_AUTOSCALING | 202
K8S-02008 | data-pipeline | 5 | 94.1 | 12000 | RESOURCE_SATURATION_WARNING | TRIGGER_DYNAMIC_HORIZONTAL_POD_AUTOSCALING | 202
K8S-02009 | auth-service | 2 | 15.2 | 350 | CLUSTER_HEALTH_NOMINAL | RETAIN_CURRENT_POD_REPLICA_COUNT | 200
K8S-02010 | data-pipeline | 5 | 94.1 | 12000 | RESOURCE_SATURATION_WARNING | TRIGGER_DYNAMIC_HORIZONTAL_POD_AUTOSCALING | 202
K8S-02011 | auth-service | 2 | 15.2 | 350 | CLUSTER_HEALTH_NOMINAL | RETAIN_CURRENT_POD_REPLICA_COUNT | 200
K8S-02012 | data-pipeline | 5 | 94.1 | 12000 | RESOURCE_SATURATION_WARNING | TRIGGER_DYNAMIC_HORIZONTAL_POD_AUTOSCALING | 202
K8S-02013 | prod-api | 3 | 89.8 | 8500 | RESOURCE_SATURATION_WARNING | TRIGGER_DYNAMIC_HORIZONTAL_POD_AUTOSCALING | 202
K8S-02014 | auth-service | 2 | 15.2 | 350 | CLUSTER_HEALTH_NOMINAL | RETAIN_CURRENT_POD_REPLICA_COUNT | 200
K8S-02015 | auth-service | 2 | 15.2 | 350 | CLUSTER_HEALTH_NOMINAL | RETAIN_CURRENT_POD_REPLICA_COUNT | 200
K8S-02016 | data-pipeline | 5 | 94.1 | 12000 | RESOURCE_SATURATION_WARNING | TRIGGER_DYNAMIC_HORIZONTAL_POD_AUTOSCALING | 202
K8S-02017 | auth-service | 2 | 15.2 | 350 | CLUSTER_HEALTH_NOMINAL | RETAIN_CURRENT_POD_REPLICA_COUNT | 200
K8S-02018 | data-pipeline | 5 | 94.1 | 12000 | RESOURCE_SATURATION_WARNING | TRIGGER_DYNAMIC_HORIZONTAL_POD_AUTOSCALING | 202
K8S-02019 | auth-service | 2 | 15.2 | 350 | CLUSTER_HEALTH_NOMINAL | RETAIN_CURRENT_POD_REPLICA_COUNT | 200
K8S-02020 | prod-api | 3 | 89.8 | 8500 | RESOURCE_SATURATION_WARNING | TRIGGER_DYNAMIC_HORIZONTAL_POD_AUTOSCALING | 202
K8S-02021 | data-pipeline | 5 | 94.1 | 12000 | RESOURCE_SATURATION_WARNING | TRIGGER_DYNAMIC_HORIZONTAL_POD_AUTOSCALING | 202
K8S-02022 | prod-api | 3 | 42.5 | 1200 | CLUSTER_HEALTH_NOMINAL | RETAIN_CURRENT_POD_REPLICA_COUNT | 200
K8S-02023 | auth-service | 2 | 15.2 | 350 | CLUSTER_HEALTH_NOMINAL | RETAIN_CURRENT_POD_REPLICA_COUNT | 200
K8S-02024 | data-pipeline | 5 | 94.1 | 12000 | RESOURCE_SATURATION_WARNING | TRIGGER_DYNAMIC_HORIZONTAL_POD_AUTOSCALING | 202
K8S-02025 | prod-api | 3 | 42.5 | 1200 | CLUSTER_HEALTH_NOMINAL | RETAIN_CURRENT_POD_REPLICA_COUNT | 200
K8S-02026 | auth-service | 2 | 15.2 | 350 | CLUSTER_HEALTH_NOMINAL | RETAIN_CURRENT_POD_REPLICA_COUNT | 200
K8S-02027 | auth-service | 2 | 15.2 | 350 | CLUSTER_HEALTH_NOMINAL | RETAIN_CURRENT_POD_REPLICA_COUNT | 200
K8S-02028 | auth-service | 2 | 15.2 | 350 | CLUSTER_HEALTH_NOMINAL | RETAIN_CURRENT_POD_REPLICA_COUNT | 200
K8S-02029 | auth-service | 2 | 15.2 | 350 | CLUSTER_HEALTH_NOMINAL | RETAIN_CURRENT_POD_REPLICA_COUNT | 200
K8S-02030 | auth-service | 2 | 15.2 | 350 | CLUSTER_HEALTH_NOMINAL | RETAIN_CURRENT_POD_REPLICA_COUNT | 200
K8S-02031 | prod-api | 3 | 42.5 | 1200 | CLUSTER_HEALTH_NOMINAL | RETAIN_CURRENT_POD_REPLICA_COUNT | 200
K8S-02032 | prod-api | 3 | 42.5 | 1200 | CLUSTER_HEALTH_NOMINAL | RETAIN_CURRENT_POD_REPLICA_COUNT | 200
K8S-02033 | data-pipeline | 5 | 94.1 | 12000 | RESOURCE_SATURATION_WARNING | TRIGGER_DYNAMIC_HORIZONTAL_POD_AUTOSCALING | 202
K8S-02034 | auth-service | 2 | 15.2 | 350 | CLUSTER_HEALTH_NOMINAL | RETAIN_CURRENT_POD_REPLICA_COUNT | 200
K8S-02035 | auth-service | 2 | 15.2 | 350 | CLUSTER_HEALTH_NOMINAL | RETAIN_CURRENT_POD_REPLICA_COUNT | 200
K8S-02036 | auth-service | 2 | 15.2 | 350 | CLUSTER_HEALTH_NOMINAL | RETAIN_CURRENT_POD_REPLICA_COUNT | 200
K8S-02037 | data-pipeline | 5 | 94.1 | 12000 | RESOURCE_SATURATION_WARNING | TRIGGER_DYNAMIC_HORIZONTAL_POD_AUTOSCALING | 202
K8S-02038 | prod-api | 3 | 42.5 | 1200 | CLUSTER_HEALTH_NOMINAL | RETAIN_CURRENT_POD_REPLICA_COUNT | 200
K8S-02039 | prod-api | 3 | 42.5 | 1200 | CLUSTER_HEALTH_NOMINAL | RETAIN_CURRENT_POD_REPLICA_COUNT | 200
K8S-02040 | prod-api | 3 | 89.8 | 8500 | RESOURCE_SATURATION_WARNING | TRIGGER_DYNAMIC_HORIZONTAL_POD_AUTOSCALING | 202
K8S-02041 | prod-api | 3 | 89.8 | 8500 | RESOURCE_SATURATION_WARNING | TRIGGER_DYNAMIC_HORIZONTAL_POD_AUTOSCALING | 202
K8S-02042 | prod-api | 3 | 89.8 | 8500 | RESOURCE_SATURATION_WARNING | TRIGGER_DYNAMIC_HORIZONTAL_POD_AUTOSCALING | 202
K8S-02043 | data-pipeline | 5 | 94.1 | 12000 | RESOURCE_SATURATION_WARNING | TRIGGER_DYNAMIC_HORIZONTAL_POD_AUTOSCALING | 202
K8S-02044 | prod-api | 3 | 42.5 | 1200 | CLUSTER_HEALTH_NOMINAL | RETAIN_CURRENT_POD_REPLICA_COUNT | 200
K8S-02045 | prod-api | 3 | 89.8 | 8500 | RESOURCE_SATURATION_WARNING | TRIGGER_DYNAMIC_HORIZONTAL_POD_AUTOSCALING | 202
K8S-02046 | auth-service | 2 | 15.2 | 350 | CLUSTER_HEALTH_NOMINAL | RETAIN_CURRENT_POD_REPLICA_COUNT | 200
K8S-02047 | prod-api | 3 | 89.8 | 8500 | RESOURCE_SATURATION_WARNING | TRIGGER_DYNAMIC_HORIZONTAL_POD_AUTOSCALING | 202
K8S-02048 | prod-api | 3 | 42.5 | 1200 | CLUSTER_HEALTH_NOMINAL | RETAIN_CURRENT_POD_REPLICA_COUNT | 200
K8S-02049 | prod-api | 3 | 42.5 | 1200 | CLUSTER_HEALTH_NOMINAL | RETAIN_CURRENT_POD_REPLICA_COUNT | 200
K8S-02050 | prod-api | 3 | 42.5 | 1200 | CLUSTER_HEALTH_NOMINAL | RETAIN_CURRENT_POD_REPLICA_COUNT | 200
K8S-02051 | prod-api | 3 | 89.8 | 8500 | RESOURCE_SATURATION_WARNING | TRIGGER_DYNAMIC_HORIZONTAL_POD_AUTOSCALING | 202
K8S-02052 | auth-service | 2 | 15.2 | 350 | CLUSTER_HEALTH_NOMINAL | RETAIN_CURRENT_POD_REPLICA_COUNT | 200
K8S-02053 | auth-service | 2 | 15.2 | 350 | CLUSTER_HEALTH_NOMINAL | RETAIN_CURRENT_POD_REPLICA_COUNT | 200
K8S-02054 | prod-api | 3 | 42.5 | 1200 | CLUSTER_HEALTH_NOMINAL | RETAIN_CURRENT_POD_REPLICA_COUNT | 200
K8S-02055 | prod-api | 3 | 89.8 | 8500 | RESOURCE_SATURATION_WARNING | TRIGGER_DYNAMIC_HORIZONTAL_POD_AUTOSCALING | 202
K8S-02056 | data-pipeline | 5 | 94.1 | 12000 | RESOURCE_SATURATION_WARNING | TRIGGER_DYNAMIC_HORIZONTAL_POD_AUTOSCALING | 202
K8S-02057 | auth-service | 2 | 15.2 | 350 | CLUSTER_HEALTH_NOMINAL | RETAIN_CURRENT_POD_REPLICA_COUNT | 200
K8S-02058 | prod-api | 3 | 42.5 | 1200 | CLUSTER_HEALTH_NOMINAL | RETAIN_CURRENT_POD_REPLICA_COUNT | 200
K8S-02059 | auth-service | 2 | 15.2 | 350 | CLUSTER_HEALTH_NOMINAL | RETAIN_CURRENT_POD_REPLICA_COUNT | 200
K8S-02060 | data-pipeline | 5 | 94.1 | 12000 | RESOURCE_SATURATION_WARNING | TRIGGER_DYNAMIC_HORIZONTAL_POD_AUTOSCALING | 202
K8S-02061 | data-pipeline | 5 | 94.1 | 12000 | RESOURCE_SATURATION_WARNING | TRIGGER_DYNAMIC_HORIZONTAL_POD_AUTOSCALING | 202
K8S-02062 | auth-service | 2 | 15.2 | 350 | CLUSTER_HEALTH_NOMINAL | RETAIN_CURRENT_POD_REPLICA_COUNT | 200
K8S-02063 | auth-service | 2 | 15.2 | 350 | CLUSTER_HEALTH_NOMINAL | RETAIN_CURRENT_POD_REPLICA_COUNT | 200
K8S-02064 | prod-api | 3 | 42.5 | 1200 | CLUSTER_HEALTH_NOMINAL | RETAIN_CURRENT_POD_REPLICA_COUNT | 200
K8S-02065 | auth-service | 2 | 15.2 | 350 | CLUSTER_HEALTH_NOMINAL | RETAIN_CURRENT_POD_REPLICA_COUNT | 200
K8S-02066 | data-pipeline | 5 | 94.1 | 12000 | RESOURCE_SATURATION_WARNING | TRIGGER_DYNAMIC_HORIZONTAL_POD_AUTOSCALING | 202
K8S-02067 | auth-service | 2 | 15.2 | 350 | CLUSTER_HEALTH_NOMINAL | RETAIN_CURRENT_POD_REPLICA_COUNT | 200
K8S-02068 | prod-api | 3 | 89.8 | 8500 | RESOURCE_SATURATION_WARNING | TRIGGER_DYNAMIC_HORIZONTAL_POD_AUTOSCALING | 202
K8S-02069 | data-pipeline | 5 | 94.1 | 12000 | RESOURCE_SATURATION_WARNING | TRIGGER_DYNAMIC_HORIZONTAL_POD_AUTOSCALING | 202
K8S-02070 | auth-service | 2 | 15.2 | 350 | CLUSTER_HEALTH_NOMINAL | RETAIN_CURRENT_POD_REPLICA_COUNT | 200
K8S-02071 | prod-api | 3 | 42.5 | 1200 | CLUSTER_HEALTH_NOMINAL | RETAIN_CURRENT_POD_REPLICA_COUNT | 200
K8S-02072 | auth-service | 2 | 15.2 | 350 | CLUSTER_HEALTH_NOMINAL | RETAIN_CURRENT_POD_REPLICA_COUNT | 200
K8S-02073 | prod-api | 3 | 42.5 | 1200 | CLUSTER_HEALTH_NOMINAL | RETAIN_CURRENT_POD_REPLICA_COUNT | 200
K8S-02074 | auth-service | 2 | 15.2 | 350 | CLUSTER_HEALTH_NOMINAL | RETAIN_CURRENT_POD_REPLICA_COUNT | 200
K8S-02075 | prod-api | 3 | 89.8 | 8500 | RESOURCE_SATURATION_WARNING | TRIGGER_DYNAMIC_HORIZONTAL_POD_AUTOSCALING | 202
K8S-02076 | prod-api | 3 | 89.8 | 8500 | RESOURCE_SATURATION_WARNING | TRIGGER_DYNAMIC_HORIZONTAL_POD_AUTOSCALING | 202
K8S-02077 | data-pipeline | 5 | 94.1 | 12000 | RESOURCE_SATURATION_WARNING | TRIGGER_DYNAMIC_HORIZONTAL_POD_AUTOSCALING | 202
K8S-02078 | auth-service | 2 | 15.2 | 350 | CLUSTER_HEALTH_NOMINAL | RETAIN_CURRENT_POD_REPLICA_COUNT | 200
K8S-02079 | prod-api | 3 | 89.8 | 8500 | RESOURCE_SATURATION_WARNING | TRIGGER_DYNAMIC_HORIZONTAL_POD_AUTOSCALING | 202
K8S-02080 | prod-api | 3 | 42.5 | 1200 | CLUSTER_HEALTH_NOMINAL | RETAIN_CURRENT_POD_REPLICA_COUNT | 200
K8S-02081 | auth-service | 2 | 15.2 | 350 | CLUSTER_HEALTH_NOMINAL | RETAIN_CURRENT_POD_REPLICA_COUNT | 200
K8S-02082 | prod-api | 3 | 42.5 | 1200 | CLUSTER_HEALTH_NOMINAL | RETAIN_CURRENT_POD_REPLICA_COUNT | 200
K8S-02083 | data-pipeline | 5 | 94.1 | 12000 | RESOURCE_SATURATION_WARNING | TRIGGER_DYNAMIC_HORIZONTAL_POD_AUTOSCALING | 202
K8S-02084 | data-pipeline | 5 | 94.1 | 12000 | RESOURCE_SATURATION_WARNING | TRIGGER_DYNAMIC_HORIZONTAL_POD_AUTOSCALING | 202
K8S-02085 | prod-api | 3 | 89.8 | 8500 | RESOURCE_SATURATION_WARNING | TRIGGER_DYNAMIC_HORIZONTAL_POD_AUTOSCALING | 202
K8S-02086 | data-pipeline | 5 | 94.1 | 12000 | RESOURCE_SATURATION_WARNING | TRIGGER_DYNAMIC_HORIZONTAL_POD_AUTOSCALING | 202
K8S-02087 | auth-service | 2 | 15.2 | 350 | CLUSTER_HEALTH_NOMINAL | RETAIN_CURRENT_POD_REPLICA_COUNT | 200
K8S-02088 | prod-api | 3 | 42.5 | 1200 | CLUSTER_HEALTH_NOMINAL | RETAIN_CURRENT_POD_REPLICA_COUNT | 200
K8S-02089 | auth-service | 2 | 15.2 | 350 | CLUSTER_HEALTH_NOMINAL | RETAIN_CURRENT_POD_REPLICA_COUNT | 200
K8S-02090 | data-pipeline | 5 | 94.1 | 12000 | RESOURCE_SATURATION_WARNING | TRIGGER_DYNAMIC_HORIZONTAL_POD_AUTOSCALING | 202
K8S-02091 | prod-api | 3 | 42.5 | 1200 | CLUSTER_HEALTH_NOMINAL | RETAIN_CURRENT_POD_REPLICA_COUNT | 200
K8S-02092 | prod-api | 3 | 89.8 | 8500 | RESOURCE_SATURATION_WARNING | TRIGGER_DYNAMIC_HORIZONTAL_POD_AUTOSCALING | 202
K8S-02093 | auth-service | 2 | 15.2 | 350 | CLUSTER_HEALTH_NOMINAL | RETAIN_CURRENT_POD_REPLICA_COUNT | 200
K8S-02094 | prod-api | 3 | 89.8 | 8500 | RESOURCE_SATURATION_WARNING | TRIGGER_DYNAMIC_HORIZONTAL_POD_AUTOSCALING | 202
K8S-02095 | data-pipeline | 5 | 94.1 | 12000 | RESOURCE_SATURATION_WARNING | TRIGGER_DYNAMIC_HORIZONTAL_POD_AUTOSCALING | 202
K8S-02096 | prod-api | 3 | 89.8 | 8500 | RESOURCE_SATURATION_WARNING | TRIGGER_DYNAMIC_HORIZONTAL_POD_AUTOSCALING | 202
K8S-02097 | data-pipeline | 5 | 94.1 | 12000 | RESOURCE_SATURATION_WARNING | TRIGGER_DYNAMIC_HORIZONTAL_POD_AUTOSCALING | 202
K8S-02098 | auth-service | 2 | 15.2 | 350 | CLUSTER_HEALTH_NOMINAL | RETAIN_CURRENT_POD_REPLICA_COUNT | 200
K8S-02099 | prod-api | 3 | 89.8 | 8500 | RESOURCE_SATURATION_WARNING | TRIGGER_DYNAMIC_HORIZONTAL_POD_AUTOSCALING | 202
K8S-02100 | prod-api | 3 | 89.8 | 8500 | RESOURCE_SATURATION_WARNING | TRIGGER_DYNAMIC_HORIZONTAL_POD_AUTOSCALING | 202
K8S-02101 | data-pipeline | 5 | 94.1 | 12000 | RESOURCE_SATURATION_WARNING | TRIGGER_DYNAMIC_HORIZONTAL_POD_AUTOSCALING | 202
K8S-02102 | prod-api | 3 | 42.5 | 1200 | CLUSTER_HEALTH_NOMINAL | RETAIN_CURRENT_POD_REPLICA_COUNT | 200
K8S-02103 | prod-api | 3 | 89.8 | 8500 | RESOURCE_SATURATION_WARNING | TRIGGER_DYNAMIC_HORIZONTAL_POD_AUTOSCALING | 202
K8S-02104 | auth-service | 2 | 15.2 | 350 | CLUSTER_HEALTH_NOMINAL | RETAIN_CURRENT_POD_REPLICA_COUNT | 200
K8S-02105 | prod-api | 3 | 89.8 | 8500 | RESOURCE_SATURATION_WARNING | TRIGGER_DYNAMIC_HORIZONTAL_POD_AUTOSCALING | 202
K8S-02106 | prod-api | 3 | 89.8 | 8500 | RESOURCE_SATURATION_WARNING | TRIGGER_DYNAMIC_HORIZONTAL_POD_AUTOSCALING | 202
K8S-02107 | prod-api | 3 | 89.8 | 8500 | RESOURCE_SATURATION_WARNING | TRIGGER_DYNAMIC_HORIZONTAL_POD_AUTOSCALING | 202
K8S-02108 | prod-api | 3 | 42.5 | 1200 | CLUSTER_HEALTH_NOMINAL | RETAIN_CURRENT_POD_REPLICA_COUNT | 200
K8S-02109 | auth-service | 2 | 15.2 | 350 | CLUSTER_HEALTH_NOMINAL | RETAIN_CURRENT_POD_REPLICA_COUNT | 200
K8S-02110 | data-pipeline | 5 | 94.1 | 12000 | RESOURCE_SATURATION_WARNING | TRIGGER_DYNAMIC_HORIZONTAL_POD_AUTOSCALING | 202
K8S-02111 | prod-api | 3 | 42.5 | 1200 | CLUSTER_HEALTH_NOMINAL | RETAIN_CURRENT_POD_REPLICA_COUNT | 200
K8S-02112 | auth-service | 2 | 15.2 | 350 | CLUSTER_HEALTH_NOMINAL | RETAIN_CURRENT_POD_REPLICA_COUNT | 200
K8S-02113 | prod-api | 3 | 89.8 | 8500 | RESOURCE_SATURATION_WARNING | TRIGGER_DYNAMIC_HORIZONTAL_POD_AUTOSCALING | 202
K8S-02114 | prod-api | 3 | 42.5 | 1200 | CLUSTER_HEALTH_NOMINAL | RETAIN_CURRENT_POD_REPLICA_COUNT | 200
K8S-02115 | data-pipeline | 5 | 94.1 | 12000 | RESOURCE_SATURATION_WARNING | TRIGGER_DYNAMIC_HORIZONTAL_POD_AUTOSCALING | 202
K8S-02116 | data-pipeline | 5 | 94.1 | 12000 | RESOURCE_SATURATION_WARNING | TRIGGER_DYNAMIC_HORIZONTAL_POD_AUTOSCALING | 202
K8S-02117 | prod-api | 3 | 42.5 | 1200 | CLUSTER_HEALTH_NOMINAL | RETAIN_CURRENT_POD_REPLICA_COUNT | 200
K8S-02118 | prod-api | 3 | 42.5 | 1200 | CLUSTER_HEALTH_NOMINAL | RETAIN_CURRENT_POD_REPLICA_COUNT | 200
K8S-02119 | prod-api | 3 | 42.5 | 1200 | CLUSTER_HEALTH_NOMINAL | RETAIN_CURRENT_POD_REPLICA_COUNT | 200
K8S-02120 | auth-service | 2 | 15.2 | 350 | CLUSTER_HEALTH_NOMINAL | RETAIN_CURRENT_POD_REPLICA_COUNT | 200
K8S-02121 | prod-api | 3 | 42.5 | 1200 | CLUSTER_HEALTH_NOMINAL | RETAIN_CURRENT_POD_REPLICA_COUNT | 200
K8S-02122 | prod-api | 3 | 42.5 | 1200 | CLUSTER_HEALTH_NOMINAL | RETAIN_CURRENT_POD_REPLICA_COUNT | 200
K8S-02123 | prod-api | 3 | 42.5 | 1200 | CLUSTER_HEALTH_NOMINAL | RETAIN_CURRENT_POD_REPLICA_COUNT | 200
K8S-02124 | prod-api | 3 | 89.8 | 8500 | RESOURCE_SATURATION_WARNING | TRIGGER_DYNAMIC_HORIZONTAL_POD_AUTOSCALING | 202
K8S-02125 | prod-api | 3 | 89.8 | 8500 | RESOURCE_SATURATION_WARNING | TRIGGER_DYNAMIC_HORIZONTAL_POD_AUTOSCALING | 202
K8S-02126 | prod-api | 3 | 42.5 | 1200 | CLUSTER_HEALTH_NOMINAL | RETAIN_CURRENT_POD_REPLICA_COUNT | 200
K8S-02127 | data-pipeline | 5 | 94.1 | 12000 | RESOURCE_SATURATION_WARNING | TRIGGER_DYNAMIC_HORIZONTAL_POD_AUTOSCALING | 202
K8S-02128 | data-pipeline | 5 | 94.1 | 12000 | RESOURCE_SATURATION_WARNING | TRIGGER_DYNAMIC_HORIZONTAL_POD_AUTOSCALING | 202
K8S-02129 | data-pipeline | 5 | 94.1 | 12000 | RESOURCE_SATURATION_WARNING | TRIGGER_DYNAMIC_HORIZONTAL_POD_AUTOSCALING | 202
K8S-02130 | prod-api | 3 | 42.5 | 1200 | CLUSTER_HEALTH_NOMINAL | RETAIN_CURRENT_POD_REPLICA_COUNT | 200
K8S-02131 | data-pipeline | 5 | 94.1 | 12000 | RESOURCE_SATURATION_WARNING | TRIGGER_DYNAMIC_HORIZONTAL_POD_AUTOSCALING | 202
K8S-02132 | data-pipeline | 5 | 94.1 | 12000 | RESOURCE_SATURATION_WARNING | TRIGGER_DYNAMIC_HORIZONTAL_POD_AUTOSCALING | 202
K8S-02133 | prod-api | 3 | 42.5 | 1200 | CLUSTER_HEALTH_NOMINAL | RETAIN_CURRENT_POD_REPLICA_COUNT | 200
K8S-02134 | auth-service | 2 | 15.2 | 350 | CLUSTER_HEALTH_NOMINAL | RETAIN_CURRENT_POD_REPLICA_COUNT | 200
K8S-02135 | data-pipeline | 5 | 94.1 | 12000 | RESOURCE_SATURATION_WARNING | TRIGGER_DYNAMIC_HORIZONTAL_POD_AUTOSCALING | 202
K8S-02136 | prod-api | 3 | 42.5 | 1200 | CLUSTER_HEALTH_NOMINAL | RETAIN_CURRENT_POD_REPLICA_COUNT | 200
K8S-02137 | data-pipeline | 5 | 94.1 | 12000 | RESOURCE_SATURATION_WARNING | TRIGGER_DYNAMIC_HORIZONTAL_POD_AUTOSCALING | 202
K8S-02138 | prod-api | 3 | 89.8 | 8500 | RESOURCE_SATURATION_WARNING | TRIGGER_DYNAMIC_HORIZONTAL_POD_AUTOSCALING | 202
K8S-02139 | auth-service | 2 | 15.2 | 350 | CLUSTER_HEALTH_NOMINAL | RETAIN_CURRENT_POD_REPLICA_COUNT | 200
K8S-02140 | prod-api | 3 | 89.8 | 8500 | RESOURCE_SATURATION_WARNING | TRIGGER_DYNAMIC_HORIZONTAL_POD_AUTOSCALING | 202
K8S-02141 | prod-api | 3 | 42.5 | 1200 | CLUSTER_HEALTH_NOMINAL | RETAIN_CURRENT_POD_REPLICA_COUNT | 200
K8S-02142 | data-pipeline | 5 | 94.1 | 12000 | RESOURCE_SATURATION_WARNING | TRIGGER_DYNAMIC_HORIZONTAL_POD_AUTOSCALING | 202
K8S-02143 | prod-api | 3 | 89.8 | 8500 | RESOURCE_SATURATION_WARNING | TRIGGER_DYNAMIC_HORIZONTAL_POD_AUTOSCALING | 202
K8S-02144 | prod-api | 3 | 42.5 | 1200 | CLUSTER_HEALTH_NOMINAL | RETAIN_CURRENT_POD_REPLICA_COUNT | 200
K8S-02145 | data-pipeline | 5 | 94.1 | 12000 | RESOURCE_SATURATION_WARNING | TRIGGER_DYNAMIC_HORIZONTAL_POD_AUTOSCALING | 202
K8S-02146 | data-pipeline | 5 | 94.1 | 12000 | RESOURCE_SATURATION_WARNING | TRIGGER_DYNAMIC_HORIZONTAL_POD_AUTOSCALING | 202
K8S-02147 | prod-api | 3 | 42.5 | 1200 | CLUSTER_HEALTH_NOMINAL | RETAIN_CURRENT_POD_REPLICA_COUNT | 200
K8S-02148 | prod-api | 3 | 42.5 | 1200 | CLUSTER_HEALTH_NOMINAL | RETAIN_CURRENT_POD_REPLICA_COUNT | 200
K8S-02149 | prod-api | 3 | 42.5 | 1200 | CLUSTER_HEALTH_NOMINAL | RETAIN_CURRENT_POD_REPLICA_COUNT | 200
K8S-02150 | data-pipeline | 5 | 94.1 | 12000 | RESOURCE_SATURATION_WARNING | TRIGGER_DYNAMIC_HORIZONTAL_POD_AUTOSCALING | 202
K8S-02151 | prod-api | 3 | 89.8 | 8500 | RESOURCE_SATURATION_WARNING | TRIGGER_DYNAMIC_HORIZONTAL_POD_AUTOSCALING | 202
K8S-02152 | auth-service | 2 | 15.2 | 350 | CLUSTER_HEALTH_NOMINAL | RETAIN_CURRENT_POD_REPLICA_COUNT | 200
K8S-02153 | prod-api | 3 | 89.8 | 8500 | RESOURCE_SATURATION_WARNING | TRIGGER_DYNAMIC_HORIZONTAL_POD_AUTOSCALING | 202
K8S-02154 | data-pipeline | 5 | 94.1 | 12000 | RESOURCE_SATURATION_WARNING | TRIGGER_DYNAMIC_HORIZONTAL_POD_AUTOSCALING | 202
K8S-02155 | prod-api | 3 | 89.8 | 8500 | RESOURCE_SATURATION_WARNING | TRIGGER_DYNAMIC_HORIZONTAL_POD_AUTOSCALING | 202
K8S-02156 | prod-api | 3 | 42.5 | 1200 | CLUSTER_HEALTH_NOMINAL | RETAIN_CURRENT_POD_REPLICA_COUNT | 200
K8S-02157 | data-pipeline | 5 | 94.1 | 12000 | RESOURCE_SATURATION_WARNING | TRIGGER_DYNAMIC_HORIZONTAL_POD_AUTOSCALING | 202
K8S-02158 | auth-service | 2 | 15.2 | 350 | CLUSTER_HEALTH_NOMINAL | RETAIN_CURRENT_POD_REPLICA_COUNT | 200
K8S-02159 | data-pipeline | 5 | 94.1 | 12000 | RESOURCE_SATURATION_WARNING | TRIGGER_DYNAMIC_HORIZONTAL_POD_AUTOSCALING | 202
K8S-02160 | prod-api | 3 | 42.5 | 1200 | CLUSTER_HEALTH_NOMINAL | RETAIN_CURRENT_POD_REPLICA_COUNT | 200
K8S-02161 | prod-api | 3 | 89.8 | 8500 | RESOURCE_SATURATION_WARNING | TRIGGER_DYNAMIC_HORIZONTAL_POD_AUTOSCALING | 202
K8S-02162 | prod-api | 3 | 42.5 | 1200 | CLUSTER_HEALTH_NOMINAL | RETAIN_CURRENT_POD_REPLICA_COUNT | 200
K8S-02163 | prod-api | 3 | 89.8 | 8500 | RESOURCE_SATURATION_WARNING | TRIGGER_DYNAMIC_HORIZONTAL_POD_AUTOSCALING | 202
K8S-02164 | data-pipeline | 5 | 94.1 | 12000 | RESOURCE_SATURATION_WARNING | TRIGGER_DYNAMIC_HORIZONTAL_POD_AUTOSCALING | 202
K8S-02165 | prod-api | 3 | 42.5 | 1200 | CLUSTER_HEALTH_NOMINAL | RETAIN_CURRENT_POD_REPLICA_COUNT | 200
K8S-02166 | prod-api | 3 | 89.8 | 8500 | RESOURCE_SATURATION_WARNING | TRIGGER_DYNAMIC_HORIZONTAL_POD_AUTOSCALING | 202
K8S-02167 | prod-api | 3 | 89.8 | 8500 | RESOURCE_SATURATION_WARNING | TRIGGER_DYNAMIC_HORIZONTAL_POD_AUTOSCALING | 202
K8S-02168 | auth-service | 2 | 15.2 | 350 | CLUSTER_HEALTH_NOMINAL | RETAIN_CURRENT_POD_REPLICA_COUNT | 200
K8S-02169 | prod-api | 3 | 89.8 | 8500 | RESOURCE_SATURATION_WARNING | TRIGGER_DYNAMIC_HORIZONTAL_POD_AUTOSCALING | 202
K8S-02170 | data-pipeline | 5 | 94.1 | 12000 | RESOURCE_SATURATION_WARNING | TRIGGER_DYNAMIC_HORIZONTAL_POD_AUTOSCALING | 202
K8S-02171 | auth-service | 2 | 15.2 | 350 | CLUSTER_HEALTH_NOMINAL | RETAIN_CURRENT_POD_REPLICA_COUNT | 200
K8S-02172 | data-pipeline | 5 | 94.1 | 12000 | RESOURCE_SATURATION_WARNING | TRIGGER_DYNAMIC_HORIZONTAL_POD_AUTOSCALING | 202
K8S-02173 | data-pipeline | 5 | 94.1 | 12000 | RESOURCE_SATURATION_WARNING | TRIGGER_DYNAMIC_HORIZONTAL_POD_AUTOSCALING | 202
K8S-02174 | auth-service | 2 | 15.2 | 350 | CLUSTER_HEALTH_NOMINAL | RETAIN_CURRENT_POD_REPLICA_COUNT | 200
K8S-02175 | data-pipeline | 5 | 94.1 | 12000 | RESOURCE_SATURATION_WARNING | TRIGGER_DYNAMIC_HORIZONTAL_POD_AUTOSCALING | 202
K8S-02176 | data-pipeline | 5 | 94.1 | 12000 | RESOURCE_SATURATION_WARNING | TRIGGER_DYNAMIC_HORIZONTAL_POD_AUTOSCALING | 202
K8S-02177 | prod-api | 3 | 42.5 | 1200 | CLUSTER_HEALTH_NOMINAL | RETAIN_CURRENT_POD_REPLICA_COUNT | 200
K8S-02178 | data-pipeline | 5 | 94.1 | 12000 | RESOURCE_SATURATION_WARNING | TRIGGER_DYNAMIC_HORIZONTAL_POD_AUTOSCALING | 202
K8S-02179 | prod-api | 3 | 42.5 | 1200 | CLUSTER_HEALTH_NOMINAL | RETAIN_CURRENT_POD_REPLICA_COUNT | 200
K8S-02180 | data-pipeline | 5 | 94.1 | 12000 | RESOURCE_SATURATION_WARNING | TRIGGER_DYNAMIC_HORIZONTAL_POD_AUTOSCALING | 202
K8S-02181 | prod-api | 3 | 89.8 | 8500 | RESOURCE_SATURATION_WARNING | TRIGGER_DYNAMIC_HORIZONTAL_POD_AUTOSCALING | 202
K8S-02182 | auth-service | 2 | 15.2 | 350 | CLUSTER_HEALTH_NOMINAL | RETAIN_CURRENT_POD_REPLICA_COUNT | 200
K8S-02183 | prod-api | 3 | 42.5 | 1200 | CLUSTER_HEALTH_NOMINAL | RETAIN_CURRENT_POD_REPLICA_COUNT | 200
K8S-02184 | prod-api | 3 | 89.8 | 8500 | RESOURCE_SATURATION_WARNING | TRIGGER_DYNAMIC_HORIZONTAL_POD_AUTOSCALING | 202
K8S-02185 | auth-service | 2 | 15.2 | 350 | CLUSTER_HEALTH_NOMINAL | RETAIN_CURRENT_POD_REPLICA_COUNT | 200
K8S-02186 | data-pipeline | 5 | 94.1 | 12000 | RESOURCE_SATURATION_WARNING | TRIGGER_DYNAMIC_HORIZONTAL_POD_AUTOSCALING | 202
K8S-02187 | data-pipeline | 5 | 94.1 | 12000 | RESOURCE_SATURATION_WARNING | TRIGGER_DYNAMIC_HORIZONTAL_POD_AUTOSCALING | 202
K8S-02188 | prod-api | 3 | 42.5 | 1200 | CLUSTER_HEALTH_NOMINAL | RETAIN_CURRENT_POD_REPLICA_COUNT | 200
K8S-02189 | data-pipeline | 5 | 94.1 | 12000 | RESOURCE_SATURATION_WARNING | TRIGGER_DYNAMIC_HORIZONTAL_POD_AUTOSCALING | 202
K8S-02190 | data-pipeline | 5 | 94.1 | 12000 | RESOURCE_SATURATION_WARNING | TRIGGER_DYNAMIC_HORIZONTAL_POD_AUTOSCALING | 202
K8S-02191 | prod-api | 3 | 89.8 | 8500 | RESOURCE_SATURATION_WARNING | TRIGGER_DYNAMIC_HORIZONTAL_POD_AUTOSCALING | 202
K8S-02192 | auth-service | 2 | 15.2 | 350 | CLUSTER_HEALTH_NOMINAL | RETAIN_CURRENT_POD_REPLICA_COUNT | 200
K8S-02193 | prod-api | 3 | 42.5 | 1200 | CLUSTER_HEALTH_NOMINAL | RETAIN_CURRENT_POD_REPLICA_COUNT | 200
K8S-02194 | prod-api | 3 | 89.8 | 8500 | RESOURCE_SATURATION_WARNING | TRIGGER_DYNAMIC_HORIZONTAL_POD_AUTOSCALING | 202
K8S-02195 | auth-service | 2 | 15.2 | 350 | CLUSTER_HEALTH_NOMINAL | RETAIN_CURRENT_POD_REPLICA_COUNT | 200
K8S-02196 | data-pipeline | 5 | 94.1 | 12000 | RESOURCE_SATURATION_WARNING | TRIGGER_DYNAMIC_HORIZONTAL_POD_AUTOSCALING | 202
K8S-02197 | prod-api | 3 | 42.5 | 1200 | CLUSTER_HEALTH_NOMINAL | RETAIN_CURRENT_POD_REPLICA_COUNT | 200
K8S-02198 | auth-service | 2 | 15.2 | 350 | CLUSTER_HEALTH_NOMINAL | RETAIN_CURRENT_POD_REPLICA_COUNT | 200
K8S-02199 | prod-api | 3 | 89.8 | 8500 | RESOURCE_SATURATION_WARNING | TRIGGER_DYNAMIC_HORIZONTAL_POD_AUTOSCALING | 202
K8S-02200 | data-pipeline | 5 | 94.1 | 12000 | RESOURCE_SATURATION_WARNING | TRIGGER_DYNAMIC_HORIZONTAL_POD_AUTOSCALING | 202
K8S-02201 | data-pipeline | 5 | 94.1 | 12000 | RESOURCE_SATURATION_WARNING | TRIGGER_DYNAMIC_HORIZONTAL_POD_AUTOSCALING | 202
K8S-02202 | prod-api | 3 | 42.5 | 1200 | CLUSTER_HEALTH_NOMINAL | RETAIN_CURRENT_POD_REPLICA_COUNT | 200
K8S-02203 | prod-api | 3 | 42.5 | 1200 | CLUSTER_HEALTH_NOMINAL | RETAIN_CURRENT_POD_REPLICA_COUNT | 200
K8S-02204 | prod-api | 3 | 89.8 | 8500 | RESOURCE_SATURATION_WARNING | TRIGGER_DYNAMIC_HORIZONTAL_POD_AUTOSCALING | 202
K8S-02205 | prod-api | 3 | 42.5 | 1200 | CLUSTER_HEALTH_NOMINAL | RETAIN_CURRENT_POD_REPLICA_COUNT | 200
K8S-02206 | prod-api | 3 | 89.8 | 8500 | RESOURCE_SATURATION_WARNING | TRIGGER_DYNAMIC_HORIZONTAL_POD_AUTOSCALING | 202
K8S-02207 | prod-api | 3 | 42.5 | 1200 | CLUSTER_HEALTH_NOMINAL | RETAIN_CURRENT_POD_REPLICA_COUNT | 200
K8S-02208 | auth-service | 2 | 15.2 | 350 | CLUSTER_HEALTH_NOMINAL | RETAIN_CURRENT_POD_REPLICA_COUNT | 200
K8S-02209 | prod-api | 3 | 42.5 | 1200 | CLUSTER_HEALTH_NOMINAL | RETAIN_CURRENT_POD_REPLICA_COUNT | 200
K8S-02210 | data-pipeline | 5 | 94.1 | 12000 | RESOURCE_SATURATION_WARNING | TRIGGER_DYNAMIC_HORIZONTAL_POD_AUTOSCALING | 202
K8S-02211 | prod-api | 3 | 89.8 | 8500 | RESOURCE_SATURATION_WARNING | TRIGGER_DYNAMIC_HORIZONTAL_POD_AUTOSCALING | 202
K8S-02212 | data-pipeline | 5 | 94.1 | 12000 | RESOURCE_SATURATION_WARNING | TRIGGER_DYNAMIC_HORIZONTAL_POD_AUTOSCALING | 202
K8S-02213 | auth-service | 2 | 15.2 | 350 | CLUSTER_HEALTH_NOMINAL | RETAIN_CURRENT_POD_REPLICA_COUNT | 200
K8S-02214 | prod-api | 3 | 89.8 | 8500 | RESOURCE_SATURATION_WARNING | TRIGGER_DYNAMIC_HORIZONTAL_POD_AUTOSCALING | 202
K8S-02215 | prod-api | 3 | 89.8 | 8500 | RESOURCE_SATURATION_WARNING | TRIGGER_DYNAMIC_HORIZONTAL_POD_AUTOSCALING | 202
K8S-02216 | prod-api | 3 | 42.5 | 1200 | CLUSTER_HEALTH_NOMINAL | RETAIN_CURRENT_POD_REPLICA_COUNT | 200
K8S-02217 | data-pipeline | 5 | 94.1 | 12000 | RESOURCE_SATURATION_WARNING | TRIGGER_DYNAMIC_HORIZONTAL_POD_AUTOSCALING | 202
K8S-02218 | prod-api | 3 | 42.5 | 1200 | CLUSTER_HEALTH_NOMINAL | RETAIN_CURRENT_POD_REPLICA_COUNT | 200
K8S-02219 | data-pipeline | 5 | 94.1 | 12000 | RESOURCE_SATURATION_WARNING | TRIGGER_DYNAMIC_HORIZONTAL_POD_AUTOSCALING | 202
K8S-02220 | data-pipeline | 5 | 94.1 | 12000 | RESOURCE_SATURATION_WARNING | TRIGGER_DYNAMIC_HORIZONTAL_POD_AUTOSCALING | 202
K8S-02221 | prod-api | 3 | 89.8 | 8500 | RESOURCE_SATURATION_WARNING | TRIGGER_DYNAMIC_HORIZONTAL_POD_AUTOSCALING | 202
K8S-02222 | prod-api | 3 | 89.8 | 8500 | RESOURCE_SATURATION_WARNING | TRIGGER_DYNAMIC_HORIZONTAL_POD_AUTOSCALING | 202
K8S-02223 | prod-api | 3 | 42.5 | 1200 | CLUSTER_HEALTH_NOMINAL | RETAIN_CURRENT_POD_REPLICA_COUNT | 200
K8S-02224 | prod-api | 3 | 42.5 | 1200 | CLUSTER_HEALTH_NOMINAL | RETAIN_CURRENT_POD_REPLICA_COUNT | 200
K8S-02225 | prod-api | 3 | 89.8 | 8500 | RESOURCE_SATURATION_WARNING | TRIGGER_DYNAMIC_HORIZONTAL_POD_AUTOSCALING | 202
K8S-02226 | prod-api | 3 | 42.5 | 1200 | CLUSTER_HEALTH_NOMINAL | RETAIN_CURRENT_POD_REPLICA_COUNT | 200
K8S-02227 | auth-service | 2 | 15.2 | 350 | CLUSTER_HEALTH_NOMINAL | RETAIN_CURRENT_POD_REPLICA_COUNT | 200
K8S-02228 | prod-api | 3 | 89.8 | 8500 | RESOURCE_SATURATION_WARNING | TRIGGER_DYNAMIC_HORIZONTAL_POD_AUTOSCALING | 202
K8S-02229 | prod-api | 3 | 89.8 | 8500 | RESOURCE_SATURATION_WARNING | TRIGGER_DYNAMIC_HORIZONTAL_POD_AUTOSCALING | 202
K8S-02230 | prod-api | 3 | 89.8 | 8500 | RESOURCE_SATURATION_WARNING | TRIGGER_DYNAMIC_HORIZONTAL_POD_AUTOSCALING | 202
K8S-02231 | prod-api | 3 | 89.8 | 8500 | RESOURCE_SATURATION_WARNING | TRIGGER_DYNAMIC_HORIZONTAL_POD_AUTOSCALING | 202
K8S-02232 | auth-service | 2 | 15.2 | 350 | CLUSTER_HEALTH_NOMINAL | RETAIN_CURRENT_POD_REPLICA_COUNT | 200
K8S-02233 | auth-service | 2 | 15.2 | 350 | CLUSTER_HEALTH_NOMINAL | RETAIN_CURRENT_POD_REPLICA_COUNT | 200
K8S-02234 | prod-api | 3 | 42.5 | 1200 | CLUSTER_HEALTH_NOMINAL | RETAIN_CURRENT_POD_REPLICA_COUNT | 200
K8S-02235 | prod-api | 3 | 42.5 | 1200 | CLUSTER_HEALTH_NOMINAL | RETAIN_CURRENT_POD_REPLICA_COUNT | 200
K8S-02236 | auth-service | 2 | 15.2 | 350 | CLUSTER_HEALTH_NOMINAL | RETAIN_CURRENT_POD_REPLICA_COUNT | 200
K8S-02237 | prod-api | 3 | 42.5 | 1200 | CLUSTER_HEALTH_NOMINAL | RETAIN_CURRENT_POD_REPLICA_COUNT | 200
K8S-02238 | auth-service | 2 | 15.2 | 350 | CLUSTER_HEALTH_NOMINAL | RETAIN_CURRENT_POD_REPLICA_COUNT | 200
K8S-02239 | auth-service | 2 | 15.2 | 350 | CLUSTER_HEALTH_NOMINAL | RETAIN_CURRENT_POD_REPLICA_COUNT | 200
K8S-02240 | data-pipeline | 5 | 94.1 | 12000 | RESOURCE_SATURATION_WARNING | TRIGGER_DYNAMIC_HORIZONTAL_POD_AUTOSCALING | 202
K8S-02241 | data-pipeline | 5 | 94.1 | 12000 | RESOURCE_SATURATION_WARNING | TRIGGER_DYNAMIC_HORIZONTAL_POD_AUTOSCALING | 202
K8S-02242 | auth-service | 2 | 15.2 | 350 | CLUSTER_HEALTH_NOMINAL | RETAIN_CURRENT_POD_REPLICA_COUNT | 200
K8S-02243 | prod-api | 3 | 42.5 | 1200 | CLUSTER_HEALTH_NOMINAL | RETAIN_CURRENT_POD_REPLICA_COUNT | 200
K8S-02244 | prod-api | 3 | 42.5 | 1200 | CLUSTER_HEALTH_NOMINAL | RETAIN_CURRENT_POD_REPLICA_COUNT | 200
K8S-02245 | prod-api | 3 | 89.8 | 8500 | RESOURCE_SATURATION_WARNING | TRIGGER_DYNAMIC_HORIZONTAL_POD_AUTOSCALING | 202
K8S-02246 | prod-api | 3 | 42.5 | 1200 | CLUSTER_HEALTH_NOMINAL | RETAIN_CURRENT_POD_REPLICA_COUNT | 200
K8S-02247 | data-pipeline | 5 | 94.1 | 12000 | RESOURCE_SATURATION_WARNING | TRIGGER_DYNAMIC_HORIZONTAL_POD_AUTOSCALING | 202
K8S-02248 | prod-api | 3 | 42.5 | 1200 | CLUSTER_HEALTH_NOMINAL | RETAIN_CURRENT_POD_REPLICA_COUNT | 200
K8S-02249 | prod-api | 3 | 89.8 | 8500 | RESOURCE_SATURATION_WARNING | TRIGGER_DYNAMIC_HORIZONTAL_POD_AUTOSCALING | 202
K8S-02250 | auth-service | 2 | 15.2 | 350 | CLUSTER_HEALTH_NOMINAL | RETAIN_CURRENT_POD_REPLICA_COUNT | 200
K8S-02251 | prod-api | 3 | 42.5 | 1200 | CLUSTER_HEALTH_NOMINAL | RETAIN_CURRENT_POD_REPLICA_COUNT | 200
K8S-02252 | prod-api | 3 | 42.5 | 1200 | CLUSTER_HEALTH_NOMINAL | RETAIN_CURRENT_POD_REPLICA_COUNT | 200
K8S-02253 | prod-api | 3 | 89.8 | 8500 | RESOURCE_SATURATION_WARNING | TRIGGER_DYNAMIC_HORIZONTAL_POD_AUTOSCALING | 202
K8S-02254 | auth-service | 2 | 15.2 | 350 | CLUSTER_HEALTH_NOMINAL | RETAIN_CURRENT_POD_REPLICA_COUNT | 200
K8S-02255 | prod-api | 3 | 89.8 | 8500 | RESOURCE_SATURATION_WARNING | TRIGGER_DYNAMIC_HORIZONTAL_POD_AUTOSCALING | 202
K8S-02256 | prod-api | 3 | 42.5 | 1200 | CLUSTER_HEALTH_NOMINAL | RETAIN_CURRENT_POD_REPLICA_COUNT | 200
K8S-02257 | prod-api | 3 | 42.5 | 1200 | CLUSTER_HEALTH_NOMINAL | RETAIN_CURRENT_POD_REPLICA_COUNT | 200
K8S-02258 | prod-api | 3 | 89.8 | 8500 | RESOURCE_SATURATION_WARNING | TRIGGER_DYNAMIC_HORIZONTAL_POD_AUTOSCALING | 202
K8S-02259 | data-pipeline | 5 | 94.1 | 12000 | RESOURCE_SATURATION_WARNING | TRIGGER_DYNAMIC_HORIZONTAL_POD_AUTOSCALING | 202
K8S-02260 | prod-api | 3 | 42.5 | 1200 | CLUSTER_HEALTH_NOMINAL | RETAIN_CURRENT_POD_REPLICA_COUNT | 200
K8S-02261 | prod-api | 3 | 89.8 | 8500 | RESOURCE_SATURATION_WARNING | TRIGGER_DYNAMIC_HORIZONTAL_POD_AUTOSCALING | 202
K8S-02262 | prod-api | 3 | 42.5 | 1200 | CLUSTER_HEALTH_NOMINAL | RETAIN_CURRENT_POD_REPLICA_COUNT | 200
K8S-02263 | prod-api | 3 | 42.5 | 1200 | CLUSTER_HEALTH_NOMINAL | RETAIN_CURRENT_POD_REPLICA_COUNT | 200
K8S-02264 | prod-api | 3 | 42.5 | 1200 | CLUSTER_HEALTH_NOMINAL | RETAIN_CURRENT_POD_REPLICA_COUNT | 200
K8S-02265 | prod-api | 3 | 89.8 | 8500 | RESOURCE_SATURATION_WARNING | TRIGGER_DYNAMIC_HORIZONTAL_POD_AUTOSCALING | 202
K8S-02266 | prod-api | 3 | 89.8 | 8500 | RESOURCE_SATURATION_WARNING | TRIGGER_DYNAMIC_HORIZONTAL_POD_AUTOSCALING | 202
K8S-02267 | prod-api | 3 | 42.5 | 1200 | CLUSTER_HEALTH_NOMINAL | RETAIN_CURRENT_POD_REPLICA_COUNT | 200
K8S-02268 | auth-service | 2 | 15.2 | 350 | CLUSTER_HEALTH_NOMINAL | RETAIN_CURRENT_POD_REPLICA_COUNT | 200
K8S-02269 | data-pipeline | 5 | 94.1 | 12000 | RESOURCE_SATURATION_WARNING | TRIGGER_DYNAMIC_HORIZONTAL_POD_AUTOSCALING | 202
K8S-02270 | prod-api | 3 | 42.5 | 1200 | CLUSTER_HEALTH_NOMINAL | RETAIN_CURRENT_POD_REPLICA_COUNT | 200
K8S-02271 | auth-service | 2 | 15.2 | 350 | CLUSTER_HEALTH_NOMINAL | RETAIN_CURRENT_POD_REPLICA_COUNT | 200
K8S-02272 | prod-api | 3 | 89.8 | 8500 | RESOURCE_SATURATION_WARNING | TRIGGER_DYNAMIC_HORIZONTAL_POD_AUTOSCALING | 202
K8S-02273 | prod-api | 3 | 89.8 | 8500 | RESOURCE_SATURATION_WARNING | TRIGGER_DYNAMIC_HORIZONTAL_POD_AUTOSCALING | 202
K8S-02274 | prod-api | 3 | 42.5 | 1200 | CLUSTER_HEALTH_NOMINAL | RETAIN_CURRENT_POD_REPLICA_COUNT | 200
K8S-02275 | prod-api | 3 | 89.8 | 8500 | RESOURCE_SATURATION_WARNING | TRIGGER_DYNAMIC_HORIZONTAL_POD_AUTOSCALING | 202
K8S-02276 | data-pipeline | 5 | 94.1 | 12000 | RESOURCE_SATURATION_WARNING | TRIGGER_DYNAMIC_HORIZONTAL_POD_AUTOSCALING | 202
K8S-02277 | auth-service | 2 | 15.2 | 350 | CLUSTER_HEALTH_NOMINAL | RETAIN_CURRENT_POD_REPLICA_COUNT | 200
K8S-02278 | prod-api | 3 | 42.5 | 1200 | CLUSTER_HEALTH_NOMINAL | RETAIN_CURRENT_POD_REPLICA_COUNT | 200
K8S-02279 | data-pipeline | 5 | 94.1 | 12000 | RESOURCE_SATURATION_WARNING | TRIGGER_DYNAMIC_HORIZONTAL_POD_AUTOSCALING | 202
K8S-02280 | prod-api | 3 | 89.8 | 8500 | RESOURCE_SATURATION_WARNING | TRIGGER_DYNAMIC_HORIZONTAL_POD_AUTOSCALING | 202
K8S-02281 | prod-api | 3 | 89.8 | 8500 | RESOURCE_SATURATION_WARNING | TRIGGER_DYNAMIC_HORIZONTAL_POD_AUTOSCALING | 202
K8S-02282 | data-pipeline | 5 | 94.1 | 12000 | RESOURCE_SATURATION_WARNING | TRIGGER_DYNAMIC_HORIZONTAL_POD_AUTOSCALING | 202
K8S-02283 | prod-api | 3 | 42.5 | 1200 | CLUSTER_HEALTH_NOMINAL | RETAIN_CURRENT_POD_REPLICA_COUNT | 200
K8S-02284 | prod-api | 3 | 42.5 | 1200 | CLUSTER_HEALTH_NOMINAL | RETAIN_CURRENT_POD_REPLICA_COUNT | 200
K8S-02285 | data-pipeline | 5 | 94.1 | 12000 | RESOURCE_SATURATION_WARNING | TRIGGER_DYNAMIC_HORIZONTAL_POD_AUTOSCALING | 202
K8S-02286 | prod-api | 3 | 89.8 | 8500 | RESOURCE_SATURATION_WARNING | TRIGGER_DYNAMIC_HORIZONTAL_POD_AUTOSCALING | 202
K8S-02287 | prod-api | 3 | 89.8 | 8500 | RESOURCE_SATURATION_WARNING | TRIGGER_DYNAMIC_HORIZONTAL_POD_AUTOSCALING | 202
K8S-02288 | auth-service | 2 | 15.2 | 350 | CLUSTER_HEALTH_NOMINAL | RETAIN_CURRENT_POD_REPLICA_COUNT | 200
K8S-02289 | prod-api | 3 | 42.5 | 1200 | CLUSTER_HEALTH_NOMINAL | RETAIN_CURRENT_POD_REPLICA_COUNT | 200
K8S-02290 | prod-api | 3 | 89.8 | 8500 | RESOURCE_SATURATION_WARNING | TRIGGER_DYNAMIC_HORIZONTAL_POD_AUTOSCALING | 202
K8S-02291 | prod-api | 3 | 42.5 | 1200 | CLUSTER_HEALTH_NOMINAL | RETAIN_CURRENT_POD_REPLICA_COUNT | 200
K8S-02292 | prod-api | 3 | 89.8 | 8500 | RESOURCE_SATURATION_WARNING | TRIGGER_DYNAMIC_HORIZONTAL_POD_AUTOSCALING | 202
K8S-02293 | prod-api | 3 | 89.8 | 8500 | RESOURCE_SATURATION_WARNING | TRIGGER_DYNAMIC_HORIZONTAL_POD_AUTOSCALING | 202
K8S-02294 | data-pipeline | 5 | 94.1 | 12000 | RESOURCE_SATURATION_WARNING | TRIGGER_DYNAMIC_HORIZONTAL_POD_AUTOSCALING | 202
K8S-02295 | prod-api | 3 | 42.5 | 1200 | CLUSTER_HEALTH_NOMINAL | RETAIN_CURRENT_POD_REPLICA_COUNT | 200
K8S-02296 | prod-api | 3 | 89.8 | 8500 | RESOURCE_SATURATION_WARNING | TRIGGER_DYNAMIC_HORIZONTAL_POD_AUTOSCALING | 202
K8S-02297 | prod-api | 3 | 89.8 | 8500 | RESOURCE_SATURATION_WARNING | TRIGGER_DYNAMIC_HORIZONTAL_POD_AUTOSCALING | 202
K8S-02298 | prod-api | 3 | 42.5 | 1200 | CLUSTER_HEALTH_NOMINAL | RETAIN_CURRENT_POD_REPLICA_COUNT | 200
K8S-02299 | prod-api | 3 | 89.8 | 8500 | RESOURCE_SATURATION_WARNING | TRIGGER_DYNAMIC_HORIZONTAL_POD_AUTOSCALING | 202
K8S-02300 | data-pipeline | 5 | 94.1 | 12000 | RESOURCE_SATURATION_WARNING | TRIGGER_DYNAMIC_HORIZONTAL_POD_AUTOSCALING | 202
K8S-02301 | prod-api | 3 | 89.8 | 8500 | RESOURCE_SATURATION_WARNING | TRIGGER_DYNAMIC_HORIZONTAL_POD_AUTOSCALING | 202
K8S-02302 | prod-api | 3 | 89.8 | 8500 | RESOURCE_SATURATION_WARNING | TRIGGER_DYNAMIC_HORIZONTAL_POD_AUTOSCALING | 202
K8S-02303 | auth-service | 2 | 15.2 | 350 | CLUSTER_HEALTH_NOMINAL | RETAIN_CURRENT_POD_REPLICA_COUNT | 200
K8S-02304 | data-pipeline | 5 | 94.1 | 12000 | RESOURCE_SATURATION_WARNING | TRIGGER_DYNAMIC_HORIZONTAL_POD_AUTOSCALING | 202
K8S-02305 | prod-api | 3 | 89.8 | 8500 | RESOURCE_SATURATION_WARNING | TRIGGER_DYNAMIC_HORIZONTAL_POD_AUTOSCALING | 202
K8S-02306 | prod-api | 3 | 42.5 | 1200 | CLUSTER_HEALTH_NOMINAL | RETAIN_CURRENT_POD_REPLICA_COUNT | 200
K8S-02307 | prod-api | 3 | 42.5 | 1200 | CLUSTER_HEALTH_NOMINAL | RETAIN_CURRENT_POD_REPLICA_COUNT | 200
K8S-02308 | prod-api | 3 | 42.5 | 1200 | CLUSTER_HEALTH_NOMINAL | RETAIN_CURRENT_POD_REPLICA_COUNT | 200
K8S-02309 | prod-api | 3 | 42.5 | 1200 | CLUSTER_HEALTH_NOMINAL | RETAIN_CURRENT_POD_REPLICA_COUNT | 200
K8S-02310 | prod-api | 3 | 42.5 | 1200 | CLUSTER_HEALTH_NOMINAL | RETAIN_CURRENT_POD_REPLICA_COUNT | 200
K8S-02311 | prod-api | 3 | 42.5 | 1200 | CLUSTER_HEALTH_NOMINAL | RETAIN_CURRENT_POD_REPLICA_COUNT | 200
K8S-02312 | auth-service | 2 | 15.2 | 350 | CLUSTER_HEALTH_NOMINAL | RETAIN_CURRENT_POD_REPLICA_COUNT | 200
K8S-02313 | prod-api | 3 | 89.8 | 8500 | RESOURCE_SATURATION_WARNING | TRIGGER_DYNAMIC_HORIZONTAL_POD_AUTOSCALING | 202
K8S-02314 | prod-api | 3 | 42.5 | 1200 | CLUSTER_HEALTH_NOMINAL | RETAIN_CURRENT_POD_REPLICA_COUNT | 200
K8S-02315 | auth-service | 2 | 15.2 | 350 | CLUSTER_HEALTH_NOMINAL | RETAIN_CURRENT_POD_REPLICA_COUNT | 200
K8S-02316 | data-pipeline | 5 | 94.1 | 12000 | RESOURCE_SATURATION_WARNING | TRIGGER_DYNAMIC_HORIZONTAL_POD_AUTOSCALING | 202
K8S-02317 | auth-service | 2 | 15.2 | 350 | CLUSTER_HEALTH_NOMINAL | RETAIN_CURRENT_POD_REPLICA_COUNT | 200
K8S-02318 | auth-service | 2 | 15.2 | 350 | CLUSTER_HEALTH_NOMINAL | RETAIN_CURRENT_POD_REPLICA_COUNT | 200
K8S-02319 | auth-service | 2 | 15.2 | 350 | CLUSTER_HEALTH_NOMINAL | RETAIN_CURRENT_POD_REPLICA_COUNT | 200
K8S-02320 | prod-api | 3 | 42.5 | 1200 | CLUSTER_HEALTH_NOMINAL | RETAIN_CURRENT_POD_REPLICA_COUNT | 200
K8S-02321 | auth-service | 2 | 15.2 | 350 | CLUSTER_HEALTH_NOMINAL | RETAIN_CURRENT_POD_REPLICA_COUNT | 200
K8S-02322 | auth-service | 2 | 15.2 | 350 | CLUSTER_HEALTH_NOMINAL | RETAIN_CURRENT_POD_REPLICA_COUNT | 200
K8S-02323 | auth-service | 2 | 15.2 | 350 | CLUSTER_HEALTH_NOMINAL | RETAIN_CURRENT_POD_REPLICA_COUNT | 200
K8S-02324 | auth-service | 2 | 15.2 | 350 | CLUSTER_HEALTH_NOMINAL | RETAIN_CURRENT_POD_REPLICA_COUNT | 200
K8S-02325 | prod-api | 3 | 42.5 | 1200 | CLUSTER_HEALTH_NOMINAL | RETAIN_CURRENT_POD_REPLICA_COUNT | 200
K8S-02326 | data-pipeline | 5 | 94.1 | 12000 | RESOURCE_SATURATION_WARNING | TRIGGER_DYNAMIC_HORIZONTAL_POD_AUTOSCALING | 202
K8S-02327 | data-pipeline | 5 | 94.1 | 12000 | RESOURCE_SATURATION_WARNING | TRIGGER_DYNAMIC_HORIZONTAL_POD_AUTOSCALING | 202
K8S-02328 | prod-api | 3 | 89.8 | 8500 | RESOURCE_SATURATION_WARNING | TRIGGER_DYNAMIC_HORIZONTAL_POD_AUTOSCALING | 202
K8S-02329 | auth-service | 2 | 15.2 | 350 | CLUSTER_HEALTH_NOMINAL | RETAIN_CURRENT_POD_REPLICA_COUNT | 200
K8S-02330 | prod-api | 3 | 42.5 | 1200 | CLUSTER_HEALTH_NOMINAL | RETAIN_CURRENT_POD_REPLICA_COUNT | 200
K8S-02331 | data-pipeline | 5 | 94.1 | 12000 | RESOURCE_SATURATION_WARNING | TRIGGER_DYNAMIC_HORIZONTAL_POD_AUTOSCALING | 202
K8S-02332 | auth-service | 2 | 15.2 | 350 | CLUSTER_HEALTH_NOMINAL | RETAIN_CURRENT_POD_REPLICA_COUNT | 200
K8S-02333 | prod-api | 3 | 42.5 | 1200 | CLUSTER_HEALTH_NOMINAL | RETAIN_CURRENT_POD_REPLICA_COUNT | 200
K8S-02334 | prod-api | 3 | 89.8 | 8500 | RESOURCE_SATURATION_WARNING | TRIGGER_DYNAMIC_HORIZONTAL_POD_AUTOSCALING | 202
K8S-02335 | prod-api | 3 | 89.8 | 8500 | RESOURCE_SATURATION_WARNING | TRIGGER_DYNAMIC_HORIZONTAL_POD_AUTOSCALING | 202
K8S-02336 | prod-api | 3 | 89.8 | 8500 | RESOURCE_SATURATION_WARNING | TRIGGER_DYNAMIC_HORIZONTAL_POD_AUTOSCALING | 202
K8S-02337 | prod-api | 3 | 89.8 | 8500 | RESOURCE_SATURATION_WARNING | TRIGGER_DYNAMIC_HORIZONTAL_POD_AUTOSCALING | 202
K8S-02338 | data-pipeline | 5 | 94.1 | 12000 | RESOURCE_SATURATION_WARNING | TRIGGER_DYNAMIC_HORIZONTAL_POD_AUTOSCALING | 202
K8S-02339 | prod-api | 3 | 89.8 | 8500 | RESOURCE_SATURATION_WARNING | TRIGGER_DYNAMIC_HORIZONTAL_POD_AUTOSCALING | 202
K8S-02340 | prod-api | 3 | 42.5 | 1200 | CLUSTER_HEALTH_NOMINAL | RETAIN_CURRENT_POD_REPLICA_COUNT | 200
K8S-02341 | data-pipeline | 5 | 94.1 | 12000 | RESOURCE_SATURATION_WARNING | TRIGGER_DYNAMIC_HORIZONTAL_POD_AUTOSCALING | 202
K8S-02342 | prod-api | 3 | 89.8 | 8500 | RESOURCE_SATURATION_WARNING | TRIGGER_DYNAMIC_HORIZONTAL_POD_AUTOSCALING | 202
K8S-02343 | data-pipeline | 5 | 94.1 | 12000 | RESOURCE_SATURATION_WARNING | TRIGGER_DYNAMIC_HORIZONTAL_POD_AUTOSCALING | 202
K8S-02344 | prod-api | 3 | 89.8 | 8500 | RESOURCE_SATURATION_WARNING | TRIGGER_DYNAMIC_HORIZONTAL_POD_AUTOSCALING | 202
K8S-02345 | prod-api | 3 | 89.8 | 8500 | RESOURCE_SATURATION_WARNING | TRIGGER_DYNAMIC_HORIZONTAL_POD_AUTOSCALING | 202
K8S-02346 | prod-api | 3 | 42.5 | 1200 | CLUSTER_HEALTH_NOMINAL | RETAIN_CURRENT_POD_REPLICA_COUNT | 200
K8S-02347 | prod-api | 3 | 89.8 | 8500 | RESOURCE_SATURATION_WARNING | TRIGGER_DYNAMIC_HORIZONTAL_POD_AUTOSCALING | 202
K8S-02348 | data-pipeline | 5 | 94.1 | 12000 | RESOURCE_SATURATION_WARNING | TRIGGER_DYNAMIC_HORIZONTAL_POD_AUTOSCALING | 202
K8S-02349 | prod-api | 3 | 89.8 | 8500 | RESOURCE_SATURATION_WARNING | TRIGGER_DYNAMIC_HORIZONTAL_POD_AUTOSCALING | 202
K8S-02350 | auth-service | 2 | 15.2 | 350 | CLUSTER_HEALTH_NOMINAL | RETAIN_CURRENT_POD_REPLICA_COUNT | 200
K8S-02351 | prod-api | 3 | 42.5 | 1200 | CLUSTER_HEALTH_NOMINAL | RETAIN_CURRENT_POD_REPLICA_COUNT | 200
K8S-02352 | prod-api | 3 | 42.5 | 1200 | CLUSTER_HEALTH_NOMINAL | RETAIN_CURRENT_POD_REPLICA_COUNT | 200
K8S-02353 | prod-api | 3 | 89.8 | 8500 | RESOURCE_SATURATION_WARNING | TRIGGER_DYNAMIC_HORIZONTAL_POD_AUTOSCALING | 202
K8S-02354 | data-pipeline | 5 | 94.1 | 12000 | RESOURCE_SATURATION_WARNING | TRIGGER_DYNAMIC_HORIZONTAL_POD_AUTOSCALING | 202
K8S-02355 | prod-api | 3 | 42.5 | 1200 | CLUSTER_HEALTH_NOMINAL | RETAIN_CURRENT_POD_REPLICA_COUNT | 200
K8S-02356 | auth-service | 2 | 15.2 | 350 | CLUSTER_HEALTH_NOMINAL | RETAIN_CURRENT_POD_REPLICA_COUNT | 200
K8S-02357 | prod-api | 3 | 42.5 | 1200 | CLUSTER_HEALTH_NOMINAL | RETAIN_CURRENT_POD_REPLICA_COUNT | 200
K8S-02358 | auth-service | 2 | 15.2 | 350 | CLUSTER_HEALTH_NOMINAL | RETAIN_CURRENT_POD_REPLICA_COUNT | 200
K8S-02359 | prod-api | 3 | 89.8 | 8500 | RESOURCE_SATURATION_WARNING | TRIGGER_DYNAMIC_HORIZONTAL_POD_AUTOSCALING | 202
K8S-02360 | auth-service | 2 | 15.2 | 350 | CLUSTER_HEALTH_NOMINAL | RETAIN_CURRENT_POD_REPLICA_COUNT | 200
K8S-02361 | data-pipeline | 5 | 94.1 | 12000 | RESOURCE_SATURATION_WARNING | TRIGGER_DYNAMIC_HORIZONTAL_POD_AUTOSCALING | 202
K8S-02362 | data-pipeline | 5 | 94.1 | 12000 | RESOURCE_SATURATION_WARNING | TRIGGER_DYNAMIC_HORIZONTAL_POD_AUTOSCALING | 202
K8S-02363 | data-pipeline | 5 | 94.1 | 12000 | RESOURCE_SATURATION_WARNING | TRIGGER_DYNAMIC_HORIZONTAL_POD_AUTOSCALING | 202
K8S-02364 | prod-api | 3 | 89.8 | 8500 | RESOURCE_SATURATION_WARNING | TRIGGER_DYNAMIC_HORIZONTAL_POD_AUTOSCALING | 202
K8S-02365 | data-pipeline | 5 | 94.1 | 12000 | RESOURCE_SATURATION_WARNING | TRIGGER_DYNAMIC_HORIZONTAL_POD_AUTOSCALING | 202
K8S-02366 | auth-service | 2 | 15.2 | 350 | CLUSTER_HEALTH_NOMINAL | RETAIN_CURRENT_POD_REPLICA_COUNT | 200
K8S-02367 | prod-api | 3 | 89.8 | 8500 | RESOURCE_SATURATION_WARNING | TRIGGER_DYNAMIC_HORIZONTAL_POD_AUTOSCALING | 202
K8S-02368 | prod-api | 3 | 42.5 | 1200 | CLUSTER_HEALTH_NOMINAL | RETAIN_CURRENT_POD_REPLICA_COUNT | 200
K8S-02369 | data-pipeline | 5 | 94.1 | 12000 | RESOURCE_SATURATION_WARNING | TRIGGER_DYNAMIC_HORIZONTAL_POD_AUTOSCALING | 202
K8S-02370 | prod-api | 3 | 89.8 | 8500 | RESOURCE_SATURATION_WARNING | TRIGGER_DYNAMIC_HORIZONTAL_POD_AUTOSCALING | 202
K8S-02371 | data-pipeline | 5 | 94.1 | 12000 | RESOURCE_SATURATION_WARNING | TRIGGER_DYNAMIC_HORIZONTAL_POD_AUTOSCALING | 202
K8S-02372 | data-pipeline | 5 | 94.1 | 12000 | RESOURCE_SATURATION_WARNING | TRIGGER_DYNAMIC_HORIZONTAL_POD_AUTOSCALING | 202
K8S-02373 | data-pipeline | 5 | 94.1 | 12000 | RESOURCE_SATURATION_WARNING | TRIGGER_DYNAMIC_HORIZONTAL_POD_AUTOSCALING | 202
K8S-02374 | prod-api | 3 | 42.5 | 1200 | CLUSTER_HEALTH_NOMINAL | RETAIN_CURRENT_POD_REPLICA_COUNT | 200
K8S-02375 | prod-api | 3 | 42.5 | 1200 | CLUSTER_HEALTH_NOMINAL | RETAIN_CURRENT_POD_REPLICA_COUNT | 200
K8S-02376 | prod-api | 3 | 42.5 | 1200 | CLUSTER_HEALTH_NOMINAL | RETAIN_CURRENT_POD_REPLICA_COUNT | 200
K8S-02377 | data-pipeline | 5 | 94.1 | 12000 | RESOURCE_SATURATION_WARNING | TRIGGER_DYNAMIC_HORIZONTAL_POD_AUTOSCALING | 202
K8S-02378 | prod-api | 3 | 42.5 | 1200 | CLUSTER_HEALTH_NOMINAL | RETAIN_CURRENT_POD_REPLICA_COUNT | 200
K8S-02379 | prod-api | 3 | 89.8 | 8500 | RESOURCE_SATURATION_WARNING | TRIGGER_DYNAMIC_HORIZONTAL_POD_AUTOSCALING | 202
K8S-02380 | prod-api | 3 | 42.5 | 1200 | CLUSTER_HEALTH_NOMINAL | RETAIN_CURRENT_POD_REPLICA_COUNT | 200
K8S-02381 | auth-service | 2 | 15.2 | 350 | CLUSTER_HEALTH_NOMINAL | RETAIN_CURRENT_POD_REPLICA_COUNT | 200
K8S-02382 | auth-service | 2 | 15.2 | 350 | CLUSTER_HEALTH_NOMINAL | RETAIN_CURRENT_POD_REPLICA_COUNT | 200
K8S-02383 | prod-api | 3 | 89.8 | 8500 | RESOURCE_SATURATION_WARNING | TRIGGER_DYNAMIC_HORIZONTAL_POD_AUTOSCALING | 202
K8S-02384 | auth-service | 2 | 15.2 | 350 | CLUSTER_HEALTH_NOMINAL | RETAIN_CURRENT_POD_REPLICA_COUNT | 200
K8S-02385 | auth-service | 2 | 15.2 | 350 | CLUSTER_HEALTH_NOMINAL | RETAIN_CURRENT_POD_REPLICA_COUNT | 200
K8S-02386 | auth-service | 2 | 15.2 | 350 | CLUSTER_HEALTH_NOMINAL | RETAIN_CURRENT_POD_REPLICA_COUNT | 200
K8S-02387 | prod-api | 3 | 42.5 | 1200 | CLUSTER_HEALTH_NOMINAL | RETAIN_CURRENT_POD_REPLICA_COUNT | 200
K8S-02388 | data-pipeline | 5 | 94.1 | 12000 | RESOURCE_SATURATION_WARNING | TRIGGER_DYNAMIC_HORIZONTAL_POD_AUTOSCALING | 202
K8S-02389 | prod-api | 3 | 42.5 | 1200 | CLUSTER_HEALTH_NOMINAL | RETAIN_CURRENT_POD_REPLICA_COUNT | 200
K8S-02390 | data-pipeline | 5 | 94.1 | 12000 | RESOURCE_SATURATION_WARNING | TRIGGER_DYNAMIC_HORIZONTAL_POD_AUTOSCALING | 202
K8S-02391 | data-pipeline | 5 | 94.1 | 12000 | RESOURCE_SATURATION_WARNING | TRIGGER_DYNAMIC_HORIZONTAL_POD_AUTOSCALING | 202
K8S-02392 | prod-api | 3 | 89.8 | 8500 | RESOURCE_SATURATION_WARNING | TRIGGER_DYNAMIC_HORIZONTAL_POD_AUTOSCALING | 202
K8S-02393 | prod-api | 3 | 42.5 | 1200 | CLUSTER_HEALTH_NOMINAL | RETAIN_CURRENT_POD_REPLICA_COUNT | 200
K8S-02394 | prod-api | 3 | 89.8 | 8500 | RESOURCE_SATURATION_WARNING | TRIGGER_DYNAMIC_HORIZONTAL_POD_AUTOSCALING | 202
K8S-02395 | prod-api | 3 | 42.5 | 1200 | CLUSTER_HEALTH_NOMINAL | RETAIN_CURRENT_POD_REPLICA_COUNT | 200
K8S-02396 | data-pipeline | 5 | 94.1 | 12000 | RESOURCE_SATURATION_WARNING | TRIGGER_DYNAMIC_HORIZONTAL_POD_AUTOSCALING | 202
K8S-02397 | prod-api | 3 | 42.5 | 1200 | CLUSTER_HEALTH_NOMINAL | RETAIN_CURRENT_POD_REPLICA_COUNT | 200
K8S-02398 | data-pipeline | 5 | 94.1 | 12000 | RESOURCE_SATURATION_WARNING | TRIGGER_DYNAMIC_HORIZONTAL_POD_AUTOSCALING | 202
K8S-02399 | data-pipeline | 5 | 94.1 | 12000 | RESOURCE_SATURATION_WARNING | TRIGGER_DYNAMIC_HORIZONTAL_POD_AUTOSCALING | 202
K8S-02400 | prod-api | 3 | 42.5 | 1200 | CLUSTER_HEALTH_NOMINAL | RETAIN_CURRENT_POD_REPLICA_COUNT | 200
K8S-02401 | auth-service | 2 | 15.2 | 350 | CLUSTER_HEALTH_NOMINAL | RETAIN_CURRENT_POD_REPLICA_COUNT | 200
K8S-02402 | prod-api | 3 | 42.5 | 1200 | CLUSTER_HEALTH_NOMINAL | RETAIN_CURRENT_POD_REPLICA_COUNT | 200
K8S-02403 | auth-service | 2 | 15.2 | 350 | CLUSTER_HEALTH_NOMINAL | RETAIN_CURRENT_POD_REPLICA_COUNT | 200
K8S-02404 | prod-api | 3 | 89.8 | 8500 | RESOURCE_SATURATION_WARNING | TRIGGER_DYNAMIC_HORIZONTAL_POD_AUTOSCALING | 202
K8S-02405 | prod-api | 3 | 42.5 | 1200 | CLUSTER_HEALTH_NOMINAL | RETAIN_CURRENT_POD_REPLICA_COUNT | 200
K8S-02406 | prod-api | 3 | 89.8 | 8500 | RESOURCE_SATURATION_WARNING | TRIGGER_DYNAMIC_HORIZONTAL_POD_AUTOSCALING | 202
K8S-02407 | auth-service | 2 | 15.2 | 350 | CLUSTER_HEALTH_NOMINAL | RETAIN_CURRENT_POD_REPLICA_COUNT | 200
K8S-02408 | prod-api | 3 | 89.8 | 8500 | RESOURCE_SATURATION_WARNING | TRIGGER_DYNAMIC_HORIZONTAL_POD_AUTOSCALING | 202
K8S-02409 | data-pipeline | 5 | 94.1 | 12000 | RESOURCE_SATURATION_WARNING | TRIGGER_DYNAMIC_HORIZONTAL_POD_AUTOSCALING | 202
K8S-02410 | auth-service | 2 | 15.2 | 350 | CLUSTER_HEALTH_NOMINAL | RETAIN_CURRENT_POD_REPLICA_COUNT | 200
K8S-02411 | data-pipeline | 5 | 94.1 | 12000 | RESOURCE_SATURATION_WARNING | TRIGGER_DYNAMIC_HORIZONTAL_POD_AUTOSCALING | 202
K8S-02412 | prod-api | 3 | 42.5 | 1200 | CLUSTER_HEALTH_NOMINAL | RETAIN_CURRENT_POD_REPLICA_COUNT | 200
K8S-02413 | prod-api | 3 | 89.8 | 8500 | RESOURCE_SATURATION_WARNING | TRIGGER_DYNAMIC_HORIZONTAL_POD_AUTOSCALING | 202
K8S-02414 | auth-service | 2 | 15.2 | 350 | CLUSTER_HEALTH_NOMINAL | RETAIN_CURRENT_POD_REPLICA_COUNT | 200
K8S-02415 | auth-service | 2 | 15.2 | 350 | CLUSTER_HEALTH_NOMINAL | RETAIN_CURRENT_POD_REPLICA_COUNT | 200
K8S-02416 | data-pipeline | 5 | 94.1 | 12000 | RESOURCE_SATURATION_WARNING | TRIGGER_DYNAMIC_HORIZONTAL_POD_AUTOSCALING | 202
K8S-02417 | prod-api | 3 | 89.8 | 8500 | RESOURCE_SATURATION_WARNING | TRIGGER_DYNAMIC_HORIZONTAL_POD_AUTOSCALING | 202
K8S-02418 | prod-api | 3 | 89.8 | 8500 | RESOURCE_SATURATION_WARNING | TRIGGER_DYNAMIC_HORIZONTAL_POD_AUTOSCALING | 202
K8S-02419 | prod-api | 3 | 42.5 | 1200 | CLUSTER_HEALTH_NOMINAL | RETAIN_CURRENT_POD_REPLICA_COUNT | 200
K8S-02420 | data-pipeline | 5 | 94.1 | 12000 | RESOURCE_SATURATION_WARNING | TRIGGER_DYNAMIC_HORIZONTAL_POD_AUTOSCALING | 202
K8S-02421 | prod-api | 3 | 42.5 | 1200 | CLUSTER_HEALTH_NOMINAL | RETAIN_CURRENT_POD_REPLICA_COUNT | 200
K8S-02422 | data-pipeline | 5 | 94.1 | 12000 | RESOURCE_SATURATION_WARNING | TRIGGER_DYNAMIC_HORIZONTAL_POD_AUTOSCALING | 202
K8S-02423 | data-pipeline | 5 | 94.1 | 12000 | RESOURCE_SATURATION_WARNING | TRIGGER_DYNAMIC_HORIZONTAL_POD_AUTOSCALING | 202
K8S-02424 | prod-api | 3 | 89.8 | 8500 | RESOURCE_SATURATION_WARNING | TRIGGER_DYNAMIC_HORIZONTAL_POD_AUTOSCALING | 202
K8S-02425 | prod-api | 3 | 89.8 | 8500 | RESOURCE_SATURATION_WARNING | TRIGGER_DYNAMIC_HORIZONTAL_POD_AUTOSCALING | 202
K8S-02426 | data-pipeline | 5 | 94.1 | 12000 | RESOURCE_SATURATION_WARNING | TRIGGER_DYNAMIC_HORIZONTAL_POD_AUTOSCALING | 202
K8S-02427 | auth-service | 2 | 15.2 | 350 | CLUSTER_HEALTH_NOMINAL | RETAIN_CURRENT_POD_REPLICA_COUNT | 200
K8S-02428 | prod-api | 3 | 89.8 | 8500 | RESOURCE_SATURATION_WARNING | TRIGGER_DYNAMIC_HORIZONTAL_POD_AUTOSCALING | 202
K8S-02429 | auth-service | 2 | 15.2 | 350 | CLUSTER_HEALTH_NOMINAL | RETAIN_CURRENT_POD_REPLICA_COUNT | 200
K8S-02430 | prod-api | 3 | 89.8 | 8500 | RESOURCE_SATURATION_WARNING | TRIGGER_DYNAMIC_HORIZONTAL_POD_AUTOSCALING | 202
K8S-02431 | auth-service | 2 | 15.2 | 350 | CLUSTER_HEALTH_NOMINAL | RETAIN_CURRENT_POD_REPLICA_COUNT | 200
K8S-02432 | prod-api | 3 | 42.5 | 1200 | CLUSTER_HEALTH_NOMINAL | RETAIN_CURRENT_POD_REPLICA_COUNT | 200
K8S-02433 | prod-api | 3 | 89.8 | 8500 | RESOURCE_SATURATION_WARNING | TRIGGER_DYNAMIC_HORIZONTAL_POD_AUTOSCALING | 202
K8S-02434 | auth-service | 2 | 15.2 | 350 | CLUSTER_HEALTH_NOMINAL | RETAIN_CURRENT_POD_REPLICA_COUNT | 200
K8S-02435 | prod-api | 3 | 89.8 | 8500 | RESOURCE_SATURATION_WARNING | TRIGGER_DYNAMIC_HORIZONTAL_POD_AUTOSCALING | 202
K8S-02436 | prod-api | 3 | 89.8 | 8500 | RESOURCE_SATURATION_WARNING | TRIGGER_DYNAMIC_HORIZONTAL_POD_AUTOSCALING | 202
K8S-02437 | prod-api | 3 | 42.5 | 1200 | CLUSTER_HEALTH_NOMINAL | RETAIN_CURRENT_POD_REPLICA_COUNT | 200
K8S-02438 | prod-api | 3 | 89.8 | 8500 | RESOURCE_SATURATION_WARNING | TRIGGER_DYNAMIC_HORIZONTAL_POD_AUTOSCALING | 202
K8S-02439 | data-pipeline | 5 | 94.1 | 12000 | RESOURCE_SATURATION_WARNING | TRIGGER_DYNAMIC_HORIZONTAL_POD_AUTOSCALING | 202
K8S-02440 | auth-service | 2 | 15.2 | 350 | CLUSTER_HEALTH_NOMINAL | RETAIN_CURRENT_POD_REPLICA_COUNT | 200
K8S-02441 | prod-api | 3 | 42.5 | 1200 | CLUSTER_HEALTH_NOMINAL | RETAIN_CURRENT_POD_REPLICA_COUNT | 200
K8S-02442 | prod-api | 3 | 89.8 | 8500 | RESOURCE_SATURATION_WARNING | TRIGGER_DYNAMIC_HORIZONTAL_POD_AUTOSCALING | 202
K8S-02443 | prod-api | 3 | 42.5 | 1200 | CLUSTER_HEALTH_NOMINAL | RETAIN_CURRENT_POD_REPLICA_COUNT | 200
K8S-02444 | auth-service | 2 | 15.2 | 350 | CLUSTER_HEALTH_NOMINAL | RETAIN_CURRENT_POD_REPLICA_COUNT | 200
K8S-02445 | data-pipeline | 5 | 94.1 | 12000 | RESOURCE_SATURATION_WARNING | TRIGGER_DYNAMIC_HORIZONTAL_POD_AUTOSCALING | 202
K8S-02446 | auth-service | 2 | 15.2 | 350 | CLUSTER_HEALTH_NOMINAL | RETAIN_CURRENT_POD_REPLICA_COUNT | 200
K8S-02447 | auth-service | 2 | 15.2 | 350 | CLUSTER_HEALTH_NOMINAL | RETAIN_CURRENT_POD_REPLICA_COUNT | 200
K8S-02448 | auth-service | 2 | 15.2 | 350 | CLUSTER_HEALTH_NOMINAL | RETAIN_CURRENT_POD_REPLICA_COUNT | 200
K8S-02449 | prod-api | 3 | 42.5 | 1200 | CLUSTER_HEALTH_NOMINAL | RETAIN_CURRENT_POD_REPLICA_COUNT | 200
K8S-02450 | auth-service | 2 | 15.2 | 350 | CLUSTER_HEALTH_NOMINAL | RETAIN_CURRENT_POD_REPLICA_COUNT | 200
K8S-02451 | prod-api | 3 | 89.8 | 8500 | RESOURCE_SATURATION_WARNING | TRIGGER_DYNAMIC_HORIZONTAL_POD_AUTOSCALING | 202
K8S-02452 | prod-api | 3 | 42.5 | 1200 | CLUSTER_HEALTH_NOMINAL | RETAIN_CURRENT_POD_REPLICA_COUNT | 200
K8S-02453 | prod-api | 3 | 89.8 | 8500 | RESOURCE_SATURATION_WARNING | TRIGGER_DYNAMIC_HORIZONTAL_POD_AUTOSCALING | 202
K8S-02454 | prod-api | 3 | 89.8 | 8500 | RESOURCE_SATURATION_WARNING | TRIGGER_DYNAMIC_HORIZONTAL_POD_AUTOSCALING | 202
K8S-02455 | auth-service | 2 | 15.2 | 350 | CLUSTER_HEALTH_NOMINAL | RETAIN_CURRENT_POD_REPLICA_COUNT | 200
K8S-02456 | data-pipeline | 5 | 94.1 | 12000 | RESOURCE_SATURATION_WARNING | TRIGGER_DYNAMIC_HORIZONTAL_POD_AUTOSCALING | 202
K8S-02457 | auth-service | 2 | 15.2 | 350 | CLUSTER_HEALTH_NOMINAL | RETAIN_CURRENT_POD_REPLICA_COUNT | 200
K8S-02458 | prod-api | 3 | 89.8 | 8500 | RESOURCE_SATURATION_WARNING | TRIGGER_DYNAMIC_HORIZONTAL_POD_AUTOSCALING | 202
K8S-02459 | prod-api | 3 | 89.8 | 8500 | RESOURCE_SATURATION_WARNING | TRIGGER_DYNAMIC_HORIZONTAL_POD_AUTOSCALING | 202
K8S-02460 | auth-service | 2 | 15.2 | 350 | CLUSTER_HEALTH_NOMINAL | RETAIN_CURRENT_POD_REPLICA_COUNT | 200
K8S-02461 | prod-api | 3 | 89.8 | 8500 | RESOURCE_SATURATION_WARNING | TRIGGER_DYNAMIC_HORIZONTAL_POD_AUTOSCALING | 202
K8S-02462 | prod-api | 3 | 42.5 | 1200 | CLUSTER_HEALTH_NOMINAL | RETAIN_CURRENT_POD_REPLICA_COUNT | 200
K8S-02463 | prod-api | 3 | 42.5 | 1200 | CLUSTER_HEALTH_NOMINAL | RETAIN_CURRENT_POD_REPLICA_COUNT | 200
K8S-02464 | data-pipeline | 5 | 94.1 | 12000 | RESOURCE_SATURATION_WARNING | TRIGGER_DYNAMIC_HORIZONTAL_POD_AUTOSCALING | 202
K8S-02465 | prod-api | 3 | 42.5 | 1200 | CLUSTER_HEALTH_NOMINAL | RETAIN_CURRENT_POD_REPLICA_COUNT | 200
K8S-02466 | data-pipeline | 5 | 94.1 | 12000 | RESOURCE_SATURATION_WARNING | TRIGGER_DYNAMIC_HORIZONTAL_POD_AUTOSCALING | 202
K8S-02467 | data-pipeline | 5 | 94.1 | 12000 | RESOURCE_SATURATION_WARNING | TRIGGER_DYNAMIC_HORIZONTAL_POD_AUTOSCALING | 202
K8S-02468 | prod-api | 3 | 42.5 | 1200 | CLUSTER_HEALTH_NOMINAL | RETAIN_CURRENT_POD_REPLICA_COUNT | 200
K8S-02469 | prod-api | 3 | 42.5 | 1200 | CLUSTER_HEALTH_NOMINAL | RETAIN_CURRENT_POD_REPLICA_COUNT | 200
K8S-02470 | auth-service | 2 | 15.2 | 350 | CLUSTER_HEALTH_NOMINAL | RETAIN_CURRENT_POD_REPLICA_COUNT | 200
K8S-02471 | auth-service | 2 | 15.2 | 350 | CLUSTER_HEALTH_NOMINAL | RETAIN_CURRENT_POD_REPLICA_COUNT | 200
K8S-02472 | prod-api | 3 | 89.8 | 8500 | RESOURCE_SATURATION_WARNING | TRIGGER_DYNAMIC_HORIZONTAL_POD_AUTOSCALING | 202
K8S-02473 | prod-api | 3 | 42.5 | 1200 | CLUSTER_HEALTH_NOMINAL | RETAIN_CURRENT_POD_REPLICA_COUNT | 200
K8S-02474 | auth-service | 2 | 15.2 | 350 | CLUSTER_HEALTH_NOMINAL | RETAIN_CURRENT_POD_REPLICA_COUNT | 200
K8S-02475 | prod-api | 3 | 42.5 | 1200 | CLUSTER_HEALTH_NOMINAL | RETAIN_CURRENT_POD_REPLICA_COUNT | 200
K8S-02476 | data-pipeline | 5 | 94.1 | 12000 | RESOURCE_SATURATION_WARNING | TRIGGER_DYNAMIC_HORIZONTAL_POD_AUTOSCALING | 202
K8S-02477 | data-pipeline | 5 | 94.1 | 12000 | RESOURCE_SATURATION_WARNING | TRIGGER_DYNAMIC_HORIZONTAL_POD_AUTOSCALING | 202
K8S-02478 | prod-api | 3 | 42.5 | 1200 | CLUSTER_HEALTH_NOMINAL | RETAIN_CURRENT_POD_REPLICA_COUNT | 200
K8S-02479 | prod-api | 3 | 42.5 | 1200 | CLUSTER_HEALTH_NOMINAL | RETAIN_CURRENT_POD_REPLICA_COUNT | 200
K8S-02480 | prod-api | 3 | 89.8 | 8500 | RESOURCE_SATURATION_WARNING | TRIGGER_DYNAMIC_HORIZONTAL_POD_AUTOSCALING | 202
K8S-02481 | prod-api | 3 | 89.8 | 8500 | RESOURCE_SATURATION_WARNING | TRIGGER_DYNAMIC_HORIZONTAL_POD_AUTOSCALING | 202
K8S-02482 | auth-service | 2 | 15.2 | 350 | CLUSTER_HEALTH_NOMINAL | RETAIN_CURRENT_POD_REPLICA_COUNT | 200
K8S-02483 | prod-api | 3 | 42.5 | 1200 | CLUSTER_HEALTH_NOMINAL | RETAIN_CURRENT_POD_REPLICA_COUNT | 200
K8S-02484 | auth-service | 2 | 15.2 | 350 | CLUSTER_HEALTH_NOMINAL | RETAIN_CURRENT_POD_REPLICA_COUNT | 200
K8S-02485 | prod-api | 3 | 89.8 | 8500 | RESOURCE_SATURATION_WARNING | TRIGGER_DYNAMIC_HORIZONTAL_POD_AUTOSCALING | 202
K8S-02486 | auth-service | 2 | 15.2 | 350 | CLUSTER_HEALTH_NOMINAL | RETAIN_CURRENT_POD_REPLICA_COUNT | 200
K8S-02487 | prod-api | 3 | 42.5 | 1200 | CLUSTER_HEALTH_NOMINAL | RETAIN_CURRENT_POD_REPLICA_COUNT | 200
K8S-02488 | data-pipeline | 5 | 94.1 | 12000 | RESOURCE_SATURATION_WARNING | TRIGGER_DYNAMIC_HORIZONTAL_POD_AUTOSCALING | 202
K8S-02489 | prod-api | 3 | 89.8 | 8500 | RESOURCE_SATURATION_WARNING | TRIGGER_DYNAMIC_HORIZONTAL_POD_AUTOSCALING | 202
K8S-02490 | data-pipeline | 5 | 94.1 | 12000 | RESOURCE_SATURATION_WARNING | TRIGGER_DYNAMIC_HORIZONTAL_POD_AUTOSCALING | 202
K8S-02491 | prod-api | 3 | 42.5 | 1200 | CLUSTER_HEALTH_NOMINAL | RETAIN_CURRENT_POD_REPLICA_COUNT | 200
K8S-02492 | prod-api | 3 | 42.5 | 1200 | CLUSTER_HEALTH_NOMINAL | RETAIN_CURRENT_POD_REPLICA_COUNT | 200
K8S-02493 | auth-service | 2 | 15.2 | 350 | CLUSTER_HEALTH_NOMINAL | RETAIN_CURRENT_POD_REPLICA_COUNT | 200
K8S-02494 | auth-service | 2 | 15.2 | 350 | CLUSTER_HEALTH_NOMINAL | RETAIN_CURRENT_POD_REPLICA_COUNT | 200
K8S-02495 | data-pipeline | 5 | 94.1 | 12000 | RESOURCE_SATURATION_WARNING | TRIGGER_DYNAMIC_HORIZONTAL_POD_AUTOSCALING | 202
K8S-02496 | prod-api | 3 | 89.8 | 8500 | RESOURCE_SATURATION_WARNING | TRIGGER_DYNAMIC_HORIZONTAL_POD_AUTOSCALING | 202
K8S-02497 | prod-api | 3 | 42.5 | 1200 | CLUSTER_HEALTH_NOMINAL | RETAIN_CURRENT_POD_REPLICA_COUNT | 200
K8S-02498 | prod-api | 3 | 89.8 | 8500 | RESOURCE_SATURATION_WARNING | TRIGGER_DYNAMIC_HORIZONTAL_POD_AUTOSCALING | 202
K8S-02499 | prod-api | 3 | 89.8 | 8500 | RESOURCE_SATURATION_WARNING | TRIGGER_DYNAMIC_HORIZONTAL_POD_AUTOSCALING | 202
K8S-02500 | prod-api | 3 | 89.8 | 8500 | RESOURCE_SATURATION_WARNING | TRIGGER_DYNAMIC_HORIZONTAL_POD_AUTOSCALING | 202
K8S-02501 | auth-service | 2 | 15.2 | 350 | CLUSTER_HEALTH_NOMINAL | RETAIN_CURRENT_POD_REPLICA_COUNT | 200
K8S-02502 | data-pipeline | 5 | 94.1 | 12000 | RESOURCE_SATURATION_WARNING | TRIGGER_DYNAMIC_HORIZONTAL_POD_AUTOSCALING | 202
K8S-02503 | prod-api | 3 | 89.8 | 8500 | RESOURCE_SATURATION_WARNING | TRIGGER_DYNAMIC_HORIZONTAL_POD_AUTOSCALING | 202
K8S-02504 | prod-api | 3 | 89.8 | 8500 | RESOURCE_SATURATION_WARNING | TRIGGER_DYNAMIC_HORIZONTAL_POD_AUTOSCALING | 202
K8S-02505 | prod-api | 3 | 89.8 | 8500 | RESOURCE_SATURATION_WARNING | TRIGGER_DYNAMIC_HORIZONTAL_POD_AUTOSCALING | 202
K8S-02506 | data-pipeline | 5 | 94.1 | 12000 | RESOURCE_SATURATION_WARNING | TRIGGER_DYNAMIC_HORIZONTAL_POD_AUTOSCALING | 202
K8S-02507 | prod-api | 3 | 89.8 | 8500 | RESOURCE_SATURATION_WARNING | TRIGGER_DYNAMIC_HORIZONTAL_POD_AUTOSCALING | 202
K8S-02508 | prod-api | 3 | 89.8 | 8500 | RESOURCE_SATURATION_WARNING | TRIGGER_DYNAMIC_HORIZONTAL_POD_AUTOSCALING | 202
K8S-02509 | data-pipeline | 5 | 94.1 | 12000 | RESOURCE_SATURATION_WARNING | TRIGGER_DYNAMIC_HORIZONTAL_POD_AUTOSCALING | 202
K8S-02510 | data-pipeline | 5 | 94.1 | 12000 | RESOURCE_SATURATION_WARNING | TRIGGER_DYNAMIC_HORIZONTAL_POD_AUTOSCALING | 202
K8S-02511 | prod-api | 3 | 89.8 | 8500 | RESOURCE_SATURATION_WARNING | TRIGGER_DYNAMIC_HORIZONTAL_POD_AUTOSCALING | 202
K8S-02512 | auth-service | 2 | 15.2 | 350 | CLUSTER_HEALTH_NOMINAL | RETAIN_CURRENT_POD_REPLICA_COUNT | 200
K8S-02513 | auth-service | 2 | 15.2 | 350 | CLUSTER_HEALTH_NOMINAL | RETAIN_CURRENT_POD_REPLICA_COUNT | 200
K8S-02514 | data-pipeline | 5 | 94.1 | 12000 | RESOURCE_SATURATION_WARNING | TRIGGER_DYNAMIC_HORIZONTAL_POD_AUTOSCALING | 202
K8S-02515 | prod-api | 3 | 89.8 | 8500 | RESOURCE_SATURATION_WARNING | TRIGGER_DYNAMIC_HORIZONTAL_POD_AUTOSCALING | 202
K8S-02516 | prod-api | 3 | 42.5 | 1200 | CLUSTER_HEALTH_NOMINAL | RETAIN_CURRENT_POD_REPLICA_COUNT | 200
K8S-02517 | prod-api | 3 | 89.8 | 8500 | RESOURCE_SATURATION_WARNING | TRIGGER_DYNAMIC_HORIZONTAL_POD_AUTOSCALING | 202
K8S-02518 | prod-api | 3 | 89.8 | 8500 | RESOURCE_SATURATION_WARNING | TRIGGER_DYNAMIC_HORIZONTAL_POD_AUTOSCALING | 202
K8S-02519 | data-pipeline | 5 | 94.1 | 12000 | RESOURCE_SATURATION_WARNING | TRIGGER_DYNAMIC_HORIZONTAL_POD_AUTOSCALING | 202
K8S-02520 | data-pipeline | 5 | 94.1 | 12000 | RESOURCE_SATURATION_WARNING | TRIGGER_DYNAMIC_HORIZONTAL_POD_AUTOSCALING | 202
K8S-02521 | prod-api | 3 | 89.8 | 8500 | RESOURCE_SATURATION_WARNING | TRIGGER_DYNAMIC_HORIZONTAL_POD_AUTOSCALING | 202
K8S-02522 | prod-api | 3 | 89.8 | 8500 | RESOURCE_SATURATION_WARNING | TRIGGER_DYNAMIC_HORIZONTAL_POD_AUTOSCALING | 202
K8S-02523 | data-pipeline | 5 | 94.1 | 12000 | RESOURCE_SATURATION_WARNING | TRIGGER_DYNAMIC_HORIZONTAL_POD_AUTOSCALING | 202
K8S-02524 | data-pipeline | 5 | 94.1 | 12000 | RESOURCE_SATURATION_WARNING | TRIGGER_DYNAMIC_HORIZONTAL_POD_AUTOSCALING | 202
K8S-02525 | prod-api | 3 | 89.8 | 8500 | RESOURCE_SATURATION_WARNING | TRIGGER_DYNAMIC_HORIZONTAL_POD_AUTOSCALING | 202
K8S-02526 | auth-service | 2 | 15.2 | 350 | CLUSTER_HEALTH_NOMINAL | RETAIN_CURRENT_POD_REPLICA_COUNT | 200
K8S-02527 | auth-service | 2 | 15.2 | 350 | CLUSTER_HEALTH_NOMINAL | RETAIN_CURRENT_POD_REPLICA_COUNT | 200
K8S-02528 | data-pipeline | 5 | 94.1 | 12000 | RESOURCE_SATURATION_WARNING | TRIGGER_DYNAMIC_HORIZONTAL_POD_AUTOSCALING | 202
K8S-02529 | data-pipeline | 5 | 94.1 | 12000 | RESOURCE_SATURATION_WARNING | TRIGGER_DYNAMIC_HORIZONTAL_POD_AUTOSCALING | 202
K8S-02530 | data-pipeline | 5 | 94.1 | 12000 | RESOURCE_SATURATION_WARNING | TRIGGER_DYNAMIC_HORIZONTAL_POD_AUTOSCALING | 202
K8S-02531 | prod-api | 3 | 42.5 | 1200 | CLUSTER_HEALTH_NOMINAL | RETAIN_CURRENT_POD_REPLICA_COUNT | 200
K8S-02532 | prod-api | 3 | 89.8 | 8500 | RESOURCE_SATURATION_WARNING | TRIGGER_DYNAMIC_HORIZONTAL_POD_AUTOSCALING | 202
K8S-02533 | prod-api | 3 | 42.5 | 1200 | CLUSTER_HEALTH_NOMINAL | RETAIN_CURRENT_POD_REPLICA_COUNT | 200
K8S-02534 | prod-api | 3 | 89.8 | 8500 | RESOURCE_SATURATION_WARNING | TRIGGER_DYNAMIC_HORIZONTAL_POD_AUTOSCALING | 202
K8S-02535 | prod-api | 3 | 42.5 | 1200 | CLUSTER_HEALTH_NOMINAL | RETAIN_CURRENT_POD_REPLICA_COUNT | 200
K8S-02536 | auth-service | 2 | 15.2 | 350 | CLUSTER_HEALTH_NOMINAL | RETAIN_CURRENT_POD_REPLICA_COUNT | 200
K8S-02537 | prod-api | 3 | 42.5 | 1200 | CLUSTER_HEALTH_NOMINAL | RETAIN_CURRENT_POD_REPLICA_COUNT | 200
K8S-02538 | data-pipeline | 5 | 94.1 | 12000 | RESOURCE_SATURATION_WARNING | TRIGGER_DYNAMIC_HORIZONTAL_POD_AUTOSCALING | 202
K8S-02539 | prod-api | 3 | 42.5 | 1200 | CLUSTER_HEALTH_NOMINAL | RETAIN_CURRENT_POD_REPLICA_COUNT | 200
K8S-02540 | prod-api | 3 | 89.8 | 8500 | RESOURCE_SATURATION_WARNING | TRIGGER_DYNAMIC_HORIZONTAL_POD_AUTOSCALING | 202
K8S-02541 | auth-service | 2 | 15.2 | 350 | CLUSTER_HEALTH_NOMINAL | RETAIN_CURRENT_POD_REPLICA_COUNT | 200
K8S-02542 | auth-service | 2 | 15.2 | 350 | CLUSTER_HEALTH_NOMINAL | RETAIN_CURRENT_POD_REPLICA_COUNT | 200
K8S-02543 | prod-api | 3 | 89.8 | 8500 | RESOURCE_SATURATION_WARNING | TRIGGER_DYNAMIC_HORIZONTAL_POD_AUTOSCALING | 202
K8S-02544 | data-pipeline | 5 | 94.1 | 12000 | RESOURCE_SATURATION_WARNING | TRIGGER_DYNAMIC_HORIZONTAL_POD_AUTOSCALING | 202
K8S-02545 | auth-service | 2 | 15.2 | 350 | CLUSTER_HEALTH_NOMINAL | RETAIN_CURRENT_POD_REPLICA_COUNT | 200
K8S-02546 | data-pipeline | 5 | 94.1 | 12000 | RESOURCE_SATURATION_WARNING | TRIGGER_DYNAMIC_HORIZONTAL_POD_AUTOSCALING | 202
K8S-02547 | auth-service | 2 | 15.2 | 350 | CLUSTER_HEALTH_NOMINAL | RETAIN_CURRENT_POD_REPLICA_COUNT | 200
K8S-02548 | auth-service | 2 | 15.2 | 350 | CLUSTER_HEALTH_NOMINAL | RETAIN_CURRENT_POD_REPLICA_COUNT | 200
K8S-02549 | prod-api | 3 | 42.5 | 1200 | CLUSTER_HEALTH_NOMINAL | RETAIN_CURRENT_POD_REPLICA_COUNT | 200
K8S-02550 | prod-api | 3 | 42.5 | 1200 | CLUSTER_HEALTH_NOMINAL | RETAIN_CURRENT_POD_REPLICA_COUNT | 200
K8S-02551 | auth-service | 2 | 15.2 | 350 | CLUSTER_HEALTH_NOMINAL | RETAIN_CURRENT_POD_REPLICA_COUNT | 200
K8S-02552 | prod-api | 3 | 89.8 | 8500 | RESOURCE_SATURATION_WARNING | TRIGGER_DYNAMIC_HORIZONTAL_POD_AUTOSCALING | 202
K8S-02553 | auth-service | 2 | 15.2 | 350 | CLUSTER_HEALTH_NOMINAL | RETAIN_CURRENT_POD_REPLICA_COUNT | 200
K8S-02554 | auth-service | 2 | 15.2 | 350 | CLUSTER_HEALTH_NOMINAL | RETAIN_CURRENT_POD_REPLICA_COUNT | 200
K8S-02555 | auth-service | 2 | 15.2 | 350 | CLUSTER_HEALTH_NOMINAL | RETAIN_CURRENT_POD_REPLICA_COUNT | 200
K8S-02556 | data-pipeline | 5 | 94.1 | 12000 | RESOURCE_SATURATION_WARNING | TRIGGER_DYNAMIC_HORIZONTAL_POD_AUTOSCALING | 202
K8S-02557 | data-pipeline | 5 | 94.1 | 12000 | RESOURCE_SATURATION_WARNING | TRIGGER_DYNAMIC_HORIZONTAL_POD_AUTOSCALING | 202
K8S-02558 | auth-service | 2 | 15.2 | 350 | CLUSTER_HEALTH_NOMINAL | RETAIN_CURRENT_POD_REPLICA_COUNT | 200
K8S-02559 | auth-service | 2 | 15.2 | 350 | CLUSTER_HEALTH_NOMINAL | RETAIN_CURRENT_POD_REPLICA_COUNT | 200
K8S-02560 | auth-service | 2 | 15.2 | 350 | CLUSTER_HEALTH_NOMINAL | RETAIN_CURRENT_POD_REPLICA_COUNT | 200
K8S-02561 | prod-api | 3 | 89.8 | 8500 | RESOURCE_SATURATION_WARNING | TRIGGER_DYNAMIC_HORIZONTAL_POD_AUTOSCALING | 202
K8S-02562 | prod-api | 3 | 89.8 | 8500 | RESOURCE_SATURATION_WARNING | TRIGGER_DYNAMIC_HORIZONTAL_POD_AUTOSCALING | 202
K8S-02563 | auth-service | 2 | 15.2 | 350 | CLUSTER_HEALTH_NOMINAL | RETAIN_CURRENT_POD_REPLICA_COUNT | 200
K8S-02564 | auth-service | 2 | 15.2 | 350 | CLUSTER_HEALTH_NOMINAL | RETAIN_CURRENT_POD_REPLICA_COUNT | 200
K8S-02565 | prod-api | 3 | 89.8 | 8500 | RESOURCE_SATURATION_WARNING | TRIGGER_DYNAMIC_HORIZONTAL_POD_AUTOSCALING | 202
K8S-02566 | prod-api | 3 | 89.8 | 8500 | RESOURCE_SATURATION_WARNING | TRIGGER_DYNAMIC_HORIZONTAL_POD_AUTOSCALING | 202
K8S-02567 | prod-api | 3 | 42.5 | 1200 | CLUSTER_HEALTH_NOMINAL | RETAIN_CURRENT_POD_REPLICA_COUNT | 200
K8S-02568 | data-pipeline | 5 | 94.1 | 12000 | RESOURCE_SATURATION_WARNING | TRIGGER_DYNAMIC_HORIZONTAL_POD_AUTOSCALING | 202
K8S-02569 | prod-api | 3 | 42.5 | 1200 | CLUSTER_HEALTH_NOMINAL | RETAIN_CURRENT_POD_REPLICA_COUNT | 200
K8S-02570 | auth-service | 2 | 15.2 | 350 | CLUSTER_HEALTH_NOMINAL | RETAIN_CURRENT_POD_REPLICA_COUNT | 200
K8S-02571 | prod-api | 3 | 89.8 | 8500 | RESOURCE_SATURATION_WARNING | TRIGGER_DYNAMIC_HORIZONTAL_POD_AUTOSCALING | 202
K8S-02572 | prod-api | 3 | 42.5 | 1200 | CLUSTER_HEALTH_NOMINAL | RETAIN_CURRENT_POD_REPLICA_COUNT | 200
K8S-02573 | data-pipeline | 5 | 94.1 | 12000 | RESOURCE_SATURATION_WARNING | TRIGGER_DYNAMIC_HORIZONTAL_POD_AUTOSCALING | 202
K8S-02574 | prod-api | 3 | 42.5 | 1200 | CLUSTER_HEALTH_NOMINAL | RETAIN_CURRENT_POD_REPLICA_COUNT | 200
K8S-02575 | auth-service | 2 | 15.2 | 350 | CLUSTER_HEALTH_NOMINAL | RETAIN_CURRENT_POD_REPLICA_COUNT | 200
K8S-02576 | prod-api | 3 | 89.8 | 8500 | RESOURCE_SATURATION_WARNING | TRIGGER_DYNAMIC_HORIZONTAL_POD_AUTOSCALING | 202
K8S-02577 | prod-api | 3 | 89.8 | 8500 | RESOURCE_SATURATION_WARNING | TRIGGER_DYNAMIC_HORIZONTAL_POD_AUTOSCALING | 202
K8S-02578 | auth-service | 2 | 15.2 | 350 | CLUSTER_HEALTH_NOMINAL | RETAIN_CURRENT_POD_REPLICA_COUNT | 200
K8S-02579 | prod-api | 3 | 89.8 | 8500 | RESOURCE_SATURATION_WARNING | TRIGGER_DYNAMIC_HORIZONTAL_POD_AUTOSCALING | 202
K8S-02580 | data-pipeline | 5 | 94.1 | 12000 | RESOURCE_SATURATION_WARNING | TRIGGER_DYNAMIC_HORIZONTAL_POD_AUTOSCALING | 202
K8S-02581 | auth-service | 2 | 15.2 | 350 | CLUSTER_HEALTH_NOMINAL | RETAIN_CURRENT_POD_REPLICA_COUNT | 200
K8S-02582 | auth-service | 2 | 15.2 | 350 | CLUSTER_HEALTH_NOMINAL | RETAIN_CURRENT_POD_REPLICA_COUNT | 200
K8S-02583 | prod-api | 3 | 42.5 | 1200 | CLUSTER_HEALTH_NOMINAL | RETAIN_CURRENT_POD_REPLICA_COUNT | 200
K8S-02584 | prod-api | 3 | 89.8 | 8500 | RESOURCE_SATURATION_WARNING | TRIGGER_DYNAMIC_HORIZONTAL_POD_AUTOSCALING | 202
K8S-02585 | data-pipeline | 5 | 94.1 | 12000 | RESOURCE_SATURATION_WARNING | TRIGGER_DYNAMIC_HORIZONTAL_POD_AUTOSCALING | 202
K8S-02586 | auth-service | 2 | 15.2 | 350 | CLUSTER_HEALTH_NOMINAL | RETAIN_CURRENT_POD_REPLICA_COUNT | 200
K8S-02587 | prod-api | 3 | 89.8 | 8500 | RESOURCE_SATURATION_WARNING | TRIGGER_DYNAMIC_HORIZONTAL_POD_AUTOSCALING | 202
K8S-02588 | auth-service | 2 | 15.2 | 350 | CLUSTER_HEALTH_NOMINAL | RETAIN_CURRENT_POD_REPLICA_COUNT | 200
K8S-02589 | auth-service | 2 | 15.2 | 350 | CLUSTER_HEALTH_NOMINAL | RETAIN_CURRENT_POD_REPLICA_COUNT | 200
K8S-02590 | prod-api | 3 | 89.8 | 8500 | RESOURCE_SATURATION_WARNING | TRIGGER_DYNAMIC_HORIZONTAL_POD_AUTOSCALING | 202
K8S-02591 | data-pipeline | 5 | 94.1 | 12000 | RESOURCE_SATURATION_WARNING | TRIGGER_DYNAMIC_HORIZONTAL_POD_AUTOSCALING | 202
K8S-02592 | prod-api | 3 | 42.5 | 1200 | CLUSTER_HEALTH_NOMINAL | RETAIN_CURRENT_POD_REPLICA_COUNT | 200
K8S-02593 | prod-api | 3 | 42.5 | 1200 | CLUSTER_HEALTH_NOMINAL | RETAIN_CURRENT_POD_REPLICA_COUNT | 200
K8S-02594 | prod-api | 3 | 89.8 | 8500 | RESOURCE_SATURATION_WARNING | TRIGGER_DYNAMIC_HORIZONTAL_POD_AUTOSCALING | 202
K8S-02595 | data-pipeline | 5 | 94.1 | 12000 | RESOURCE_SATURATION_WARNING | TRIGGER_DYNAMIC_HORIZONTAL_POD_AUTOSCALING | 202
K8S-02596 | prod-api | 3 | 42.5 | 1200 | CLUSTER_HEALTH_NOMINAL | RETAIN_CURRENT_POD_REPLICA_COUNT | 200
K8S-02597 | prod-api | 3 | 89.8 | 8500 | RESOURCE_SATURATION_WARNING | TRIGGER_DYNAMIC_HORIZONTAL_POD_AUTOSCALING | 202
K8S-02598 | data-pipeline | 5 | 94.1 | 12000 | RESOURCE_SATURATION_WARNING | TRIGGER_DYNAMIC_HORIZONTAL_POD_AUTOSCALING | 202
K8S-02599 | prod-api | 3 | 89.8 | 8500 | RESOURCE_SATURATION_WARNING | TRIGGER_DYNAMIC_HORIZONTAL_POD_AUTOSCALING | 202
K8S-02600 | prod-api | 3 | 89.8 | 8500 | RESOURCE_SATURATION_WARNING | TRIGGER_DYNAMIC_HORIZONTAL_POD_AUTOSCALING | 202
K8S-02601 | prod-api | 3 | 89.8 | 8500 | RESOURCE_SATURATION_WARNING | TRIGGER_DYNAMIC_HORIZONTAL_POD_AUTOSCALING | 202
K8S-02602 | prod-api | 3 | 42.5 | 1200 | CLUSTER_HEALTH_NOMINAL | RETAIN_CURRENT_POD_REPLICA_COUNT | 200
K8S-02603 | data-pipeline | 5 | 94.1 | 12000 | RESOURCE_SATURATION_WARNING | TRIGGER_DYNAMIC_HORIZONTAL_POD_AUTOSCALING | 202
K8S-02604 | auth-service | 2 | 15.2 | 350 | CLUSTER_HEALTH_NOMINAL | RETAIN_CURRENT_POD_REPLICA_COUNT | 200
K8S-02605 | prod-api | 3 | 42.5 | 1200 | CLUSTER_HEALTH_NOMINAL | RETAIN_CURRENT_POD_REPLICA_COUNT | 200
K8S-02606 | prod-api | 3 | 89.8 | 8500 | RESOURCE_SATURATION_WARNING | TRIGGER_DYNAMIC_HORIZONTAL_POD_AUTOSCALING | 202
K8S-02607 | prod-api | 3 | 89.8 | 8500 | RESOURCE_SATURATION_WARNING | TRIGGER_DYNAMIC_HORIZONTAL_POD_AUTOSCALING | 202
K8S-02608 | prod-api | 3 | 89.8 | 8500 | RESOURCE_SATURATION_WARNING | TRIGGER_DYNAMIC_HORIZONTAL_POD_AUTOSCALING | 202
K8S-02609 | prod-api | 3 | 89.8 | 8500 | RESOURCE_SATURATION_WARNING | TRIGGER_DYNAMIC_HORIZONTAL_POD_AUTOSCALING | 202
K8S-02610 | prod-api | 3 | 89.8 | 8500 | RESOURCE_SATURATION_WARNING | TRIGGER_DYNAMIC_HORIZONTAL_POD_AUTOSCALING | 202
K8S-02611 | prod-api | 3 | 42.5 | 1200 | CLUSTER_HEALTH_NOMINAL | RETAIN_CURRENT_POD_REPLICA_COUNT | 200
K8S-02612 | auth-service | 2 | 15.2 | 350 | CLUSTER_HEALTH_NOMINAL | RETAIN_CURRENT_POD_REPLICA_COUNT | 200
K8S-02613 | auth-service | 2 | 15.2 | 350 | CLUSTER_HEALTH_NOMINAL | RETAIN_CURRENT_POD_REPLICA_COUNT | 200
K8S-02614 | prod-api | 3 | 42.5 | 1200 | CLUSTER_HEALTH_NOMINAL | RETAIN_CURRENT_POD_REPLICA_COUNT | 200
K8S-02615 | prod-api | 3 | 42.5 | 1200 | CLUSTER_HEALTH_NOMINAL | RETAIN_CURRENT_POD_REPLICA_COUNT | 200
K8S-02616 | prod-api | 3 | 42.5 | 1200 | CLUSTER_HEALTH_NOMINAL | RETAIN_CURRENT_POD_REPLICA_COUNT | 200
K8S-02617 | auth-service | 2 | 15.2 | 350 | CLUSTER_HEALTH_NOMINAL | RETAIN_CURRENT_POD_REPLICA_COUNT | 200
K8S-02618 | prod-api | 3 | 42.5 | 1200 | CLUSTER_HEALTH_NOMINAL | RETAIN_CURRENT_POD_REPLICA_COUNT | 200
K8S-02619 | prod-api | 3 | 89.8 | 8500 | RESOURCE_SATURATION_WARNING | TRIGGER_DYNAMIC_HORIZONTAL_POD_AUTOSCALING | 202
K8S-02620 | data-pipeline | 5 | 94.1 | 12000 | RESOURCE_SATURATION_WARNING | TRIGGER_DYNAMIC_HORIZONTAL_POD_AUTOSCALING | 202
K8S-02621 | auth-service | 2 | 15.2 | 350 | CLUSTER_HEALTH_NOMINAL | RETAIN_CURRENT_POD_REPLICA_COUNT | 200
K8S-02622 | auth-service | 2 | 15.2 | 350 | CLUSTER_HEALTH_NOMINAL | RETAIN_CURRENT_POD_REPLICA_COUNT | 200
K8S-02623 | prod-api | 3 | 42.5 | 1200 | CLUSTER_HEALTH_NOMINAL | RETAIN_CURRENT_POD_REPLICA_COUNT | 200
K8S-02624 | prod-api | 3 | 89.8 | 8500 | RESOURCE_SATURATION_WARNING | TRIGGER_DYNAMIC_HORIZONTAL_POD_AUTOSCALING | 202
K8S-02625 | auth-service | 2 | 15.2 | 350 | CLUSTER_HEALTH_NOMINAL | RETAIN_CURRENT_POD_REPLICA_COUNT | 200
K8S-02626 | prod-api | 3 | 42.5 | 1200 | CLUSTER_HEALTH_NOMINAL | RETAIN_CURRENT_POD_REPLICA_COUNT | 200
K8S-02627 | prod-api | 3 | 89.8 | 8500 | RESOURCE_SATURATION_WARNING | TRIGGER_DYNAMIC_HORIZONTAL_POD_AUTOSCALING | 202
K8S-02628 | data-pipeline | 5 | 94.1 | 12000 | RESOURCE_SATURATION_WARNING | TRIGGER_DYNAMIC_HORIZONTAL_POD_AUTOSCALING | 202
K8S-02629 | data-pipeline | 5 | 94.1 | 12000 | RESOURCE_SATURATION_WARNING | TRIGGER_DYNAMIC_HORIZONTAL_POD_AUTOSCALING | 202
K8S-02630 | data-pipeline | 5 | 94.1 | 12000 | RESOURCE_SATURATION_WARNING | TRIGGER_DYNAMIC_HORIZONTAL_POD_AUTOSCALING | 202
K8S-02631 | auth-service | 2 | 15.2 | 350 | CLUSTER_HEALTH_NOMINAL | RETAIN_CURRENT_POD_REPLICA_COUNT | 200
K8S-02632 | prod-api | 3 | 42.5 | 1200 | CLUSTER_HEALTH_NOMINAL | RETAIN_CURRENT_POD_REPLICA_COUNT | 200
K8S-02633 | data-pipeline | 5 | 94.1 | 12000 | RESOURCE_SATURATION_WARNING | TRIGGER_DYNAMIC_HORIZONTAL_POD_AUTOSCALING | 202
K8S-02634 | auth-service | 2 | 15.2 | 350 | CLUSTER_HEALTH_NOMINAL | RETAIN_CURRENT_POD_REPLICA_COUNT | 200
K8S-02635 | prod-api | 3 | 42.5 | 1200 | CLUSTER_HEALTH_NOMINAL | RETAIN_CURRENT_POD_REPLICA_COUNT | 200
K8S-02636 | data-pipeline | 5 | 94.1 | 12000 | RESOURCE_SATURATION_WARNING | TRIGGER_DYNAMIC_HORIZONTAL_POD_AUTOSCALING | 202
K8S-02637 | prod-api | 3 | 89.8 | 8500 | RESOURCE_SATURATION_WARNING | TRIGGER_DYNAMIC_HORIZONTAL_POD_AUTOSCALING | 202
K8S-02638 | auth-service | 2 | 15.2 | 350 | CLUSTER_HEALTH_NOMINAL | RETAIN_CURRENT_POD_REPLICA_COUNT | 200
K8S-02639 | data-pipeline | 5 | 94.1 | 12000 | RESOURCE_SATURATION_WARNING | TRIGGER_DYNAMIC_HORIZONTAL_POD_AUTOSCALING | 202
K8S-02640 | prod-api | 3 | 89.8 | 8500 | RESOURCE_SATURATION_WARNING | TRIGGER_DYNAMIC_HORIZONTAL_POD_AUTOSCALING | 202
K8S-02641 | auth-service | 2 | 15.2 | 350 | CLUSTER_HEALTH_NOMINAL | RETAIN_CURRENT_POD_REPLICA_COUNT | 200
K8S-02642 | data-pipeline | 5 | 94.1 | 12000 | RESOURCE_SATURATION_WARNING | TRIGGER_DYNAMIC_HORIZONTAL_POD_AUTOSCALING | 202
K8S-02643 | data-pipeline | 5 | 94.1 | 12000 | RESOURCE_SATURATION_WARNING | TRIGGER_DYNAMIC_HORIZONTAL_POD_AUTOSCALING | 202
K8S-02644 | prod-api | 3 | 42.5 | 1200 | CLUSTER_HEALTH_NOMINAL | RETAIN_CURRENT_POD_REPLICA_COUNT | 200
K8S-02645 | prod-api | 3 | 89.8 | 8500 | RESOURCE_SATURATION_WARNING | TRIGGER_DYNAMIC_HORIZONTAL_POD_AUTOSCALING | 202
K8S-02646 | prod-api | 3 | 42.5 | 1200 | CLUSTER_HEALTH_NOMINAL | RETAIN_CURRENT_POD_REPLICA_COUNT | 200
K8S-02647 | auth-service | 2 | 15.2 | 350 | CLUSTER_HEALTH_NOMINAL | RETAIN_CURRENT_POD_REPLICA_COUNT | 200
K8S-02648 | prod-api | 3 | 42.5 | 1200 | CLUSTER_HEALTH_NOMINAL | RETAIN_CURRENT_POD_REPLICA_COUNT | 200
K8S-02649 | prod-api | 3 | 89.8 | 8500 | RESOURCE_SATURATION_WARNING | TRIGGER_DYNAMIC_HORIZONTAL_POD_AUTOSCALING | 202
K8S-02650 | data-pipeline | 5 | 94.1 | 12000 | RESOURCE_SATURATION_WARNING | TRIGGER_DYNAMIC_HORIZONTAL_POD_AUTOSCALING | 202
K8S-02651 | prod-api | 3 | 42.5 | 1200 | CLUSTER_HEALTH_NOMINAL | RETAIN_CURRENT_POD_REPLICA_COUNT | 200
K8S-02652 | prod-api | 3 | 42.5 | 1200 | CLUSTER_HEALTH_NOMINAL | RETAIN_CURRENT_POD_REPLICA_COUNT | 200
K8S-02653 | auth-service | 2 | 15.2 | 350 | CLUSTER_HEALTH_NOMINAL | RETAIN_CURRENT_POD_REPLICA_COUNT | 200
K8S-02654 | auth-service | 2 | 15.2 | 350 | CLUSTER_HEALTH_NOMINAL | RETAIN_CURRENT_POD_REPLICA_COUNT | 200
K8S-02655 | prod-api | 3 | 42.5 | 1200 | CLUSTER_HEALTH_NOMINAL | RETAIN_CURRENT_POD_REPLICA_COUNT | 200
K8S-02656 | prod-api | 3 | 42.5 | 1200 | CLUSTER_HEALTH_NOMINAL | RETAIN_CURRENT_POD_REPLICA_COUNT | 200
K8S-02657 | prod-api | 3 | 89.8 | 8500 | RESOURCE_SATURATION_WARNING | TRIGGER_DYNAMIC_HORIZONTAL_POD_AUTOSCALING | 202
K8S-02658 | prod-api | 3 | 89.8 | 8500 | RESOURCE_SATURATION_WARNING | TRIGGER_DYNAMIC_HORIZONTAL_POD_AUTOSCALING | 202
K8S-02659 | prod-api | 3 | 89.8 | 8500 | RESOURCE_SATURATION_WARNING | TRIGGER_DYNAMIC_HORIZONTAL_POD_AUTOSCALING | 202
K8S-02660 | data-pipeline | 5 | 94.1 | 12000 | RESOURCE_SATURATION_WARNING | TRIGGER_DYNAMIC_HORIZONTAL_POD_AUTOSCALING | 202
K8S-02661 | prod-api | 3 | 42.5 | 1200 | CLUSTER_HEALTH_NOMINAL | RETAIN_CURRENT_POD_REPLICA_COUNT | 200
K8S-02662 | data-pipeline | 5 | 94.1 | 12000 | RESOURCE_SATURATION_WARNING | TRIGGER_DYNAMIC_HORIZONTAL_POD_AUTOSCALING | 202
K8S-02663 | prod-api | 3 | 89.8 | 8500 | RESOURCE_SATURATION_WARNING | TRIGGER_DYNAMIC_HORIZONTAL_POD_AUTOSCALING | 202
K8S-02664 | prod-api | 3 | 42.5 | 1200 | CLUSTER_HEALTH_NOMINAL | RETAIN_CURRENT_POD_REPLICA_COUNT | 200
K8S-02665 | prod-api | 3 | 89.8 | 8500 | RESOURCE_SATURATION_WARNING | TRIGGER_DYNAMIC_HORIZONTAL_POD_AUTOSCALING | 202
K8S-02666 | prod-api | 3 | 89.8 | 8500 | RESOURCE_SATURATION_WARNING | TRIGGER_DYNAMIC_HORIZONTAL_POD_AUTOSCALING | 202
K8S-02667 | prod-api | 3 | 42.5 | 1200 | CLUSTER_HEALTH_NOMINAL | RETAIN_CURRENT_POD_REPLICA_COUNT | 200
K8S-02668 | auth-service | 2 | 15.2 | 350 | CLUSTER_HEALTH_NOMINAL | RETAIN_CURRENT_POD_REPLICA_COUNT | 200
K8S-02669 | prod-api | 3 | 89.8 | 8500 | RESOURCE_SATURATION_WARNING | TRIGGER_DYNAMIC_HORIZONTAL_POD_AUTOSCALING | 202
K8S-02670 | data-pipeline | 5 | 94.1 | 12000 | RESOURCE_SATURATION_WARNING | TRIGGER_DYNAMIC_HORIZONTAL_POD_AUTOSCALING | 202
K8S-02671 | data-pipeline | 5 | 94.1 | 12000 | RESOURCE_SATURATION_WARNING | TRIGGER_DYNAMIC_HORIZONTAL_POD_AUTOSCALING | 202
K8S-02672 | prod-api | 3 | 42.5 | 1200 | CLUSTER_HEALTH_NOMINAL | RETAIN_CURRENT_POD_REPLICA_COUNT | 200
K8S-02673 | auth-service | 2 | 15.2 | 350 | CLUSTER_HEALTH_NOMINAL | RETAIN_CURRENT_POD_REPLICA_COUNT | 200
K8S-02674 | data-pipeline | 5 | 94.1 | 12000 | RESOURCE_SATURATION_WARNING | TRIGGER_DYNAMIC_HORIZONTAL_POD_AUTOSCALING | 202
K8S-02675 | prod-api | 3 | 42.5 | 1200 | CLUSTER_HEALTH_NOMINAL | RETAIN_CURRENT_POD_REPLICA_COUNT | 200
K8S-02676 | prod-api | 3 | 42.5 | 1200 | CLUSTER_HEALTH_NOMINAL | RETAIN_CURRENT_POD_REPLICA_COUNT | 200
K8S-02677 | prod-api | 3 | 89.8 | 8500 | RESOURCE_SATURATION_WARNING | TRIGGER_DYNAMIC_HORIZONTAL_POD_AUTOSCALING | 202
K8S-02678 | data-pipeline | 5 | 94.1 | 12000 | RESOURCE_SATURATION_WARNING | TRIGGER_DYNAMIC_HORIZONTAL_POD_AUTOSCALING | 202
K8S-02679 | data-pipeline | 5 | 94.1 | 12000 | RESOURCE_SATURATION_WARNING | TRIGGER_DYNAMIC_HORIZONTAL_POD_AUTOSCALING | 202
K8S-02680 | prod-api | 3 | 89.8 | 8500 | RESOURCE_SATURATION_WARNING | TRIGGER_DYNAMIC_HORIZONTAL_POD_AUTOSCALING | 202
K8S-02681 | prod-api | 3 | 89.8 | 8500 | RESOURCE_SATURATION_WARNING | TRIGGER_DYNAMIC_HORIZONTAL_POD_AUTOSCALING | 202
K8S-02682 | prod-api | 3 | 89.8 | 8500 | RESOURCE_SATURATION_WARNING | TRIGGER_DYNAMIC_HORIZONTAL_POD_AUTOSCALING | 202
K8S-02683 | data-pipeline | 5 | 94.1 | 12000 | RESOURCE_SATURATION_WARNING | TRIGGER_DYNAMIC_HORIZONTAL_POD_AUTOSCALING | 202
K8S-02684 | prod-api | 3 | 89.8 | 8500 | RESOURCE_SATURATION_WARNING | TRIGGER_DYNAMIC_HORIZONTAL_POD_AUTOSCALING | 202
K8S-02685 | data-pipeline | 5 | 94.1 | 12000 | RESOURCE_SATURATION_WARNING | TRIGGER_DYNAMIC_HORIZONTAL_POD_AUTOSCALING | 202
K8S-02686 | auth-service | 2 | 15.2 | 350 | CLUSTER_HEALTH_NOMINAL | RETAIN_CURRENT_POD_REPLICA_COUNT | 200
K8S-02687 | data-pipeline | 5 | 94.1 | 12000 | RESOURCE_SATURATION_WARNING | TRIGGER_DYNAMIC_HORIZONTAL_POD_AUTOSCALING | 202
K8S-02688 | prod-api | 3 | 42.5 | 1200 | CLUSTER_HEALTH_NOMINAL | RETAIN_CURRENT_POD_REPLICA_COUNT | 200
K8S-02689 | prod-api | 3 | 42.5 | 1200 | CLUSTER_HEALTH_NOMINAL | RETAIN_CURRENT_POD_REPLICA_COUNT | 200
K8S-02690 | prod-api | 3 | 89.8 | 8500 | RESOURCE_SATURATION_WARNING | TRIGGER_DYNAMIC_HORIZONTAL_POD_AUTOSCALING | 202
K8S-02691 | prod-api | 3 | 89.8 | 8500 | RESOURCE_SATURATION_WARNING | TRIGGER_DYNAMIC_HORIZONTAL_POD_AUTOSCALING | 202
K8S-02692 | auth-service | 2 | 15.2 | 350 | CLUSTER_HEALTH_NOMINAL | RETAIN_CURRENT_POD_REPLICA_COUNT | 200
K8S-02693 | auth-service | 2 | 15.2 | 350 | CLUSTER_HEALTH_NOMINAL | RETAIN_CURRENT_POD_REPLICA_COUNT | 200
K8S-02694 | prod-api | 3 | 89.8 | 8500 | RESOURCE_SATURATION_WARNING | TRIGGER_DYNAMIC_HORIZONTAL_POD_AUTOSCALING | 202
K8S-02695 | auth-service | 2 | 15.2 | 350 | CLUSTER_HEALTH_NOMINAL | RETAIN_CURRENT_POD_REPLICA_COUNT | 200
K8S-02696 | prod-api | 3 | 42.5 | 1200 | CLUSTER_HEALTH_NOMINAL | RETAIN_CURRENT_POD_REPLICA_COUNT | 200
K8S-02697 | prod-api | 3 | 42.5 | 1200 | CLUSTER_HEALTH_NOMINAL | RETAIN_CURRENT_POD_REPLICA_COUNT | 200
K8S-02698 | prod-api | 3 | 42.5 | 1200 | CLUSTER_HEALTH_NOMINAL | RETAIN_CURRENT_POD_REPLICA_COUNT | 200
K8S-02699 | prod-api | 3 | 89.8 | 8500 | RESOURCE_SATURATION_WARNING | TRIGGER_DYNAMIC_HORIZONTAL_POD_AUTOSCALING | 202
K8S-02700 | auth-service | 2 | 15.2 | 350 | CLUSTER_HEALTH_NOMINAL | RETAIN_CURRENT_POD_REPLICA_COUNT | 200
K8S-02701 | prod-api | 3 | 89.8 | 8500 | RESOURCE_SATURATION_WARNING | TRIGGER_DYNAMIC_HORIZONTAL_POD_AUTOSCALING | 202
K8S-02702 | prod-api | 3 | 89.8 | 8500 | RESOURCE_SATURATION_WARNING | TRIGGER_DYNAMIC_HORIZONTAL_POD_AUTOSCALING | 202
K8S-02703 | data-pipeline | 5 | 94.1 | 12000 | RESOURCE_SATURATION_WARNING | TRIGGER_DYNAMIC_HORIZONTAL_POD_AUTOSCALING | 202
K8S-02704 | data-pipeline | 5 | 94.1 | 12000 | RESOURCE_SATURATION_WARNING | TRIGGER_DYNAMIC_HORIZONTAL_POD_AUTOSCALING | 202
K8S-02705 | auth-service | 2 | 15.2 | 350 | CLUSTER_HEALTH_NOMINAL | RETAIN_CURRENT_POD_REPLICA_COUNT | 200
K8S-02706 | prod-api | 3 | 89.8 | 8500 | RESOURCE_SATURATION_WARNING | TRIGGER_DYNAMIC_HORIZONTAL_POD_AUTOSCALING | 202
K8S-02707 | auth-service | 2 | 15.2 | 350 | CLUSTER_HEALTH_NOMINAL | RETAIN_CURRENT_POD_REPLICA_COUNT | 200
K8S-02708 | auth-service | 2 | 15.2 | 350 | CLUSTER_HEALTH_NOMINAL | RETAIN_CURRENT_POD_REPLICA_COUNT | 200
K8S-02709 | data-pipeline | 5 | 94.1 | 12000 | RESOURCE_SATURATION_WARNING | TRIGGER_DYNAMIC_HORIZONTAL_POD_AUTOSCALING | 202
K8S-02710 | prod-api | 3 | 42.5 | 1200 | CLUSTER_HEALTH_NOMINAL | RETAIN_CURRENT_POD_REPLICA_COUNT | 200
K8S-02711 | data-pipeline | 5 | 94.1 | 12000 | RESOURCE_SATURATION_WARNING | TRIGGER_DYNAMIC_HORIZONTAL_POD_AUTOSCALING | 202
K8S-02712 | auth-service | 2 | 15.2 | 350 | CLUSTER_HEALTH_NOMINAL | RETAIN_CURRENT_POD_REPLICA_COUNT | 200
K8S-02713 | prod-api | 3 | 89.8 | 8500 | RESOURCE_SATURATION_WARNING | TRIGGER_DYNAMIC_HORIZONTAL_POD_AUTOSCALING | 202
K8S-02714 | auth-service | 2 | 15.2 | 350 | CLUSTER_HEALTH_NOMINAL | RETAIN_CURRENT_POD_REPLICA_COUNT | 200
K8S-02715 | auth-service | 2 | 15.2 | 350 | CLUSTER_HEALTH_NOMINAL | RETAIN_CURRENT_POD_REPLICA_COUNT | 200
K8S-02716 | data-pipeline | 5 | 94.1 | 12000 | RESOURCE_SATURATION_WARNING | TRIGGER_DYNAMIC_HORIZONTAL_POD_AUTOSCALING | 202
K8S-02717 | auth-service | 2 | 15.2 | 350 | CLUSTER_HEALTH_NOMINAL | RETAIN_CURRENT_POD_REPLICA_COUNT | 200
K8S-02718 | prod-api | 3 | 42.5 | 1200 | CLUSTER_HEALTH_NOMINAL | RETAIN_CURRENT_POD_REPLICA_COUNT | 200
K8S-02719 | auth-service | 2 | 15.2 | 350 | CLUSTER_HEALTH_NOMINAL | RETAIN_CURRENT_POD_REPLICA_COUNT | 200
K8S-02720 | prod-api | 3 | 89.8 | 8500 | RESOURCE_SATURATION_WARNING | TRIGGER_DYNAMIC_HORIZONTAL_POD_AUTOSCALING | 202
K8S-02721 | data-pipeline | 5 | 94.1 | 12000 | RESOURCE_SATURATION_WARNING | TRIGGER_DYNAMIC_HORIZONTAL_POD_AUTOSCALING | 202
K8S-02722 | prod-api | 3 | 89.8 | 8500 | RESOURCE_SATURATION_WARNING | TRIGGER_DYNAMIC_HORIZONTAL_POD_AUTOSCALING | 202
K8S-02723 | data-pipeline | 5 | 94.1 | 12000 | RESOURCE_SATURATION_WARNING | TRIGGER_DYNAMIC_HORIZONTAL_POD_AUTOSCALING | 202
K8S-02724 | prod-api | 3 | 89.8 | 8500 | RESOURCE_SATURATION_WARNING | TRIGGER_DYNAMIC_HORIZONTAL_POD_AUTOSCALING | 202
K8S-02725 | auth-service | 2 | 15.2 | 350 | CLUSTER_HEALTH_NOMINAL | RETAIN_CURRENT_POD_REPLICA_COUNT | 200
K8S-02726 | data-pipeline | 5 | 94.1 | 12000 | RESOURCE_SATURATION_WARNING | TRIGGER_DYNAMIC_HORIZONTAL_POD_AUTOSCALING | 202
K8S-02727 | prod-api | 3 | 89.8 | 8500 | RESOURCE_SATURATION_WARNING | TRIGGER_DYNAMIC_HORIZONTAL_POD_AUTOSCALING | 202
K8S-02728 | auth-service | 2 | 15.2 | 350 | CLUSTER_HEALTH_NOMINAL | RETAIN_CURRENT_POD_REPLICA_COUNT | 200
K8S-02729 | prod-api | 3 | 42.5 | 1200 | CLUSTER_HEALTH_NOMINAL | RETAIN_CURRENT_POD_REPLICA_COUNT | 200
K8S-02730 | auth-service | 2 | 15.2 | 350 | CLUSTER_HEALTH_NOMINAL | RETAIN_CURRENT_POD_REPLICA_COUNT | 200
K8S-02731 | prod-api | 3 | 42.5 | 1200 | CLUSTER_HEALTH_NOMINAL | RETAIN_CURRENT_POD_REPLICA_COUNT | 200
K8S-02732 | data-pipeline | 5 | 94.1 | 12000 | RESOURCE_SATURATION_WARNING | TRIGGER_DYNAMIC_HORIZONTAL_POD_AUTOSCALING | 202
K8S-02733 | data-pipeline | 5 | 94.1 | 12000 | RESOURCE_SATURATION_WARNING | TRIGGER_DYNAMIC_HORIZONTAL_POD_AUTOSCALING | 202
K8S-02734 | prod-api | 3 | 42.5 | 1200 | CLUSTER_HEALTH_NOMINAL | RETAIN_CURRENT_POD_REPLICA_COUNT | 200
K8S-02735 | data-pipeline | 5 | 94.1 | 12000 | RESOURCE_SATURATION_WARNING | TRIGGER_DYNAMIC_HORIZONTAL_POD_AUTOSCALING | 202
K8S-02736 | auth-service | 2 | 15.2 | 350 | CLUSTER_HEALTH_NOMINAL | RETAIN_CURRENT_POD_REPLICA_COUNT | 200
K8S-02737 | auth-service | 2 | 15.2 | 350 | CLUSTER_HEALTH_NOMINAL | RETAIN_CURRENT_POD_REPLICA_COUNT | 200
K8S-02738 | auth-service | 2 | 15.2 | 350 | CLUSTER_HEALTH_NOMINAL | RETAIN_CURRENT_POD_REPLICA_COUNT | 200
K8S-02739 | data-pipeline | 5 | 94.1 | 12000 | RESOURCE_SATURATION_WARNING | TRIGGER_DYNAMIC_HORIZONTAL_POD_AUTOSCALING | 202
K8S-02740 | auth-service | 2 | 15.2 | 350 | CLUSTER_HEALTH_NOMINAL | RETAIN_CURRENT_POD_REPLICA_COUNT | 200
K8S-02741 | prod-api | 3 | 89.8 | 8500 | RESOURCE_SATURATION_WARNING | TRIGGER_DYNAMIC_HORIZONTAL_POD_AUTOSCALING | 202
K8S-02742 | auth-service | 2 | 15.2 | 350 | CLUSTER_HEALTH_NOMINAL | RETAIN_CURRENT_POD_REPLICA_COUNT | 200
K8S-02743 | data-pipeline | 5 | 94.1 | 12000 | RESOURCE_SATURATION_WARNING | TRIGGER_DYNAMIC_HORIZONTAL_POD_AUTOSCALING | 202
K8S-02744 | auth-service | 2 | 15.2 | 350 | CLUSTER_HEALTH_NOMINAL | RETAIN_CURRENT_POD_REPLICA_COUNT | 200
K8S-02745 | prod-api | 3 | 89.8 | 8500 | RESOURCE_SATURATION_WARNING | TRIGGER_DYNAMIC_HORIZONTAL_POD_AUTOSCALING | 202
K8S-02746 | prod-api | 3 | 42.5 | 1200 | CLUSTER_HEALTH_NOMINAL | RETAIN_CURRENT_POD_REPLICA_COUNT | 200
K8S-02747 | prod-api | 3 | 89.8 | 8500 | RESOURCE_SATURATION_WARNING | TRIGGER_DYNAMIC_HORIZONTAL_POD_AUTOSCALING | 202
K8S-02748 | auth-service | 2 | 15.2 | 350 | CLUSTER_HEALTH_NOMINAL | RETAIN_CURRENT_POD_REPLICA_COUNT | 200
K8S-02749 | prod-api | 3 | 42.5 | 1200 | CLUSTER_HEALTH_NOMINAL | RETAIN_CURRENT_POD_REPLICA_COUNT | 200
K8S-02750 | data-pipeline | 5 | 94.1 | 12000 | RESOURCE_SATURATION_WARNING | TRIGGER_DYNAMIC_HORIZONTAL_POD_AUTOSCALING | 202
K8S-02751 | data-pipeline | 5 | 94.1 | 12000 | RESOURCE_SATURATION_WARNING | TRIGGER_DYNAMIC_HORIZONTAL_POD_AUTOSCALING | 202
K8S-02752 | prod-api | 3 | 89.8 | 8500 | RESOURCE_SATURATION_WARNING | TRIGGER_DYNAMIC_HORIZONTAL_POD_AUTOSCALING | 202
K8S-02753 | prod-api | 3 | 89.8 | 8500 | RESOURCE_SATURATION_WARNING | TRIGGER_DYNAMIC_HORIZONTAL_POD_AUTOSCALING | 202
K8S-02754 | prod-api | 3 | 42.5 | 1200 | CLUSTER_HEALTH_NOMINAL | RETAIN_CURRENT_POD_REPLICA_COUNT | 200
K8S-02755 | prod-api | 3 | 89.8 | 8500 | RESOURCE_SATURATION_WARNING | TRIGGER_DYNAMIC_HORIZONTAL_POD_AUTOSCALING | 202
K8S-02756 | prod-api | 3 | 89.8 | 8500 | RESOURCE_SATURATION_WARNING | TRIGGER_DYNAMIC_HORIZONTAL_POD_AUTOSCALING | 202
K8S-02757 | data-pipeline | 5 | 94.1 | 12000 | RESOURCE_SATURATION_WARNING | TRIGGER_DYNAMIC_HORIZONTAL_POD_AUTOSCALING | 202
K8S-02758 | prod-api | 3 | 89.8 | 8500 | RESOURCE_SATURATION_WARNING | TRIGGER_DYNAMIC_HORIZONTAL_POD_AUTOSCALING | 202
K8S-02759 | prod-api | 3 | 89.8 | 8500 | RESOURCE_SATURATION_WARNING | TRIGGER_DYNAMIC_HORIZONTAL_POD_AUTOSCALING | 202
K8S-02760 | prod-api | 3 | 42.5 | 1200 | CLUSTER_HEALTH_NOMINAL | RETAIN_CURRENT_POD_REPLICA_COUNT | 200
K8S-02761 | data-pipeline | 5 | 94.1 | 12000 | RESOURCE_SATURATION_WARNING | TRIGGER_DYNAMIC_HORIZONTAL_POD_AUTOSCALING | 202
K8S-02762 | prod-api | 3 | 89.8 | 8500 | RESOURCE_SATURATION_WARNING | TRIGGER_DYNAMIC_HORIZONTAL_POD_AUTOSCALING | 202
K8S-02763 | prod-api | 3 | 42.5 | 1200 | CLUSTER_HEALTH_NOMINAL | RETAIN_CURRENT_POD_REPLICA_COUNT | 200
K8S-02764 | prod-api | 3 | 89.8 | 8500 | RESOURCE_SATURATION_WARNING | TRIGGER_DYNAMIC_HORIZONTAL_POD_AUTOSCALING | 202
K8S-02765 | prod-api | 3 | 89.8 | 8500 | RESOURCE_SATURATION_WARNING | TRIGGER_DYNAMIC_HORIZONTAL_POD_AUTOSCALING | 202
K8S-02766 | prod-api | 3 | 42.5 | 1200 | CLUSTER_HEALTH_NOMINAL | RETAIN_CURRENT_POD_REPLICA_COUNT | 200
K8S-02767 | prod-api | 3 | 42.5 | 1200 | CLUSTER_HEALTH_NOMINAL | RETAIN_CURRENT_POD_REPLICA_COUNT | 200
K8S-02768 | prod-api | 3 | 42.5 | 1200 | CLUSTER_HEALTH_NOMINAL | RETAIN_CURRENT_POD_REPLICA_COUNT | 200
K8S-02769 | prod-api | 3 | 89.8 | 8500 | RESOURCE_SATURATION_WARNING | TRIGGER_DYNAMIC_HORIZONTAL_POD_AUTOSCALING | 202
K8S-02770 | auth-service | 2 | 15.2 | 350 | CLUSTER_HEALTH_NOMINAL | RETAIN_CURRENT_POD_REPLICA_COUNT | 200
K8S-02771 | data-pipeline | 5 | 94.1 | 12000 | RESOURCE_SATURATION_WARNING | TRIGGER_DYNAMIC_HORIZONTAL_POD_AUTOSCALING | 202
K8S-02772 | auth-service | 2 | 15.2 | 350 | CLUSTER_HEALTH_NOMINAL | RETAIN_CURRENT_POD_REPLICA_COUNT | 200
K8S-02773 | prod-api | 3 | 89.8 | 8500 | RESOURCE_SATURATION_WARNING | TRIGGER_DYNAMIC_HORIZONTAL_POD_AUTOSCALING | 202
K8S-02774 | prod-api | 3 | 89.8 | 8500 | RESOURCE_SATURATION_WARNING | TRIGGER_DYNAMIC_HORIZONTAL_POD_AUTOSCALING | 202
K8S-02775 | prod-api | 3 | 42.5 | 1200 | CLUSTER_HEALTH_NOMINAL | RETAIN_CURRENT_POD_REPLICA_COUNT | 200
K8S-02776 | auth-service | 2 | 15.2 | 350 | CLUSTER_HEALTH_NOMINAL | RETAIN_CURRENT_POD_REPLICA_COUNT | 200
K8S-02777 | auth-service | 2 | 15.2 | 350 | CLUSTER_HEALTH_NOMINAL | RETAIN_CURRENT_POD_REPLICA_COUNT | 200
K8S-02778 | prod-api | 3 | 89.8 | 8500 | RESOURCE_SATURATION_WARNING | TRIGGER_DYNAMIC_HORIZONTAL_POD_AUTOSCALING | 202
K8S-02779 | prod-api | 3 | 89.8 | 8500 | RESOURCE_SATURATION_WARNING | TRIGGER_DYNAMIC_HORIZONTAL_POD_AUTOSCALING | 202
K8S-02780 | prod-api | 3 | 42.5 | 1200 | CLUSTER_HEALTH_NOMINAL | RETAIN_CURRENT_POD_REPLICA_COUNT | 200
K8S-02781 | prod-api | 3 | 89.8 | 8500 | RESOURCE_SATURATION_WARNING | TRIGGER_DYNAMIC_HORIZONTAL_POD_AUTOSCALING | 202
K8S-02782 | prod-api | 3 | 89.8 | 8500 | RESOURCE_SATURATION_WARNING | TRIGGER_DYNAMIC_HORIZONTAL_POD_AUTOSCALING | 202
K8S-02783 | auth-service | 2 | 15.2 | 350 | CLUSTER_HEALTH_NOMINAL | RETAIN_CURRENT_POD_REPLICA_COUNT | 200
K8S-02784 | prod-api | 3 | 42.5 | 1200 | CLUSTER_HEALTH_NOMINAL | RETAIN_CURRENT_POD_REPLICA_COUNT | 200
K8S-02785 | prod-api | 3 | 89.8 | 8500 | RESOURCE_SATURATION_WARNING | TRIGGER_DYNAMIC_HORIZONTAL_POD_AUTOSCALING | 202
K8S-02786 | auth-service | 2 | 15.2 | 350 | CLUSTER_HEALTH_NOMINAL | RETAIN_CURRENT_POD_REPLICA_COUNT | 200
K8S-02787 | auth-service | 2 | 15.2 | 350 | CLUSTER_HEALTH_NOMINAL | RETAIN_CURRENT_POD_REPLICA_COUNT | 200
K8S-02788 | data-pipeline | 5 | 94.1 | 12000 | RESOURCE_SATURATION_WARNING | TRIGGER_DYNAMIC_HORIZONTAL_POD_AUTOSCALING | 202
K8S-02789 | auth-service | 2 | 15.2 | 350 | CLUSTER_HEALTH_NOMINAL | RETAIN_CURRENT_POD_REPLICA_COUNT | 200
K8S-02790 | data-pipeline | 5 | 94.1 | 12000 | RESOURCE_SATURATION_WARNING | TRIGGER_DYNAMIC_HORIZONTAL_POD_AUTOSCALING | 202
K8S-02791 | prod-api | 3 | 42.5 | 1200 | CLUSTER_HEALTH_NOMINAL | RETAIN_CURRENT_POD_REPLICA_COUNT | 200
K8S-02792 | prod-api | 3 | 42.5 | 1200 | CLUSTER_HEALTH_NOMINAL | RETAIN_CURRENT_POD_REPLICA_COUNT | 200
K8S-02793 | data-pipeline | 5 | 94.1 | 12000 | RESOURCE_SATURATION_WARNING | TRIGGER_DYNAMIC_HORIZONTAL_POD_AUTOSCALING | 202
K8S-02794 | data-pipeline | 5 | 94.1 | 12000 | RESOURCE_SATURATION_WARNING | TRIGGER_DYNAMIC_HORIZONTAL_POD_AUTOSCALING | 202
K8S-02795 | auth-service | 2 | 15.2 | 350 | CLUSTER_HEALTH_NOMINAL | RETAIN_CURRENT_POD_REPLICA_COUNT | 200
K8S-02796 | prod-api | 3 | 42.5 | 1200 | CLUSTER_HEALTH_NOMINAL | RETAIN_CURRENT_POD_REPLICA_COUNT | 200
K8S-02797 | prod-api | 3 | 42.5 | 1200 | CLUSTER_HEALTH_NOMINAL | RETAIN_CURRENT_POD_REPLICA_COUNT | 200
K8S-02798 | auth-service | 2 | 15.2 | 350 | CLUSTER_HEALTH_NOMINAL | RETAIN_CURRENT_POD_REPLICA_COUNT | 200
K8S-02799 | auth-service | 2 | 15.2 | 350 | CLUSTER_HEALTH_NOMINAL | RETAIN_CURRENT_POD_REPLICA_COUNT | 200
K8S-02800 | data-pipeline | 5 | 94.1 | 12000 | RESOURCE_SATURATION_WARNING | TRIGGER_DYNAMIC_HORIZONTAL_POD_AUTOSCALING | 202
K8S-02801 | prod-api | 3 | 89.8 | 8500 | RESOURCE_SATURATION_WARNING | TRIGGER_DYNAMIC_HORIZONTAL_POD_AUTOSCALING | 202
K8S-02802 | auth-service | 2 | 15.2 | 350 | CLUSTER_HEALTH_NOMINAL | RETAIN_CURRENT_POD_REPLICA_COUNT | 200
K8S-02803 | data-pipeline | 5 | 94.1 | 12000 | RESOURCE_SATURATION_WARNING | TRIGGER_DYNAMIC_HORIZONTAL_POD_AUTOSCALING | 202
K8S-02804 | prod-api | 3 | 42.5 | 1200 | CLUSTER_HEALTH_NOMINAL | RETAIN_CURRENT_POD_REPLICA_COUNT | 200
K8S-02805 | prod-api | 3 | 89.8 | 8500 | RESOURCE_SATURATION_WARNING | TRIGGER_DYNAMIC_HORIZONTAL_POD_AUTOSCALING | 202
K8S-02806 | prod-api | 3 | 42.5 | 1200 | CLUSTER_HEALTH_NOMINAL | RETAIN_CURRENT_POD_REPLICA_COUNT | 200
K8S-02807 | prod-api | 3 | 89.8 | 8500 | RESOURCE_SATURATION_WARNING | TRIGGER_DYNAMIC_HORIZONTAL_POD_AUTOSCALING | 202
K8S-02808 | prod-api | 3 | 42.5 | 1200 | CLUSTER_HEALTH_NOMINAL | RETAIN_CURRENT_POD_REPLICA_COUNT | 200
K8S-02809 | prod-api | 3 | 42.5 | 1200 | CLUSTER_HEALTH_NOMINAL | RETAIN_CURRENT_POD_REPLICA_COUNT | 200
K8S-02810 | prod-api | 3 | 42.5 | 1200 | CLUSTER_HEALTH_NOMINAL | RETAIN_CURRENT_POD_REPLICA_COUNT | 200
K8S-02811 | prod-api | 3 | 89.8 | 8500 | RESOURCE_SATURATION_WARNING | TRIGGER_DYNAMIC_HORIZONTAL_POD_AUTOSCALING | 202
K8S-02812 | auth-service | 2 | 15.2 | 350 | CLUSTER_HEALTH_NOMINAL | RETAIN_CURRENT_POD_REPLICA_COUNT | 200
K8S-02813 | data-pipeline | 5 | 94.1 | 12000 | RESOURCE_SATURATION_WARNING | TRIGGER_DYNAMIC_HORIZONTAL_POD_AUTOSCALING | 202
K8S-02814 | prod-api | 3 | 89.8 | 8500 | RESOURCE_SATURATION_WARNING | TRIGGER_DYNAMIC_HORIZONTAL_POD_AUTOSCALING | 202
K8S-02815 | prod-api | 3 | 89.8 | 8500 | RESOURCE_SATURATION_WARNING | TRIGGER_DYNAMIC_HORIZONTAL_POD_AUTOSCALING | 202
K8S-02816 | auth-service | 2 | 15.2 | 350 | CLUSTER_HEALTH_NOMINAL | RETAIN_CURRENT_POD_REPLICA_COUNT | 200
K8S-02817 | auth-service | 2 | 15.2 | 350 | CLUSTER_HEALTH_NOMINAL | RETAIN_CURRENT_POD_REPLICA_COUNT | 200
K8S-02818 | prod-api | 3 | 42.5 | 1200 | CLUSTER_HEALTH_NOMINAL | RETAIN_CURRENT_POD_REPLICA_COUNT | 200
K8S-02819 | auth-service | 2 | 15.2 | 350 | CLUSTER_HEALTH_NOMINAL | RETAIN_CURRENT_POD_REPLICA_COUNT | 200
K8S-02820 | auth-service | 2 | 15.2 | 350 | CLUSTER_HEALTH_NOMINAL | RETAIN_CURRENT_POD_REPLICA_COUNT | 200
K8S-02821 | auth-service | 2 | 15.2 | 350 | CLUSTER_HEALTH_NOMINAL | RETAIN_CURRENT_POD_REPLICA_COUNT | 200
K8S-02822 | prod-api | 3 | 42.5 | 1200 | CLUSTER_HEALTH_NOMINAL | RETAIN_CURRENT_POD_REPLICA_COUNT | 200
K8S-02823 | auth-service | 2 | 15.2 | 350 | CLUSTER_HEALTH_NOMINAL | RETAIN_CURRENT_POD_REPLICA_COUNT | 200
K8S-02824 | data-pipeline | 5 | 94.1 | 12000 | RESOURCE_SATURATION_WARNING | TRIGGER_DYNAMIC_HORIZONTAL_POD_AUTOSCALING | 202
K8S-02825 | prod-api | 3 | 42.5 | 1200 | CLUSTER_HEALTH_NOMINAL | RETAIN_CURRENT_POD_REPLICA_COUNT | 200
K8S-02826 | prod-api | 3 | 89.8 | 8500 | RESOURCE_SATURATION_WARNING | TRIGGER_DYNAMIC_HORIZONTAL_POD_AUTOSCALING | 202
K8S-02827 | auth-service | 2 | 15.2 | 350 | CLUSTER_HEALTH_NOMINAL | RETAIN_CURRENT_POD_REPLICA_COUNT | 200
K8S-02828 | auth-service | 2 | 15.2 | 350 | CLUSTER_HEALTH_NOMINAL | RETAIN_CURRENT_POD_REPLICA_COUNT | 200
K8S-02829 | auth-service | 2 | 15.2 | 350 | CLUSTER_HEALTH_NOMINAL | RETAIN_CURRENT_POD_REPLICA_COUNT | 200
K8S-02830 | auth-service | 2 | 15.2 | 350 | CLUSTER_HEALTH_NOMINAL | RETAIN_CURRENT_POD_REPLICA_COUNT | 200
K8S-02831 | prod-api | 3 | 42.5 | 1200 | CLUSTER_HEALTH_NOMINAL | RETAIN_CURRENT_POD_REPLICA_COUNT | 200
K8S-02832 | data-pipeline | 5 | 94.1 | 12000 | RESOURCE_SATURATION_WARNING | TRIGGER_DYNAMIC_HORIZONTAL_POD_AUTOSCALING | 202
K8S-02833 | data-pipeline | 5 | 94.1 | 12000 | RESOURCE_SATURATION_WARNING | TRIGGER_DYNAMIC_HORIZONTAL_POD_AUTOSCALING | 202
K8S-02834 | data-pipeline | 5 | 94.1 | 12000 | RESOURCE_SATURATION_WARNING | TRIGGER_DYNAMIC_HORIZONTAL_POD_AUTOSCALING | 202
K8S-02835 | auth-service | 2 | 15.2 | 350 | CLUSTER_HEALTH_NOMINAL | RETAIN_CURRENT_POD_REPLICA_COUNT | 200
K8S-02836 | prod-api | 3 | 89.8 | 8500 | RESOURCE_SATURATION_WARNING | TRIGGER_DYNAMIC_HORIZONTAL_POD_AUTOSCALING | 202
K8S-02837 | prod-api | 3 | 89.8 | 8500 | RESOURCE_SATURATION_WARNING | TRIGGER_DYNAMIC_HORIZONTAL_POD_AUTOSCALING | 202
K8S-02838 | auth-service | 2 | 15.2 | 350 | CLUSTER_HEALTH_NOMINAL | RETAIN_CURRENT_POD_REPLICA_COUNT | 200
K8S-02839 | prod-api | 3 | 42.5 | 1200 | CLUSTER_HEALTH_NOMINAL | RETAIN_CURRENT_POD_REPLICA_COUNT | 200
K8S-02840 | prod-api | 3 | 42.5 | 1200 | CLUSTER_HEALTH_NOMINAL | RETAIN_CURRENT_POD_REPLICA_COUNT | 200
K8S-02841 | prod-api | 3 | 42.5 | 1200 | CLUSTER_HEALTH_NOMINAL | RETAIN_CURRENT_POD_REPLICA_COUNT | 200
K8S-02842 | prod-api | 3 | 42.5 | 1200 | CLUSTER_HEALTH_NOMINAL | RETAIN_CURRENT_POD_REPLICA_COUNT | 200
K8S-02843 | prod-api | 3 | 89.8 | 8500 | RESOURCE_SATURATION_WARNING | TRIGGER_DYNAMIC_HORIZONTAL_POD_AUTOSCALING | 202
K8S-02844 | prod-api | 3 | 89.8 | 8500 | RESOURCE_SATURATION_WARNING | TRIGGER_DYNAMIC_HORIZONTAL_POD_AUTOSCALING | 202
K8S-02845 | data-pipeline | 5 | 94.1 | 12000 | RESOURCE_SATURATION_WARNING | TRIGGER_DYNAMIC_HORIZONTAL_POD_AUTOSCALING | 202
K8S-02846 | prod-api | 3 | 42.5 | 1200 | CLUSTER_HEALTH_NOMINAL | RETAIN_CURRENT_POD_REPLICA_COUNT | 200
K8S-02847 | prod-api | 3 | 89.8 | 8500 | RESOURCE_SATURATION_WARNING | TRIGGER_DYNAMIC_HORIZONTAL_POD_AUTOSCALING | 202
K8S-02848 | prod-api | 3 | 89.8 | 8500 | RESOURCE_SATURATION_WARNING | TRIGGER_DYNAMIC_HORIZONTAL_POD_AUTOSCALING | 202
K8S-02849 | data-pipeline | 5 | 94.1 | 12000 | RESOURCE_SATURATION_WARNING | TRIGGER_DYNAMIC_HORIZONTAL_POD_AUTOSCALING | 202
K8S-02850 | prod-api | 3 | 89.8 | 8500 | RESOURCE_SATURATION_WARNING | TRIGGER_DYNAMIC_HORIZONTAL_POD_AUTOSCALING | 202
K8S-02851 | prod-api | 3 | 42.5 | 1200 | CLUSTER_HEALTH_NOMINAL | RETAIN_CURRENT_POD_REPLICA_COUNT | 200
K8S-02852 | prod-api | 3 | 42.5 | 1200 | CLUSTER_HEALTH_NOMINAL | RETAIN_CURRENT_POD_REPLICA_COUNT | 200
K8S-02853 | prod-api | 3 | 89.8 | 8500 | RESOURCE_SATURATION_WARNING | TRIGGER_DYNAMIC_HORIZONTAL_POD_AUTOSCALING | 202
K8S-02854 | auth-service | 2 | 15.2 | 350 | CLUSTER_HEALTH_NOMINAL | RETAIN_CURRENT_POD_REPLICA_COUNT | 200
K8S-02855 | prod-api | 3 | 89.8 | 8500 | RESOURCE_SATURATION_WARNING | TRIGGER_DYNAMIC_HORIZONTAL_POD_AUTOSCALING | 202
K8S-02856 | data-pipeline | 5 | 94.1 | 12000 | RESOURCE_SATURATION_WARNING | TRIGGER_DYNAMIC_HORIZONTAL_POD_AUTOSCALING | 202
K8S-02857 | prod-api | 3 | 89.8 | 8500 | RESOURCE_SATURATION_WARNING | TRIGGER_DYNAMIC_HORIZONTAL_POD_AUTOSCALING | 202
K8S-02858 | prod-api | 3 | 42.5 | 1200 | CLUSTER_HEALTH_NOMINAL | RETAIN_CURRENT_POD_REPLICA_COUNT | 200
K8S-02859 | prod-api | 3 | 42.5 | 1200 | CLUSTER_HEALTH_NOMINAL | RETAIN_CURRENT_POD_REPLICA_COUNT | 200
K8S-02860 | data-pipeline | 5 | 94.1 | 12000 | RESOURCE_SATURATION_WARNING | TRIGGER_DYNAMIC_HORIZONTAL_POD_AUTOSCALING | 202
K8S-02861 | data-pipeline | 5 | 94.1 | 12000 | RESOURCE_SATURATION_WARNING | TRIGGER_DYNAMIC_HORIZONTAL_POD_AUTOSCALING | 202
K8S-02862 | prod-api | 3 | 42.5 | 1200 | CLUSTER_HEALTH_NOMINAL | RETAIN_CURRENT_POD_REPLICA_COUNT | 200
K8S-02863 | prod-api | 3 | 89.8 | 8500 | RESOURCE_SATURATION_WARNING | TRIGGER_DYNAMIC_HORIZONTAL_POD_AUTOSCALING | 202
K8S-02864 | data-pipeline | 5 | 94.1 | 12000 | RESOURCE_SATURATION_WARNING | TRIGGER_DYNAMIC_HORIZONTAL_POD_AUTOSCALING | 202
K8S-02865 | prod-api | 3 | 89.8 | 8500 | RESOURCE_SATURATION_WARNING | TRIGGER_DYNAMIC_HORIZONTAL_POD_AUTOSCALING | 202
K8S-02866 | prod-api | 3 | 42.5 | 1200 | CLUSTER_HEALTH_NOMINAL | RETAIN_CURRENT_POD_REPLICA_COUNT | 200
K8S-02867 | data-pipeline | 5 | 94.1 | 12000 | RESOURCE_SATURATION_WARNING | TRIGGER_DYNAMIC_HORIZONTAL_POD_AUTOSCALING | 202
K8S-02868 | data-pipeline | 5 | 94.1 | 12000 | RESOURCE_SATURATION_WARNING | TRIGGER_DYNAMIC_HORIZONTAL_POD_AUTOSCALING | 202
K8S-02869 | prod-api | 3 | 42.5 | 1200 | CLUSTER_HEALTH_NOMINAL | RETAIN_CURRENT_POD_REPLICA_COUNT | 200
K8S-02870 | data-pipeline | 5 | 94.1 | 12000 | RESOURCE_SATURATION_WARNING | TRIGGER_DYNAMIC_HORIZONTAL_POD_AUTOSCALING | 202
K8S-02871 | prod-api | 3 | 42.5 | 1200 | CLUSTER_HEALTH_NOMINAL | RETAIN_CURRENT_POD_REPLICA_COUNT | 200
K8S-02872 | prod-api | 3 | 42.5 | 1200 | CLUSTER_HEALTH_NOMINAL | RETAIN_CURRENT_POD_REPLICA_COUNT | 200
K8S-02873 | auth-service | 2 | 15.2 | 350 | CLUSTER_HEALTH_NOMINAL | RETAIN_CURRENT_POD_REPLICA_COUNT | 200
K8S-02874 | data-pipeline | 5 | 94.1 | 12000 | RESOURCE_SATURATION_WARNING | TRIGGER_DYNAMIC_HORIZONTAL_POD_AUTOSCALING | 202
K8S-02875 | data-pipeline | 5 | 94.1 | 12000 | RESOURCE_SATURATION_WARNING | TRIGGER_DYNAMIC_HORIZONTAL_POD_AUTOSCALING | 202
K8S-02876 | auth-service | 2 | 15.2 | 350 | CLUSTER_HEALTH_NOMINAL | RETAIN_CURRENT_POD_REPLICA_COUNT | 200
K8S-02877 | auth-service | 2 | 15.2 | 350 | CLUSTER_HEALTH_NOMINAL | RETAIN_CURRENT_POD_REPLICA_COUNT | 200
K8S-02878 | prod-api | 3 | 42.5 | 1200 | CLUSTER_HEALTH_NOMINAL | RETAIN_CURRENT_POD_REPLICA_COUNT | 200
K8S-02879 | prod-api | 3 | 42.5 | 1200 | CLUSTER_HEALTH_NOMINAL | RETAIN_CURRENT_POD_REPLICA_COUNT | 200
K8S-02880 | data-pipeline | 5 | 94.1 | 12000 | RESOURCE_SATURATION_WARNING | TRIGGER_DYNAMIC_HORIZONTAL_POD_AUTOSCALING | 202
K8S-02881 | prod-api | 3 | 42.5 | 1200 | CLUSTER_HEALTH_NOMINAL | RETAIN_CURRENT_POD_REPLICA_COUNT | 200
K8S-02882 | auth-service | 2 | 15.2 | 350 | CLUSTER_HEALTH_NOMINAL | RETAIN_CURRENT_POD_REPLICA_COUNT | 200
K8S-02883 | prod-api | 3 | 89.8 | 8500 | RESOURCE_SATURATION_WARNING | TRIGGER_DYNAMIC_HORIZONTAL_POD_AUTOSCALING | 202
K8S-02884 | prod-api | 3 | 89.8 | 8500 | RESOURCE_SATURATION_WARNING | TRIGGER_DYNAMIC_HORIZONTAL_POD_AUTOSCALING | 202
K8S-02885 | auth-service | 2 | 15.2 | 350 | CLUSTER_HEALTH_NOMINAL | RETAIN_CURRENT_POD_REPLICA_COUNT | 200
K8S-02886 | prod-api | 3 | 89.8 | 8500 | RESOURCE_SATURATION_WARNING | TRIGGER_DYNAMIC_HORIZONTAL_POD_AUTOSCALING | 202
K8S-02887 | prod-api | 3 | 89.8 | 8500 | RESOURCE_SATURATION_WARNING | TRIGGER_DYNAMIC_HORIZONTAL_POD_AUTOSCALING | 202
K8S-02888 | auth-service | 2 | 15.2 | 350 | CLUSTER_HEALTH_NOMINAL | RETAIN_CURRENT_POD_REPLICA_COUNT | 200
K8S-02889 | prod-api | 3 | 42.5 | 1200 | CLUSTER_HEALTH_NOMINAL | RETAIN_CURRENT_POD_REPLICA_COUNT | 200
K8S-02890 | auth-service | 2 | 15.2 | 350 | CLUSTER_HEALTH_NOMINAL | RETAIN_CURRENT_POD_REPLICA_COUNT | 200
K8S-02891 | prod-api | 3 | 89.8 | 8500 | RESOURCE_SATURATION_WARNING | TRIGGER_DYNAMIC_HORIZONTAL_POD_AUTOSCALING | 202
K8S-02892 | prod-api | 3 | 42.5 | 1200 | CLUSTER_HEALTH_NOMINAL | RETAIN_CURRENT_POD_REPLICA_COUNT | 200
K8S-02893 | data-pipeline | 5 | 94.1 | 12000 | RESOURCE_SATURATION_WARNING | TRIGGER_DYNAMIC_HORIZONTAL_POD_AUTOSCALING | 202
K8S-02894 | auth-service | 2 | 15.2 | 350 | CLUSTER_HEALTH_NOMINAL | RETAIN_CURRENT_POD_REPLICA_COUNT | 200
K8S-02895 | prod-api | 3 | 42.5 | 1200 | CLUSTER_HEALTH_NOMINAL | RETAIN_CURRENT_POD_REPLICA_COUNT | 200
K8S-02896 | prod-api | 3 | 89.8 | 8500 | RESOURCE_SATURATION_WARNING | TRIGGER_DYNAMIC_HORIZONTAL_POD_AUTOSCALING | 202
K8S-02897 | prod-api | 3 | 42.5 | 1200 | CLUSTER_HEALTH_NOMINAL | RETAIN_CURRENT_POD_REPLICA_COUNT | 200
K8S-02898 | prod-api | 3 | 42.5 | 1200 | CLUSTER_HEALTH_NOMINAL | RETAIN_CURRENT_POD_REPLICA_COUNT | 200
K8S-02899 | prod-api | 3 | 89.8 | 8500 | RESOURCE_SATURATION_WARNING | TRIGGER_DYNAMIC_HORIZONTAL_POD_AUTOSCALING | 202
K8S-02900 | prod-api | 3 | 89.8 | 8500 | RESOURCE_SATURATION_WARNING | TRIGGER_DYNAMIC_HORIZONTAL_POD_AUTOSCALING | 202
K8S-02901 | prod-api | 3 | 42.5 | 1200 | CLUSTER_HEALTH_NOMINAL | RETAIN_CURRENT_POD_REPLICA_COUNT | 200
K8S-02902 | auth-service | 2 | 15.2 | 350 | CLUSTER_HEALTH_NOMINAL | RETAIN_CURRENT_POD_REPLICA_COUNT | 200
K8S-02903 | data-pipeline | 5 | 94.1 | 12000 | RESOURCE_SATURATION_WARNING | TRIGGER_DYNAMIC_HORIZONTAL_POD_AUTOSCALING | 202
K8S-02904 | data-pipeline | 5 | 94.1 | 12000 | RESOURCE_SATURATION_WARNING | TRIGGER_DYNAMIC_HORIZONTAL_POD_AUTOSCALING | 202
K8S-02905 | prod-api | 3 | 89.8 | 8500 | RESOURCE_SATURATION_WARNING | TRIGGER_DYNAMIC_HORIZONTAL_POD_AUTOSCALING | 202
K8S-02906 | auth-service | 2 | 15.2 | 350 | CLUSTER_HEALTH_NOMINAL | RETAIN_CURRENT_POD_REPLICA_COUNT | 200
K8S-02907 | data-pipeline | 5 | 94.1 | 12000 | RESOURCE_SATURATION_WARNING | TRIGGER_DYNAMIC_HORIZONTAL_POD_AUTOSCALING | 202
K8S-02908 | prod-api | 3 | 42.5 | 1200 | CLUSTER_HEALTH_NOMINAL | RETAIN_CURRENT_POD_REPLICA_COUNT | 200
K8S-02909 | prod-api | 3 | 89.8 | 8500 | RESOURCE_SATURATION_WARNING | TRIGGER_DYNAMIC_HORIZONTAL_POD_AUTOSCALING | 202
K8S-02910 | data-pipeline | 5 | 94.1 | 12000 | RESOURCE_SATURATION_WARNING | TRIGGER_DYNAMIC_HORIZONTAL_POD_AUTOSCALING | 202
K8S-02911 | prod-api | 3 | 89.8 | 8500 | RESOURCE_SATURATION_WARNING | TRIGGER_DYNAMIC_HORIZONTAL_POD_AUTOSCALING | 202
K8S-02912 | auth-service | 2 | 15.2 | 350 | CLUSTER_HEALTH_NOMINAL | RETAIN_CURRENT_POD_REPLICA_COUNT | 200
K8S-02913 | auth-service | 2 | 15.2 | 350 | CLUSTER_HEALTH_NOMINAL | RETAIN_CURRENT_POD_REPLICA_COUNT | 200
K8S-02914 | data-pipeline | 5 | 94.1 | 12000 | RESOURCE_SATURATION_WARNING | TRIGGER_DYNAMIC_HORIZONTAL_POD_AUTOSCALING | 202
K8S-02915 | auth-service | 2 | 15.2 | 350 | CLUSTER_HEALTH_NOMINAL | RETAIN_CURRENT_POD_REPLICA_COUNT | 200
K8S-02916 | data-pipeline | 5 | 94.1 | 12000 | RESOURCE_SATURATION_WARNING | TRIGGER_DYNAMIC_HORIZONTAL_POD_AUTOSCALING | 202
K8S-02917 | auth-service | 2 | 15.2 | 350 | CLUSTER_HEALTH_NOMINAL | RETAIN_CURRENT_POD_REPLICA_COUNT | 200
K8S-02918 | data-pipeline | 5 | 94.1 | 12000 | RESOURCE_SATURATION_WARNING | TRIGGER_DYNAMIC_HORIZONTAL_POD_AUTOSCALING | 202
K8S-02919 | data-pipeline | 5 | 94.1 | 12000 | RESOURCE_SATURATION_WARNING | TRIGGER_DYNAMIC_HORIZONTAL_POD_AUTOSCALING | 202
K8S-02920 | prod-api | 3 | 89.8 | 8500 | RESOURCE_SATURATION_WARNING | TRIGGER_DYNAMIC_HORIZONTAL_POD_AUTOSCALING | 202
K8S-02921 | prod-api | 3 | 42.5 | 1200 | CLUSTER_HEALTH_NOMINAL | RETAIN_CURRENT_POD_REPLICA_COUNT | 200
K8S-02922 | prod-api | 3 | 42.5 | 1200 | CLUSTER_HEALTH_NOMINAL | RETAIN_CURRENT_POD_REPLICA_COUNT | 200
K8S-02923 | data-pipeline | 5 | 94.1 | 12000 | RESOURCE_SATURATION_WARNING | TRIGGER_DYNAMIC_HORIZONTAL_POD_AUTOSCALING | 202
K8S-02924 | prod-api | 3 | 42.5 | 1200 | CLUSTER_HEALTH_NOMINAL | RETAIN_CURRENT_POD_REPLICA_COUNT | 200
K8S-02925 | prod-api | 3 | 42.5 | 1200 | CLUSTER_HEALTH_NOMINAL | RETAIN_CURRENT_POD_REPLICA_COUNT | 200
K8S-02926 | prod-api | 3 | 42.5 | 1200 | CLUSTER_HEALTH_NOMINAL | RETAIN_CURRENT_POD_REPLICA_COUNT | 200
K8S-02927 | prod-api | 3 | 42.5 | 1200 | CLUSTER_HEALTH_NOMINAL | RETAIN_CURRENT_POD_REPLICA_COUNT | 200
K8S-02928 | data-pipeline | 5 | 94.1 | 12000 | RESOURCE_SATURATION_WARNING | TRIGGER_DYNAMIC_HORIZONTAL_POD_AUTOSCALING | 202
K8S-02929 | prod-api | 3 | 89.8 | 8500 | RESOURCE_SATURATION_WARNING | TRIGGER_DYNAMIC_HORIZONTAL_POD_AUTOSCALING | 202
K8S-02930 | data-pipeline | 5 | 94.1 | 12000 | RESOURCE_SATURATION_WARNING | TRIGGER_DYNAMIC_HORIZONTAL_POD_AUTOSCALING | 202
K8S-02931 | prod-api | 3 | 42.5 | 1200 | CLUSTER_HEALTH_NOMINAL | RETAIN_CURRENT_POD_REPLICA_COUNT | 200
K8S-02932 | auth-service | 2 | 15.2 | 350 | CLUSTER_HEALTH_NOMINAL | RETAIN_CURRENT_POD_REPLICA_COUNT | 200
K8S-02933 | prod-api | 3 | 42.5 | 1200 | CLUSTER_HEALTH_NOMINAL | RETAIN_CURRENT_POD_REPLICA_COUNT | 200
K8S-02934 | prod-api | 3 | 89.8 | 8500 | RESOURCE_SATURATION_WARNING | TRIGGER_DYNAMIC_HORIZONTAL_POD_AUTOSCALING | 202
K8S-02935 | data-pipeline | 5 | 94.1 | 12000 | RESOURCE_SATURATION_WARNING | TRIGGER_DYNAMIC_HORIZONTAL_POD_AUTOSCALING | 202
K8S-02936 | data-pipeline | 5 | 94.1 | 12000 | RESOURCE_SATURATION_WARNING | TRIGGER_DYNAMIC_HORIZONTAL_POD_AUTOSCALING | 202
K8S-02937 | prod-api | 3 | 89.8 | 8500 | RESOURCE_SATURATION_WARNING | TRIGGER_DYNAMIC_HORIZONTAL_POD_AUTOSCALING | 202
K8S-02938 | prod-api | 3 | 89.8 | 8500 | RESOURCE_SATURATION_WARNING | TRIGGER_DYNAMIC_HORIZONTAL_POD_AUTOSCALING | 202
K8S-02939 | prod-api | 3 | 89.8 | 8500 | RESOURCE_SATURATION_WARNING | TRIGGER_DYNAMIC_HORIZONTAL_POD_AUTOSCALING | 202
K8S-02940 | auth-service | 2 | 15.2 | 350 | CLUSTER_HEALTH_NOMINAL | RETAIN_CURRENT_POD_REPLICA_COUNT | 200
K8S-02941 | prod-api | 3 | 89.8 | 8500 | RESOURCE_SATURATION_WARNING | TRIGGER_DYNAMIC_HORIZONTAL_POD_AUTOSCALING | 202
K8S-02942 | data-pipeline | 5 | 94.1 | 12000 | RESOURCE_SATURATION_WARNING | TRIGGER_DYNAMIC_HORIZONTAL_POD_AUTOSCALING | 202
K8S-02943 | data-pipeline | 5 | 94.1 | 12000 | RESOURCE_SATURATION_WARNING | TRIGGER_DYNAMIC_HORIZONTAL_POD_AUTOSCALING | 202
K8S-02944 | prod-api | 3 | 42.5 | 1200 | CLUSTER_HEALTH_NOMINAL | RETAIN_CURRENT_POD_REPLICA_COUNT | 200
K8S-02945 | prod-api | 3 | 42.5 | 1200 | CLUSTER_HEALTH_NOMINAL | RETAIN_CURRENT_POD_REPLICA_COUNT | 200
K8S-02946 | data-pipeline | 5 | 94.1 | 12000 | RESOURCE_SATURATION_WARNING | TRIGGER_DYNAMIC_HORIZONTAL_POD_AUTOSCALING | 202
K8S-02947 | data-pipeline | 5 | 94.1 | 12000 | RESOURCE_SATURATION_WARNING | TRIGGER_DYNAMIC_HORIZONTAL_POD_AUTOSCALING | 202
K8S-02948 | prod-api | 3 | 89.8 | 8500 | RESOURCE_SATURATION_WARNING | TRIGGER_DYNAMIC_HORIZONTAL_POD_AUTOSCALING | 202
K8S-02949 | data-pipeline | 5 | 94.1 | 12000 | RESOURCE_SATURATION_WARNING | TRIGGER_DYNAMIC_HORIZONTAL_POD_AUTOSCALING | 202
K8S-02950 | prod-api | 3 | 89.8 | 8500 | RESOURCE_SATURATION_WARNING | TRIGGER_DYNAMIC_HORIZONTAL_POD_AUTOSCALING | 202
K8S-02951 | data-pipeline | 5 | 94.1 | 12000 | RESOURCE_SATURATION_WARNING | TRIGGER_DYNAMIC_HORIZONTAL_POD_AUTOSCALING | 202
K8S-02952 | data-pipeline | 5 | 94.1 | 12000 | RESOURCE_SATURATION_WARNING | TRIGGER_DYNAMIC_HORIZONTAL_POD_AUTOSCALING | 202
K8S-02953 | data-pipeline | 5 | 94.1 | 12000 | RESOURCE_SATURATION_WARNING | TRIGGER_DYNAMIC_HORIZONTAL_POD_AUTOSCALING | 202
K8S-02954 | data-pipeline | 5 | 94.1 | 12000 | RESOURCE_SATURATION_WARNING | TRIGGER_DYNAMIC_HORIZONTAL_POD_AUTOSCALING | 202
K8S-02955 | prod-api | 3 | 42.5 | 1200 | CLUSTER_HEALTH_NOMINAL | RETAIN_CURRENT_POD_REPLICA_COUNT | 200
K8S-02956 | data-pipeline | 5 | 94.1 | 12000 | RESOURCE_SATURATION_WARNING | TRIGGER_DYNAMIC_HORIZONTAL_POD_AUTOSCALING | 202
K8S-02957 | prod-api | 3 | 89.8 | 8500 | RESOURCE_SATURATION_WARNING | TRIGGER_DYNAMIC_HORIZONTAL_POD_AUTOSCALING | 202
K8S-02958 | data-pipeline | 5 | 94.1 | 12000 | RESOURCE_SATURATION_WARNING | TRIGGER_DYNAMIC_HORIZONTAL_POD_AUTOSCALING | 202
K8S-02959 | prod-api | 3 | 89.8 | 8500 | RESOURCE_SATURATION_WARNING | TRIGGER_DYNAMIC_HORIZONTAL_POD_AUTOSCALING | 202
K8S-02960 | prod-api | 3 | 42.5 | 1200 | CLUSTER_HEALTH_NOMINAL | RETAIN_CURRENT_POD_REPLICA_COUNT | 200
K8S-02961 | data-pipeline | 5 | 94.1 | 12000 | RESOURCE_SATURATION_WARNING | TRIGGER_DYNAMIC_HORIZONTAL_POD_AUTOSCALING | 202
K8S-02962 | auth-service | 2 | 15.2 | 350 | CLUSTER_HEALTH_NOMINAL | RETAIN_CURRENT_POD_REPLICA_COUNT | 200
K8S-02963 | prod-api | 3 | 89.8 | 8500 | RESOURCE_SATURATION_WARNING | TRIGGER_DYNAMIC_HORIZONTAL_POD_AUTOSCALING | 202
K8S-02964 | auth-service | 2 | 15.2 | 350 | CLUSTER_HEALTH_NOMINAL | RETAIN_CURRENT_POD_REPLICA_COUNT | 200
K8S-02965 | prod-api | 3 | 89.8 | 8500 | RESOURCE_SATURATION_WARNING | TRIGGER_DYNAMIC_HORIZONTAL_POD_AUTOSCALING | 202
K8S-02966 | auth-service | 2 | 15.2 | 350 | CLUSTER_HEALTH_NOMINAL | RETAIN_CURRENT_POD_REPLICA_COUNT | 200
K8S-02967 | prod-api | 3 | 89.8 | 8500 | RESOURCE_SATURATION_WARNING | TRIGGER_DYNAMIC_HORIZONTAL_POD_AUTOSCALING | 202
K8S-02968 | prod-api | 3 | 89.8 | 8500 | RESOURCE_SATURATION_WARNING | TRIGGER_DYNAMIC_HORIZONTAL_POD_AUTOSCALING | 202
K8S-02969 | auth-service | 2 | 15.2 | 350 | CLUSTER_HEALTH_NOMINAL | RETAIN_CURRENT_POD_REPLICA_COUNT | 200
K8S-02970 | prod-api | 3 | 89.8 | 8500 | RESOURCE_SATURATION_WARNING | TRIGGER_DYNAMIC_HORIZONTAL_POD_AUTOSCALING | 202
K8S-02971 | prod-api | 3 | 89.8 | 8500 | RESOURCE_SATURATION_WARNING | TRIGGER_DYNAMIC_HORIZONTAL_POD_AUTOSCALING | 202
K8S-02972 | data-pipeline | 5 | 94.1 | 12000 | RESOURCE_SATURATION_WARNING | TRIGGER_DYNAMIC_HORIZONTAL_POD_AUTOSCALING | 202
K8S-02973 | prod-api | 3 | 89.8 | 8500 | RESOURCE_SATURATION_WARNING | TRIGGER_DYNAMIC_HORIZONTAL_POD_AUTOSCALING | 202
K8S-02974 | data-pipeline | 5 | 94.1 | 12000 | RESOURCE_SATURATION_WARNING | TRIGGER_DYNAMIC_HORIZONTAL_POD_AUTOSCALING | 202
K8S-02975 | data-pipeline | 5 | 94.1 | 12000 | RESOURCE_SATURATION_WARNING | TRIGGER_DYNAMIC_HORIZONTAL_POD_AUTOSCALING | 202
K8S-02976 | auth-service | 2 | 15.2 | 350 | CLUSTER_HEALTH_NOMINAL | RETAIN_CURRENT_POD_REPLICA_COUNT | 200
K8S-02977 | prod-api | 3 | 89.8 | 8500 | RESOURCE_SATURATION_WARNING | TRIGGER_DYNAMIC_HORIZONTAL_POD_AUTOSCALING | 202
K8S-02978 | prod-api | 3 | 42.5 | 1200 | CLUSTER_HEALTH_NOMINAL | RETAIN_CURRENT_POD_REPLICA_COUNT | 200
K8S-02979 | auth-service | 2 | 15.2 | 350 | CLUSTER_HEALTH_NOMINAL | RETAIN_CURRENT_POD_REPLICA_COUNT | 200
K8S-02980 | auth-service | 2 | 15.2 | 350 | CLUSTER_HEALTH_NOMINAL | RETAIN_CURRENT_POD_REPLICA_COUNT | 200
K8S-02981 | data-pipeline | 5 | 94.1 | 12000 | RESOURCE_SATURATION_WARNING | TRIGGER_DYNAMIC_HORIZONTAL_POD_AUTOSCALING | 202
K8S-02982 | prod-api | 3 | 42.5 | 1200 | CLUSTER_HEALTH_NOMINAL | RETAIN_CURRENT_POD_REPLICA_COUNT | 200
K8S-02983 | prod-api | 3 | 89.8 | 8500 | RESOURCE_SATURATION_WARNING | TRIGGER_DYNAMIC_HORIZONTAL_POD_AUTOSCALING | 202
K8S-02984 | prod-api | 3 | 42.5 | 1200 | CLUSTER_HEALTH_NOMINAL | RETAIN_CURRENT_POD_REPLICA_COUNT | 200
K8S-02985 | prod-api | 3 | 89.8 | 8500 | RESOURCE_SATURATION_WARNING | TRIGGER_DYNAMIC_HORIZONTAL_POD_AUTOSCALING | 202
K8S-02986 | prod-api | 3 | 42.5 | 1200 | CLUSTER_HEALTH_NOMINAL | RETAIN_CURRENT_POD_REPLICA_COUNT | 200
K8S-02987 | auth-service | 2 | 15.2 | 350 | CLUSTER_HEALTH_NOMINAL | RETAIN_CURRENT_POD_REPLICA_COUNT | 200
K8S-02988 | auth-service | 2 | 15.2 | 350 | CLUSTER_HEALTH_NOMINAL | RETAIN_CURRENT_POD_REPLICA_COUNT | 200
K8S-02989 | prod-api | 3 | 42.5 | 1200 | CLUSTER_HEALTH_NOMINAL | RETAIN_CURRENT_POD_REPLICA_COUNT | 200
K8S-02990 | prod-api | 3 | 89.8 | 8500 | RESOURCE_SATURATION_WARNING | TRIGGER_DYNAMIC_HORIZONTAL_POD_AUTOSCALING | 202
K8S-02991 | prod-api | 3 | 89.8 | 8500 | RESOURCE_SATURATION_WARNING | TRIGGER_DYNAMIC_HORIZONTAL_POD_AUTOSCALING | 202
K8S-02992 | auth-service | 2 | 15.2 | 350 | CLUSTER_HEALTH_NOMINAL | RETAIN_CURRENT_POD_REPLICA_COUNT | 200
K8S-02993 | data-pipeline | 5 | 94.1 | 12000 | RESOURCE_SATURATION_WARNING | TRIGGER_DYNAMIC_HORIZONTAL_POD_AUTOSCALING | 202
K8S-02994 | prod-api | 3 | 42.5 | 1200 | CLUSTER_HEALTH_NOMINAL | RETAIN_CURRENT_POD_REPLICA_COUNT | 200
K8S-02995 | prod-api | 3 | 89.8 | 8500 | RESOURCE_SATURATION_WARNING | TRIGGER_DYNAMIC_HORIZONTAL_POD_AUTOSCALING | 202
K8S-02996 | data-pipeline | 5 | 94.1 | 12000 | RESOURCE_SATURATION_WARNING | TRIGGER_DYNAMIC_HORIZONTAL_POD_AUTOSCALING | 202
K8S-02997 | data-pipeline | 5 | 94.1 | 12000 | RESOURCE_SATURATION_WARNING | TRIGGER_DYNAMIC_HORIZONTAL_POD_AUTOSCALING | 202
K8S-02998 | prod-api | 3 | 89.8 | 8500 | RESOURCE_SATURATION_WARNING | TRIGGER_DYNAMIC_HORIZONTAL_POD_AUTOSCALING | 202
K8S-02999 | prod-api | 3 | 89.8 | 8500 | RESOURCE_SATURATION_WARNING | TRIGGER_DYNAMIC_HORIZONTAL_POD_AUTOSCALING | 202
K8S-03000 | prod-api | 3 | 42.5 | 1200 | CLUSTER_HEALTH_NOMINAL | RETAIN_CURRENT_POD_REPLICA_COUNT | 200
